Ext.1(Strain)	Stress	
%	        N/mm2
0	        3.522054
0.001042763	3.522054
-0.000756844	3.522054
0.003473074	3.755166
0.000311147	3.754648
0.000437288	3.760864
0.000311147	3.756202
-0.000428878	3.757756
0.000168188	3.791428
0.001925748	3.938547
0.00136232	4.169068
0.000647522	4.423419
0.001345501	4.675696
0.002640545	4.862704
0.001337091	5.031062
0.000386832	5.19683
-0.000260691	5.358454
-0.000370013	5.499875
0.000824119	5.602962
0.002665773	5.673932
0.00326284	5.72677
0.00027751	5.794114
0.001648239	5.824677
0.002009842	5.861975
0.003229202	5.882696
0.002009842	5.931908
0.000470925	5.924656
0.000941851	5.984229
0.000437288	5.97076
0.002421902	6.001842
0.001118448	6.035513
-0.00067275	6.072293
0.003094652	6.087316
0.002413492	6.111145
0.004625159	6.145853
0.002926464	6.186258
0.003817859	6.214232
0.002674183	6.255156
0.001824835	6.302814
0.000327966	6.325089
0.001808017	6.366014
-0.000613885	6.398131
0.001555735	6.442681
0.001858473	6.487232
0.001715513	6.529709
0.00068116	6.568561
-0.000176597	6.587729
0.000655932	6.631242
-0.000210235	6.674757
0.000740026	6.696514
0.000647522	6.801155
-0.00027751	6.931179
0.000798891	7.074672
0.002405083	7.196408
0.00109322	7.323842
0.0005382	7.453867
0.000437288	7.595806
0.001715513	7.775043
0.003843087	7.914391
0.004171052	8.110205
0.005911794	8.264059
0.005651103	8.45521
0.005768835	8.649987
0.004650387	8.849427
0.007089107	9.144702
0.007980501	9.540991
0.007240477	9.96629
0.005575419	10.37864
0.00651727	10.77907
0.007517986	11.17692
0.007543214	11.51104
0.008367333	11.99747
0.00814028	12.6595
0.008014139	13.38785
0.0103099	14.11308
0.01095742	14.85023
0.01326159	15.60137
0.01327	16.41415
0.01140312	17.22486
0.01348865	18.04749
0.01790357	18.93227
0.0169449	19.81033
0.01610396	20.67336
0.0169449	21.5944
0.01944249	22.488
0.0198125	23.41423
0.01886224	24.33579
0.01894633	25.27446
0.02325194	26.21001
0.02353786	27.14297
0.02385741	28.11479
0.02289874	29.08142
0.02446289	30.05169
0.02619522	31.02454
0.02602703	32.01189
0.02237736	32.99044
0.02424424	33.98971
0.02616158	34.99054
0.02784346	36.02452
0.02773413	37.0269
0.02923101	38.05725
0.03044195	39.05911
0.0313754	40.0962
0.02982807	41.12862
0.03163609	42.15846
0.02918896	43.18
0.03078674	44.2202
0.03274613	45.24434
0.03288068	46.25034
0.03383094	47.30349
0.03220792	48.29084
0.03464665	49.30928
0.03491575	50.31373
0.03501666	51.32232
0.03510075	52.29725
0.04003706	53.24938
0.03930544	54.22586
0.03730401	55.15882
0.03846451	56.11406
0.04155075	56.97657
0.03875883	57.85618
0.04167689	58.69382
0.04075186	59.51075
0.04189553	60.29711
0.04186189	61.03478
0.04206372	61.77504
0.04334195	62.52411
0.04135733	63.24364
0.04278693	63.95593
0.04360264	64.65785
0.0449145	65.35356
0.04729435	66.04098
0.04830348	66.63464
0.04849689	67.12831
0.04708412	67.53134
0.04664683	68.01206
0.0466216	68.55858
0.0459068	69.13566
0.04730276	69.69099
0.04747936	70.25874
0.04906873	70.83737
0.04842121	71.38182
0.04959011	71.94492
0.04959852	72.4505
0.04887532	72.99909
0.051457	73.51401
0.04932101	73.98646
0.05212975	74.51897
0.05430778	75.0023
0.05619989	75.52187
0.05789858	75.9995
0.05312205	76.50406
0.05220543	76.96458
0.05261749	77.45878
0.05302114	77.91516
0.05303796	78.41764
0.05192792	78.86056
0.05287818	79.32574
0.05446756	79.79403
0.05318933	80.24316
0.05378639	80.68763
0.05651944	81.15178
0.06014389	81.57603
0.05143177	82.04123
0.05524122	82.48155
0.05483757	82.90115
0.05431619	83.34354
0.05933659	83.79578
0.05841156	84.22936
0.05921045	84.67072
0.06054754	85.10587
0.05790699	85.53997
0.05511508	85.94714
0.05684741	86.35741
0.05841996	86.77287
0.05901702	87.20646
0.05929454	87.62761
0.05762948	88.01509
0.06004297	88.45075
0.05850405	88.83306
0.06206122	89.26302
0.06253215	89.67226
0.06251533	90.07943
0.0612287	90.4954
0.06127915	90.89739
0.05980751	91.29472
0.06344877	91.70447
0.06286012	92.11578
0.06136324	92.50793
0.06191827	92.93219
0.06314603	93.32641
0.06381038	93.70612
0.06287693	94.08583
0.06343196	94.48161
0.06549225	94.87479
0.06527361	95.26331
0.07067243	95.65131
0.06702276	96.04346
0.06724981	96.41851
0.06793097	96.79977
0.06642569	97.19192
0.0629358	97.5882
0.06259942	97.94772
0.06518111	98.34245
0.06878873	98.7118
0.06636683	99.12208
0.06450836	99.4966
0.06423084	99.8815
0.06153144	100.2364
0.06459245	100.6409
0.06821689	101.0258
0.06808234	101.3921
0.06897373	101.7578
0.06789733	102.138
0.07077335	102.512
0.06890646	102.8959
0.06436539	103.2725
0.06837667	103.6356
0.07036969	104.0107
0.07134518	104.3723
0.07096676	104.7603
0.069924	105.1431
0.07148814	105.5104
0.07113495	105.8725
0.07089107	106.2631
0.07276636	106.6252
0.07338025	106.9826
0.07300183	107.3333
0.07592829	107.7203
0.07519668	108.0813
0.07515463	108.4471
0.07399414	108.7884
0.07613012	109.1702
0.07686173	109.5463
0.07561715	109.8758
0.07450711	110.2591
0.07600398	110.616
0.07650854	110.9885
0.07513782	111.3547
0.07726538	111.7184
0.07867816	112.0556
0.07852679	112.4307
0.07856884	112.798
0.07847634	113.1373
0.07969569	113.4968
0.08030117	113.8444
0.08098233	114.1961
0.08099074	114.552
0.08062072	114.9048
0.07925	115.2524
0.07870339	115.6051
0.08151212	115.9398
0.0812262	116.3138
0.08215123	116.6671
0.081756	117.0105
0.07965365	117.3763
0.08018344	117.6959
0.08183168	118.0678
0.08236988	118.4206
0.08353878	118.7646
0.08304263	119.1028
0.08420312	119.4597
0.08411903	119.7892
0.08559908	120.1171
0.08330332	120.4549
0.08469928	120.8082
0.0852627	121.1454
0.08667548	121.4868
0.08613728	121.8313
0.08707072	122.1732
0.08538885	122.5171
0.0865998	122.8487
0.08590182	123.2097
0.08722209	123.5485
0.08862645	123.8645
0.08934966	124.2188
0.08831531	124.5514
0.08860964	124.8783
0.0854393	125.2399
0.08822281	125.5574
0.09140155	125.9112
0.09160338	126.235
0.09206589	126.5572
0.08998036	126.8924
0.09068675	127.2348
0.09052698	127.5508
0.09266296	127.8751
0.09233499	128.217
0.09218363	128.5278
0.09421869	128.8935
0.09132587	129.1955
0.09074562	129.5395
0.09281433	129.8679
0.09152769	130.1948
0.09381504	130.5357
0.09422711	130.8475
0.09286478	131.1563
0.09461393	131.5007
0.09617808	131.8147
0.09703584	132.1203
0.09899522	132.4472
0.09621172	132.7611
0.09608558	133.0755
0.09704424	133.3838
0.0976245	133.7132
0.09589216	134.022
0.09738903	134.3416
0.09881022	134.6721
0.1008032	134.9995
0.1008705	135.3092
0.1019721	135.6227
0.1017451	135.9392
0.1037045	136.2448
0.1007191	136.5432
0.1010892	136.8757
0.101148	137.1705
0.1023337	137.4782
0.1010892	137.7746
0.1024935	138.1035
0.1036288	138.4096
0.104537	138.708
0.1045454	139.0245
0.1063366	139.3297
0.1074214	139.6394
0.1058236	139.9508
0.1062777	140.2445
0.107371	140.575
0.1088846	140.8894
0.1091706	141.1567
0.1061264	141.4634
0.1082287	141.7706
0.1085819	142.0467
0.1071607	142.371
0.1083801	142.631
0.1105161	142.946
0.1102217	143.2267
0.1094985	143.5096
0.1103395	143.8292
0.1106758	144.1064
0.1134425	144.3996
0.1150067	144.7016
0.1123157	144.9943
0.1153262	145.3077
0.1142078	145.591
0.1143003	145.8687
0.117437	146.1608
0.1142919	146.4437
0.1152085	146.7509
0.1160579	147.0239
0.117437	147.3
0.1166045	147.6056
0.1176725	147.8895
0.1174454	148.163
0.1192955	148.4516
0.1182779	148.7354
0.1171595	149.0199
0.11869	149.3042
0.1193291	149.6011
0.1188666	149.8627
0.1223733	150.1595
0.1216921	150.4387
0.1220369	150.7376
0.1231722	151.0334
0.1251316	151.2872
0.1229199	151.5623
0.1235842	151.8519
0.1245429	152.1332
0.1233488	152.4015
0.1258884	152.6667
0.1267462	152.9444
0.1277889	153.2303
0.1283776	153.4992
0.1286467	153.7815
0.1285206	154.0752
0.1273096	154.3462
0.1309256	154.6026
0.1314218	154.8818
0.1300006	155.147
0.132885	155.4097
0.1317498	155.7076
0.1286215	155.9717
0.1343819	156.2364
0.1352733	156.4996
0.136274	156.7695
0.1350378	157.0202
0.1374093	157.301
0.1378297	157.5641
0.1375606	157.819
0.1364422	158.091
0.1384604	158.3697
0.1412524	158.6168
0.1378718	158.8716
0.1316404	159.1301
0.1388893	159.4021
0.1435145	159.672
0.1427997	159.9144
0.1426231	160.1895
0.1415803	160.4568
0.1426483	160.7059
0.1426483	160.9722
0.1441284	161.2354
0.1457261	161.4903
0.1478705	161.7348
0.1461466	161.9782
0.1447759	162.2378
0.148661	162.4761
0.1524957	162.7221
0.150099	162.9573
0.1480556	163.2127
0.1508643	163.4639
0.1499477	163.7131
0.1512343	163.9488
0.1534628	164.1949
0.1507718	164.4109
0.1525293	164.6652
0.1533366	164.918
0.154699	165.1568
0.1567256	165.3946
0.1552287	165.6345
0.1537907	165.8484
0.1539169	166.081
0.156734	166.3131
0.1582814	166.5576
0.1614181	166.8094
0.1614265	167.0424
0.1632345	167.2642
0.1607201	167.5164
0.1621413	167.7464
0.1652696	167.9614
0.1643782	168.2132
0.1661273	168.4619
0.1679942	168.6799
0.1665057	168.9172
0.1686333	169.1575
0.1681456	169.3943
0.167456	169.6134
0.1678092	169.8315
0.1698863	170.0501
0.1716691	170.2967
0.1720727	170.5231
0.1712318	170.7443
0.1728548	170.996
0.1718036	171.2203
0.1747721	171.456
0.176639	171.6513
0.1781191	171.8917
0.1783125	172.1103
0.1813903	172.3201
0.1825172	172.5615
0.1828956	172.7889
0.1824835	173.0034
0.1795571	173.2142
0.1835347	173.437
0.1835852	173.6742
0.1808185	173.8928
0.1779761	174.113
0.1828872	174.3451
0.1850484	174.5372
0.185368	174.7517
0.1852839	174.9739
0.1891774	175.1988
0.191633	175.4049
0.188942	175.6329
0.1903715	175.8282
0.1946771	176.0312
0.1976036	176.2675
0.1973093	176.4938
0.1978559	176.6933
0.197797	176.9025
0.1983184	177.1237
0.1989659	177.3159
0.1989575	177.5201
0.2028427	177.7459
0.2043311	177.9422
0.2019513	178.1209
0.199933	178.352
0.2042807	178.5628
0.2032968	178.756
0.2044573	178.956
0.2059205	179.1611
0.2063241	179.3714
0.2103522	179.5714
0.2103102	179.7626
0.2102009	179.9775
0.2123284	180.1936
0.2139178	180.392
0.2143635	180.5738
0.2152885	180.7748
0.2167265	180.9747
0.2176852	181.1581
0.2194007	181.3638
0.2194512	181.5513
0.2201828	181.73
0.2224533	181.9632
0.221461	182.118
0.2224449	182.3237
0.2236979	182.533
0.2241857	182.7112
0.2253041	182.9065
0.2277681	183.1111
0.2266832	183.2908
0.228651	183.4664
0.2295593	183.6654
0.2310309	183.8622
0.2296518	184.0668
0.232881	184.2248
0.233436	184.4175
0.2336042	184.5999
0.2351599	184.7625
0.2372791	184.9604
0.2388432	185.1236
0.239415	185.3262
0.2388264	185.5007
0.2391712	185.6903
0.2411137	185.852
0.2420808	186.0566
0.2451334	186.2192
0.2464369	186.4197
0.2473115	186.5974
0.2465378	186.7828
0.2484299	186.9585
0.2500277	187.1434
0.2511545	187.3086
0.2518609	187.4889
0.2538455	187.6376
0.2547622	187.8417
0.2523823	187.9717
0.2541399	188.18
0.2568477	188.3592
0.2569402	188.5125
0.2590173	188.6918
0.2593201	188.8814
0.2618092	189.0228
0.2643741	189.2243
0.2640209	189.3823
0.2660896	189.5615
0.2680406	189.718
0.2704288	189.8884
0.2708913	190.0568
0.2716818	190.2106
0.2704709	190.4043
0.2734983	190.5525
0.2747849	190.71
0.2751381	190.8804
0.2755586	191.0472
0.2788298	191.2068
0.2784009	191.3627
0.2786532	191.5067
0.2781066	191.6922
0.2850023	191.8486
0.2852882	192.0237
0.2853891	192.1765
0.281832	192.3407
0.2836736	192.4816
0.2880886	192.6599
0.2906198	192.8246
0.2902498	192.9717
0.292638	193.124
0.294589	193.297
0.2957831	193.4529
0.2972295	193.5804
0.2955561	193.7498
0.2974902	193.8938
0.2995337	194.0595
0.2992226	194.2129
0.3048989	194.359
0.3007783	194.5107
0.30558	194.6801
0.3051344	194.8257
0.306749	194.9879
0.3100202	195.135
0.3083972	195.2971
0.3116012	195.4349
0.3106173	195.567
0.3109705	195.726
0.3127196	195.8732
0.3132999	195.9996
0.318993	196.1772
0.3187828	196.2948
0.3188416	196.4678
0.3222811	196.5917
0.3255523	196.7352
0.3259644	196.9113
0.3272174	197.0511
0.3257878	197.192
0.3282602	197.3381
0.3294711	197.4915
0.3326919	197.6376
0.3343233	197.7764
0.3361986	197.9333
0.336577	198.0561
0.3390662	198.2094
0.3405126	198.3431
0.3396212	198.4944
0.3400585	198.6228
0.3416815	198.758
0.3460039	198.9067
0.3464244	199.0253
0.3486108	199.1709
0.3494938	199.2947
0.3511925	199.432
0.351655	199.5858
0.3533958	199.7159
0.3552459	199.8407
0.3567764	199.9889
0.3567848	200.1329
0.3581471	200.2748
0.3602242	200.3986
0.3628227	200.524
0.3611745	200.6711
0.3639496	200.8048
0.3638486	200.9524
0.3685915	201.0695
0.3683224	201.1953
0.3712068	201.3306
0.3718712	201.4383
0.3727626	201.5823
0.3738558	201.7284
0.3765804	201.8475
0.377926	201.9864
0.3798517	202.1138
0.382467	202.2687
0.3817859	202.4008
0.38335	202.5132
0.3842498	202.6582
0.3829043	202.7624
0.3876388	202.9074
0.3898252	203.024
0.3908848	203.1623
0.3935085	203.2835
0.3937692	203.4187
0.3954511	203.5316
0.3980748	203.6632
0.397175	203.7948
0.4008079	203.9227
0.4009424	204.0549
0.4028009	204.175
0.4047183	204.2745
0.4056937	204.4232
0.4083427	204.5387
0.4110169	204.663
0.4112439	204.8226
0.4148936	204.9329
0.4151543	205.0624
0.4171389	205.1671
0.4158354	205.2903
0.4175425	205.4188
0.4178453	205.5286
0.4189301	205.6405
0.4210829	205.7742
0.4238664	205.9109
0.4254642	206.0337
0.4252623	206.1471
0.4297782	206.2534
0.4286345	206.3839
0.4290045	206.5108
0.4309807	206.6362
0.4318973	206.7719
0.4346977	206.877
0.4338651	207.0071
0.4379689	207.1345
0.4393649	207.2433
0.4421904	207.351
0.4438051	207.5002
0.4457308	207.5961
0.4458149	207.7121
0.446866	207.8085
0.4487329	207.9447
0.4520883	208.055
0.452534	208.1628
0.4530217	208.2949
0.4550147	208.3985
0.4564696	208.5425
0.457731	208.6611
0.4592867	208.7875
0.4625075	208.8999
0.4641557	209.0004
0.4647444	209.1289
0.4642146	209.2522
0.4654087	209.361
0.4683268	209.4739
0.467839	209.591
0.4669729	209.7044
0.4703451	209.8106
0.4741124	209.922
0.477308	210.0334
0.4781405	210.1644
0.4799822	210.2717
0.4811091	210.3887
0.4834048	210.5006
0.4847839	210.6343
0.4863144	210.7405
0.4849017	210.8482
0.4888709	210.9467
0.4888541	211.0907
0.4910826	211.1932
0.4934288	211.286
0.4956825	211.3973
0.4947154	211.5108
0.4955648	211.6424
0.4985922	211.7398
0.4955984	211.8361
0.4973812	211.9594
0.502553	212.0718
0.5045123	212.1625
0.5060344	212.2624
0.5093898	212.3873
0.5083807	212.5147
0.5124592	212.6059
0.5127451	212.7344
0.5143765	212.8281
0.5167984	212.9447
0.5176478	213.0623
0.5196829	213.156
0.5200276	213.2809
0.5225673	213.3912
0.5225168	213.4917
0.5231055	213.6
0.5249472	213.7124
0.5248547	213.7999
0.5284623	213.9061
0.5313972	214.0211
0.5338022	214.1387
0.5337854	214.2429
0.5376117	214.3408
0.5392431	214.4568
0.5409502	214.5816
0.5428171	214.6878
0.5431114	214.8008
0.5405045	214.9039
0.5377294	214.9836
0.540639	215.1028
0.5465088	215.1924
0.5525888	215.3017
0.5542454	215.4094
0.5540184	215.4887
0.5539847	215.6094
0.5551116	215.7109
0.557298	215.8373
0.5602077	215.9145
0.5615868	216.0098
0.5625371	216.1207
0.5655813	216.2378
0.5675322	216.3502
0.5682386	216.4393
0.5662624	216.5496
0.5687432	216.6372
0.5711819	216.7485
0.5740243	216.8568
0.5783635	216.9661
0.5804238	217.0599
0.5799445	217.1422
0.5818534	217.2583
0.5830308	217.366
0.5858395	217.465
0.5872018	217.5712
0.5880007	217.668
0.5896993	217.7452
0.5892453	217.8695
0.5912215	217.9664
0.5928782	218.0586
0.5967464	218.1861
0.5954093	218.2684
0.5973435	218.3793
0.6009595	218.4834
0.6038775	218.5725
0.6046344	218.6678
0.6062742	218.7699
0.6051978	218.8517
0.6074432	218.9502
0.6122786	219.0605
0.6144229	219.1496
0.6150789	219.2491
0.6150873	219.3361
0.618224	219.4392
0.6193004	219.5319
0.6204693	219.6283
0.6226726	219.7458
0.6231014	219.8323
0.6269866	219.9515
0.6284666	220.0328
0.6305437	220.109
0.6326208	220.2162
0.6323854	220.3291
0.6324358	220.4172
0.63363	220.4866
0.6359257	220.6063
0.6379103	220.699
0.6388942	220.7803
0.6413161	220.8767
0.6409966	220.9751
0.644024	221.0715
0.6452097	221.1647
0.647598	221.2668
0.6485398	221.3569
0.6487837	221.4703
0.6490107	221.5517
0.6497676	221.6651
0.6546113	221.7366
0.6548468	221.8304
0.6597158	221.9257
0.6635422	222.0231
0.6646942	222.0966
0.664156	222.2023
0.6645597	222.2981
0.667873	222.3758
0.6706649	222.4815
0.6697567	222.5712
0.670278	222.6706
0.6742893	222.768
0.6750377	222.8431
0.6764085	222.9509
0.6762319	223.0576
0.6798311	223.1389
0.6808991	223.2218
0.6816643	223.3171
0.6824212	223.4098
0.6875005	223.4844
0.6891066	223.5818
0.6920667	223.6828
0.6913435	223.7554
0.6916631	223.8595
0.6936898	223.9408
0.6977347	224.0284
0.7000641	224.1164
0.6990129	224.2107
0.7039071	224.2951
0.7080445	224.4044
0.7032849	224.4676
0.7049583	224.5743
0.7103572	224.6697
0.7119465	224.7546
0.7112906	224.8535
0.7124174	224.9582
0.7119129	225.04
0.7167651	225.1266
0.7159494	225.2141
0.7220546	225.2872
0.7168492	225.3747
0.7254435	225.4488
0.7257631	225.5472
0.7155037	225.6347
0.7117279	225.7233
0.7254099	225.8212
0.7285971	225.914
0.719044	225.9896
0.7248213	226.0875
0.7389406	226.1533
0.7444404	226.2636
0.7499485	226.3527
0.7421614	226.4294
0.7465848	226.5392
0.7429098	226.6154
0.744432	226.6895
0.7466016	226.7713
0.7529423	226.8666
0.7498813	226.9298
0.7492841	227.0236
0.7507222	227.1163
0.7540523	227.1779
0.7554398	227.3007
0.7553557	227.3841
0.7570629	227.4541
0.7615787	227.5478
0.7636978	227.6473
0.7655395	227.7265
0.7666748	227.812
0.767028	227.9026
0.7690883	227.984
0.7717792	228.0746
0.7768165	228.1249
0.7787507	228.2316
0.7773126	228.3109
0.7807941	228.3932
0.7852007	228.4792
0.7879926	228.5549
0.783586	228.6403
0.7852763	228.7129
0.788371	228.7911
0.7902294	228.9009
0.7921467	228.962
0.7945098	229.0744
0.795889	229.1273
0.798538	229.2164
0.8000937	229.3075
0.8021203	229.3858
0.8011616	229.4744
0.8011701	229.551
0.8064175	229.6443
0.808646	229.7059
0.8106306	229.7857
0.8118331	229.8805
0.8137673	229.9551
0.8141457	230.04
0.8164752	230.1219
0.8164919	230.1866
0.8193848	230.2778
0.8207891	230.3591
0.8216637	230.4529
0.825574	230.5332
0.8262469	230.6285
0.8277269	230.7088
0.8289378	230.7969
0.831797	230.8523
0.834488	230.9564
0.8344544	231.0264
0.8368426	231.0844
0.8389955	231.1958
0.8390796	231.2501
0.8415519	231.3237
0.8442597	231.4118
0.8453445	231.4993
0.847245	231.577
0.8477327	231.6449
0.8503902	231.7371
0.8548219	231.8117
0.8544518	231.878
0.8566047	231.9821
0.8587322	232.051
0.8598255	232.1406
0.8616167	232.2292
0.8630799	232.2924
0.8667884	232.3929
0.8677555	232.4535
0.8692945	232.5157
0.8718172	232.6146
0.872448	232.682
0.8729441	232.7488
0.8726413	232.8275
0.8809751	232.8933
0.8817151	232.9897
0.8814712	233.0497
0.8840193	233.1425
0.8823037	233.23
0.8854741	233.2937
0.8872401	233.387
0.8881903	233.4673
0.8890817	233.5336
0.8921007	233.6175
0.8924454	233.6916
0.8925548	233.7812
0.8991141	233.8563
0.9000392	233.9102
0.9013173	233.9962
0.9033356	234.0687
0.9072459	234.1713
0.9086083	234.2252
0.908356	234.3106
0.9103406	234.3847
0.9126448	234.4448
0.9122664	234.5277
0.9139483	234.6023
0.9145874	234.7204
0.9195825	234.7794
0.9222062	234.852
0.9218698	234.9328
0.9244515	235.0105
0.9272014	235.0732
0.9290767	235.1224
0.9317173	235.2172
0.9291524	235.2933
0.9338616	235.3617
0.9349212	235.4467
0.9367461	235.5109
0.9385793	235.5726
0.9395968	235.6487
0.9418926	235.7414
0.9452059	235.815
0.9455254	235.8989
0.9474596	235.9657
0.9482165	236.0289
0.9495451	236.1108
0.9521437	236.1885
0.9530687	236.2563
0.954246	236.3408
0.9547422	236.3983
0.9603848	236.4661
0.9625965	236.562
0.9649848	236.635
0.9666666	236.6884
0.9662799	236.7692
0.9673983	236.8308
0.969652	236.9137
0.9690969	236.9977
0.9727718	237.0562
0.9745126	237.1334
0.9744033	237.2188
0.9795246	237.2981
0.9808028	237.3789
0.9824175	237.4379
0.9841834	237.5131
0.9850159	237.6084
0.9882535	237.6638
0.9901204	237.7389
0.9914995	237.8083
0.992618	237.8643
0.9940644	237.9456
0.994754	238.0207
0.9984626	238.0767
1.000313	238.1534
1.001751	238.2378
1.002163	238.3005
1.002995	238.3771
1.005114	238.4538
1.006056	238.5445
1.007477	238.6097
1.01106	238.6802
1.014163	238.7543
1.014482	238.8076
1.014314	238.8936
1.020361	238.9428
1.018687	238.9988
1.020874	239.0904
1.020478	239.1733
1.020192	239.2231
1.02438	239.2858
1.027912	239.3748
1.030847	239.4494
1.035001	239.5152
1.038373	239.5846
1.039652	239.6587
1.038163	239.7276
1.03908	239.8095
1.03929	239.8867
1.041989	239.9519
1.045202	240.0193
1.045563	240.097
1.048675	240.1571
1.049861	240.2197
1.053788	240.2912
1.053939	240.3544
1.05647	240.4161
1.054873	240.5047
1.057976	240.5627
1.058564	240.6347
1.062895	240.6829
1.064955	240.7616
1.062626	240.8393
1.066208	240.9149
1.068395	240.9937
1.06863	241.0491
1.070724	241.1372
1.07635	241.1926
1.075257	241.2755
1.080042	241.3237
1.078478	241.4019
1.081404	241.4672
1.08365	241.5371
1.084743	241.6024
1.087602	241.6738
1.088771	241.7422
1.089687	241.8034
1.091756	241.8748
1.093673	241.9355
1.095776	242.0137
1.09766	242.0893
1.097735	242.1551
1.10014	242.2318
1.103798	242.2836
1.104126	242.354
1.107011	242.4126
1.111569	242.4727
1.107187	242.5555
1.111409	242.6239
1.113091	242.6861
1.113091	242.7431
1.112485	242.828
1.114159	242.8948
1.117405	242.9611
1.122577	243.0135
1.12515	243.0725
1.12298	243.145
1.122207	243.2171
1.129598	243.2808
1.129943	243.3533
1.131011	243.43
1.132231	243.5092
1.135594	243.5579
1.137015	243.6387
1.137629	243.6962
1.138243	243.7682
1.142246	243.8112
1.143844	243.8998
1.146518	243.9542
1.146316	244.0179
1.147822	244.0982
1.15132	244.1536
1.153372	244.2163
1.153859	244.307
1.15708	244.3438
1.158947	244.4126
1.161941	244.4831
1.163303	244.5546
1.164245	244.6043
1.166659	244.681
1.168046	244.7488
1.170048	244.8177
1.171511	244.8778
1.171847	244.9509
1.173806	244.999
1.17733	245.0586
1.180273	245.1311
1.179525	245.2161
1.180349	245.2767
1.180122	245.3399
1.184823	245.3922
1.186446	245.4756
1.188969	245.5435
1.192332	245.6114
1.192467	245.6564
1.193375	245.7191
1.195831	245.8139
1.196276	245.8388
1.199724	245.9123
1.200431	245.9641
1.201263	246.048
1.203281	246.1087
1.204963	246.1713
1.207789	246.247
1.209916	246.2874
1.211178	246.3521
1.215147	246.4371
1.214878	246.4863
1.216299	246.5593
1.219183	246.6205
1.22063	246.6749
1.223069	246.7505
1.223775	246.8344
1.226096	246.8971
1.228795	246.9447
1.230099	246.9991
1.231167	247.0634
1.232109	247.1416
1.233521	247.2038
1.23422	247.2706
1.234472	247.3022
1.237844	247.3669
1.240821	247.4369
1.242646	247.4799
1.24363	247.5368
1.245068	247.5726
1.247565	247.6612
1.249995	247.7316
1.249945	247.7979
1.24981	247.8762
1.254797	247.9539
1.257312	248.0041
1.258018	248.0766
1.258817	248.1352
1.261163	248.2056
1.265073	248.2823
1.26694	248.3341
1.271877	248.3761
1.267605	248.4579
1.267075	248.5149
1.271212	248.5714
1.27498	248.646
1.276796	248.6822
1.279487	248.7584
1.281236	248.8438
1.281758	248.8811
1.281993	248.9562
1.282506	249.0194
1.285702	249.078
1.290007	249.1417
1.290773	249.1914
1.290344	249.2583
1.293758	249.3085
1.298047	249.3463
1.299914	249.4308
1.298652	249.4929
1.301032	249.5546
1.301638	249.6333
1.30131	249.6732
1.306431	249.7307
1.309214	249.7851
1.310921	249.8638
1.315126	249.9312
1.314832	249.9716
1.314588	250.0669
1.311821	250.098
1.31743	250.1674
1.322308	250.2301
1.324099	250.2953
1.322367	250.329
1.324772	250.4114
1.327934	250.4616
1.328211	250.5279
1.33044	250.5808
1.332685	250.6383
1.336452	250.675
1.33752	250.7517
1.340447	250.8134
1.341111	250.861
1.344584	250.9325
1.346493	251.0081
1.346619	251.0568
1.348007	251.1174
1.353195	251.1827
1.353044	251.234
1.356029	251.3096
1.357787	251.3537
1.360427	251.42
1.361218	251.4749
1.360882	251.5298
1.36427	251.5987
1.366827	251.6666
1.370367	251.6893
1.371418	251.795
1.371343	251.8277
1.372175	251.8924
1.373042	251.952
1.376767	251.9965
1.379113	252.0732
1.378045	252.139
1.381459	252.2058
1.384293	252.2727
1.386757	252.3198
1.385765	252.3742
1.388448	252.4223
1.391837	252.4845
1.393459	252.5368
1.394427	252.6052
1.395587	252.6601
1.399497	252.7078
1.400557	252.786
1.401415	252.8435
1.404165	252.8886
1.407419	252.9497
1.406519	253
1.40551	253.0538
1.408748	253.1181
1.410085	253.2129
1.415231	253.2465
1.417182	253.3025
1.419478	253.3812
1.419655	253.4144
1.421496	253.4853
1.422775	253.5123
1.425491	253.6014
1.427131	253.6459
1.427745	253.7014
1.429704	253.7677
1.430007	253.8153
1.430511	253.8977
1.435321	253.9402
1.437138	254.008
1.438979	254.0655
1.44157	254.1494
1.44241	254.1748
1.441359	254.2546
1.44331	254.2981
1.446994	254.3712
1.448028	254.4204
1.448112	254.4717
1.451837	254.5457
1.454343	254.5867
1.459582	254.6561
1.457774	254.696
1.457556	254.7701
1.461004	254.8192
1.463619	254.8788
1.464384	254.9514
1.467723	254.9985
1.46948	255.056
1.47144	255.127
1.470506	255.1834
1.474753	255.2409
1.476637	255.2995
1.479614	255.3518
1.480051	255.4052
1.479504	255.4673
1.481741	255.5145
1.486543	255.5875
1.486787	255.6434
1.489545	255.6937
1.489385	255.7413
1.493809	255.8004
1.493859	255.8595
1.493144	255.9423
1.495659	255.9796
1.496828	256.0325
1.501671	256.1076
1.502083	256.1827
1.503757	256.2184
1.508971	256.2868
1.509114	256.3433
1.511611	256.4013
1.512864	256.4448
1.513613	256.4925
1.515126	256.565
1.515522	256.6127
1.522131	256.6821
1.525108	256.7354
1.525352	256.7618
1.526134	256.8484
1.527623	256.9012
1.529935	256.9742
1.531945	257.011
1.531617	257.0695
1.534762	257.1535
1.536057	257.1939
1.538942	257.2607
1.540968	257.3006
1.543029	257.34
1.543819	257.4166
1.545274	257.4612
1.543836	257.5213
1.548966	257.5798
1.551489	257.6233
1.553675	257.6803
1.554608	257.7347
1.554255	257.8103
1.556812	257.86
1.557897	257.902
1.560302	257.9694
1.565162	258.03
1.564414	258.0973
1.56718	258.1579
1.568888	258.2056
1.569964	258.2543
1.571326	258.29
1.573984	258.3589
1.576414	258.4169
1.577053	258.463
1.578617	258.5216
1.580736	258.5796
1.585202	258.6154
1.584176	258.6744
1.584882	258.7293
1.588641	258.7852
1.590449	258.8521
1.592274	258.9174
1.592829	258.9604
1.595722	259.0204
1.597976	259.0862
1.599573	259.1328
1.601289	259.2085
1.601575	259.2515
1.602592	259.2872
1.608269	259.3318
1.607831	259.4001
1.610009	259.4406
1.613752	259.497
1.614088	259.5753
1.610926	259.5939
1.613777	259.6711
1.614769	259.7136
1.618234	259.7524
1.623397	259.8161
1.626853	259.8757
1.627038	259.9306
1.625777	259.9964
1.628518	260.0332
1.630974	260.1068
1.631537	260.1684
1.633472	260.2114
1.63882	260.258
1.637996	260.3134
1.641721	260.3606
1.641452	260.3756
1.641688	260.4725
1.646077	260.5211
1.64733	260.5637
1.648129	260.617
1.650896	260.6916
1.65098	260.7439
1.655437	260.7859
1.658305	260.8485
1.65743	260.9008
1.660794	260.961
1.661878	261.006
1.66335	261.0703
1.665755	261.1102
1.666739	261.1532
1.671415	261.2096
1.670372	261.2661
1.673795	261.3086
1.676965	261.3531
1.677436	261.4225
1.671995	261.4671
1.67789	261.5127
1.681969	261.5676
1.685997	261.6147
1.686703	261.666
1.687636	261.7349
1.685795	261.782
1.68725	261.8432
1.6947	261.8872
1.69618	261.9452
1.694095	261.9861
1.695003	262.0442
1.698737	262.1084
1.703303	262.1452
1.707668	262.1851
1.70972	262.2555
1.710485	262.2964
1.712251	262.3399
1.709677	262.399
1.71035	262.4451
1.71326	262.5062
1.718314	262.557
1.721863	262.627
1.723587	262.6705
1.721854	262.7238
1.719315	262.7777
1.723755	262.8388
1.727253	262.8756
1.727539	262.9211
1.727993	262.9797
1.731744	263.0419
1.731407	263.0859
1.735637	263.1408
1.738589	263.1849
1.73964	263.2382
1.738816	263.2719
1.738253	263.3289
1.741112	263.3869
1.744063	263.4609
1.746771	263.5195
1.747309	263.5521
1.748562	263.5956
1.751338	263.6645
1.756795	263.7086
1.757451	263.7371
1.759419	263.8065
1.758258	263.8629
1.762169	263.9065
1.762472	263.9583
1.766046	264.0064
1.768106	264.0546
1.769872	264.0929
1.773732	264.1442
1.776877	264.2271
1.776246	264.2712
1.776885	264.2996
1.779685	264.3768
1.781426	264.424
1.783789	264.4654
1.787817	264.5125
1.789129	264.5716
1.787178	264.6172
1.789894	264.6731
1.792686	264.7151
1.793805	264.7721
1.798228	264.8239
1.79917	264.8726
1.798026	264.913
1.798708	264.9632
1.800928	265.0311
1.804047	265.0684
1.807462	265.1228
1.80953	265.1808
1.809438	265.2191
1.810313	265.2927
1.812331	265.3362
1.816308	265.3626
1.818865	265.4356
1.819504	265.4849
1.821556	265.5206
1.823263	265.575
1.824785	265.6237
1.82714	265.6869
1.82661	265.7273
1.827888	265.7677
1.832581	265.7998
1.832723	265.8734
1.837685	265.9055
1.83914	265.9713
1.839216	266.0179
1.84157	266.0697
1.84416	266.1086
1.844471	266.1837
1.847188	266.2314
1.850207	266.2676
1.850139	266.3153
1.851123	266.3697
1.852881	266.4448
1.855715	266.4759
1.858742	266.5111
1.859289	266.5562
1.862005	266.6168
1.864326	266.6364
1.865217	266.7038
1.868505	266.7452
1.868505	266.7924
1.87017	266.8374
1.872559	266.8944
1.874131	266.9555
1.874165	267.0105
1.875864	267.0462
1.878176	267.0892
1.880043	267.1513
1.882675	267.2037
1.884996	267.2436
1.887738	267.3026
1.885812	267.3622
1.886199	267.3959
1.892741	267.4384
1.898392	267.4829
1.898384	267.5342
1.895844	267.5678
1.899326	267.6238
1.900032	267.6684
1.901764	267.7326
1.90422	267.7663
1.908223	267.8351
1.910393	267.887
1.906196	267.9227
1.907525	267.9724
1.909451	268.0274
1.910561	268.0937
1.912957	268.1175
1.922325	268.1641
1.923654	268.2454
1.926379	268.2796
1.924714	268.3206
1.925546	268.3527
1.930483	268.4112
1.92886	268.4521
1.930794	268.4972
1.932375	268.5356
1.932888	268.5873
1.936419	268.6402
1.937311	268.7065
1.940229	268.7319
1.945544	268.8023
1.947032	268.8484
1.944299	268.8914
1.950463	268.9225
1.952835	268.9919
1.952212	269.0256
1.954281	269.0706
1.955013	269.1209
1.955063	269.1774
1.957426	269.2126
1.961799	269.2649
1.963102	269.3157
1.961967	269.355
1.966256	269.397
1.967845	269.4623
1.971293	269.4965
1.973404	269.5462
1.975246	269.6177
1.975019	269.6467
1.979097	269.7182
1.978778	269.7513
1.977382	269.8088
1.987767	269.8586
1.989668	269.8959
1.985867	269.9523
1.989315	269.9782
1.989903	270.0352
1.992611	270.073
1.994032	270.1295
1.99484	270.1575
1.998371	270.214
2.000137	270.2937
1.999894	270.3067
2.002559	270.3543
2.004123	270.4056
2.004225	270.4605
2.00509	270.5133
2.007428	270.5439
2.010548	270.59
2.01075	270.6377
2.013693	270.6916
2.014349	270.7449
2.015409	270.79
2.019588	270.8402
2.024071	270.8775
2.027745	270.933
2.026518	270.9687
2.023045	271.0288
2.027249	271.0821
2.03137	271.0992
2.033396	271.1422
2.037441	271.2148
2.032211	271.2583
2.03697	271.3049
2.045792	271.3655
2.041621	271.395
2.043034	271.4277
2.04427	271.4909
2.047238	271.5168
2.047591	271.5836
2.053234	271.6193
2.050064	271.6509
2.052839	271.7317
2.059365	271.7566
2.059011	271.7872
2.061559	271.8535
2.062846	271.9027
2.064049	271.9307
2.066798	271.9913
2.065419	272.0312
2.069153	272.0933
2.072887	272.1223
2.071903	272.1933
2.074569	272.2503
2.076469	272.2829
2.077781	272.3342
2.07805	272.3782
2.082692	272.4259
2.083794	272.4736
2.081137	272.5083
2.087671	272.5616
2.088259	272.5901
2.09349	272.6331
2.094516	272.6828
2.094995	272.7191
2.097342	272.7922
2.098771	272.8357
2.102522	272.8709
2.103766	272.9532
2.104902	272.974
2.106045	273.018
2.106096	273.075
2.106297	273.1071
2.107357	273.1356
2.110637	273.2014
2.111503	273.2485
2.11358	273.2884
2.113294	273.3283
2.115506	273.3921
2.12045	273.4386
2.126379	273.4764
2.12479	273.5334
2.122385	273.565
2.123637	273.6106
2.125799	273.6687
2.130676	273.708
2.132426	273.752
2.1361	273.8059
2.133443	273.8458
2.136638	273.8976
2.140851	273.9333
2.144014	273.9665
2.146015	274.0193
2.147058	274.0634
2.149185	274.0851
2.150657	274.1515
2.151372	274.2095
2.155114	274.2483
2.156317	274.2903
2.159453	274.3255
2.163254	274.3882
2.164137	274.427
2.167316	274.4757
2.1674	274.5332
2.167248	274.5586
2.168047	274.6099
2.169057	274.6622
2.171218	274.6995
2.174102	274.7513
2.176432	274.7928
2.179106	274.8187
2.180552	274.8788
2.183756	274.8995
2.185917	274.9668
2.185488	275.0041
2.185093	275.0414
2.186557	275.0979
2.189197	275.132
2.192435	275.1911
2.194772	275.2305
2.195958	275.2823
2.197783	275.3413
2.1987	275.3797
2.201054	275.4144
2.201542	275.4714
2.204712	275.5076
2.20726	275.5465
2.209943	275.588
2.212727	275.6335
2.210961	275.6625
2.216351	275.7154
2.217015	275.7806
2.219841	275.792
2.22106	275.863
2.222599	275.9158
2.222532	275.9407
2.223894	275.9837
2.225677	276.022
2.227956	276.0661
2.230706	276.1205
2.231025	276.1774
2.234499	276.2137
2.23629	276.2634
2.238392	276.3007
2.241091	276.3416
2.243068	276.3696
2.244287	276.4416
2.245002	276.48
2.24623	276.5095
2.249055	276.5582
2.251199	276.6131
2.254765	276.6473
2.255757	276.6913
2.256699	276.7328
2.257557	276.7825
2.257565	276.8503
2.259895	276.8861
2.261526	276.9193
2.264394	276.9674
2.266513	276.9933
2.268229	277.0374
2.269658	277.0824
2.270903	277.1285
2.272694	277.1674
2.273392	277.2192
2.273703	277.257
2.278715	277.3015
2.279236	277.3368
2.280372	277.3632
2.282995	277.4394
2.286662	277.4948
2.288218	277.5212
2.289504	277.5673
2.289874	277.6145
2.29249	277.6352
2.297081	277.717
2.297972	277.7398
2.298216	277.7792
2.30211	277.8268
2.305129	277.8843
2.306416	277.9242
2.308123	277.9688
2.308753	278.0014
2.311108	278.0485
2.312798	278.0817
2.314329	278.1325
2.316574	278.1962
2.316852	278.2231
2.320417	278.2599
2.320341	278.2925
2.32225	278.3635
2.322595	278.3754
2.326068	278.4277
2.329709	278.4832
2.330214	278.52
2.331618	278.5562
2.331307	278.6147
2.334208	278.6339
2.337463	278.708
2.339237	278.7339
2.340272	278.7691
2.34435	278.8188
2.344956	278.8769
2.34477	278.9126
2.346385	278.9401
2.351406	278.9862
2.353626	279.0463
2.354803	279.0701
2.356182	279.1229
2.358217	279.169
2.358764	279.1908
2.360647	279.2524
2.36238	279.2841
2.366719	279.3436
2.367165	279.3643
2.36936	279.4001
2.37094	279.4514
2.372101	279.5011
2.372841	279.526
2.373329	279.5798
2.375641	279.6187
2.379939	279.6777
2.379182	279.6933
2.381898	279.7523
2.385237	279.7725
2.387516	279.8145
2.386977	279.8938
2.388306	279.9367
2.390829	279.9709
2.392275	280.0248
2.394899	280.0533
2.397556	280.0777
2.39891	280.1295
2.401097	280.1585
2.401425	280.1999
2.404864	280.2559
2.405285	280.3009
2.408211	280.3357
2.411617	280.3796
2.41271	280.4315
2.412819	280.4589
2.414568	280.5211
2.417856	280.5641
2.417629	280.618
2.419017	280.6304
2.423558	280.6905
2.423264	280.7231
2.426241	280.7552
2.427014	280.7894
2.428343	280.8324
2.432438	280.8765
2.4347	280.936
2.438308	280.9593
2.435415	281.0081
2.436904	281.0541
2.438745	281.0805
2.44216	281.1308
2.44438	281.1842
2.447281	281.2246
2.447542	281.2691
2.449324	281.293
2.451242	281.337
2.455051	281.396
2.457793	281.4344
2.459718	281.4893
2.45696	281.5126
2.458634	281.5416
2.463738	281.5908
2.467379	281.6333
2.468035	281.6685
2.46563	281.6851
2.46436	281.7338
2.465597	281.7804
2.471441	281.827
2.47187	281.8638
2.474889	281.9099
2.478597	281.9602
2.48403	281.9855
2.485384	282.0596
2.48736	282.0855
2.486687	282.1155
2.485619	282.1643
2.487511	282.1995
2.489462	282.2472
2.494104	282.2855
2.49709	282.328
2.499108	282.3689
2.499091	282.4072
2.50084	282.4315
2.502875	282.4808
2.504625	282.5181
2.508543	282.5813
2.510259	282.601
2.510671	282.6662
2.513396	282.701
2.514926	282.7367
2.516154	282.7797
2.517979	282.8077
2.520611	282.8568
2.521712	282.903
2.522082	282.9382
2.521839	282.9724
2.524109	283.0268
2.524874	283.0688
2.527582	283.0988
2.53161	283.1439
2.534108	283.1718
2.536328	283.2267
2.537497	283.2516
2.538245	283.3174
2.540171	283.3464
2.544283	283.3847
2.547874	283.4443
2.548934	283.4899
2.548749	283.506
2.547193	283.5401
2.549119	283.5878
2.552407	283.6324
2.554955	283.6567
2.556788	283.7132
2.557662	283.7562
2.55884	283.7712
2.561985	283.8349
2.562927	283.8551
2.564726	283.9079
2.56656	283.9478
2.564323	283.9872
2.570159	284.0323
2.572026	284.0675
2.576289	284.1089
2.576626	284.1763
2.577475	284.2022
2.577685	284.2488
2.579754	284.2773
2.580704	284.3213
2.583143	284.3529
2.588289	284.368
2.589475	284.4301
2.591468	284.4731
2.594529	284.5006
2.596026	284.5539
2.596623	284.5948
2.597338	284.6296
2.598532	284.6669
2.601173	284.7124
2.602342	284.7539
2.6051	284.8057
2.606849	284.8502
2.609591	284.8875
2.609759	284.9041
2.612021	284.9554
2.612525	284.9818
2.615048	285.0331
2.616915	285.0642
2.619085	285.1124
2.621608	285.1362
2.62445	285.1838
2.624778	285.2299
2.626914	285.2641
2.628133	285.3128
2.630168	285.3346
2.630378	285.3817
2.63349	285.4185
2.635886	285.4739
2.637837	285.5294
2.639318	285.5754
2.639544	285.591
2.64184	285.6438
2.644338	285.7039
2.645725	285.7096
2.64771	285.7485
2.647744	285.7744
2.650746	285.8132
2.654354	285.863
2.656885	285.9085
2.659307	285.9323
2.659475	285.9889
2.658903	286.0313
2.662401	286.0738
2.665858	286.1064
2.66759	286.1577
2.667901	286.2043
2.668649	286.2416
2.672375	286.2878
2.674494	286.3302
2.675503	286.3478
2.676579	286.395
2.676916	286.4343
2.677589	286.4773
2.679809	286.4991
2.682685	286.5317
2.686486	286.5913
2.690489	286.6472
2.691229	286.6571
2.692398	286.7001
2.695585	286.7659
2.696728	286.783
2.698797	286.842
2.700437	286.8741
2.700655	286.8943
2.702354	286.9347
2.706231	286.9638
2.706584	287.027
2.706946	287.0601
2.708729	287.0891
2.709713	287.1472
2.712547	287.1632
2.71549	287.2083
2.715952	287.2466
2.716717	287.2803
2.720771	287.3196
2.723352	287.3471
2.724992	287.3917
2.725286	287.4595
2.728684	287.4984
2.730181	287.5331
2.729803	287.5631
2.736135	287.6071
2.739684	287.6315
2.742038	287.689
2.746159	287.717
2.746806	287.7755
2.746924	287.79
2.748673	287.8133
2.750077	287.8568
2.753921	287.9149
2.756393	287.9506
2.757671	287.9931
2.759244	288.0418
2.75969	288.063
2.760371	288.1195
2.761901	288.1671
2.764491	288.1894
2.762338	288.2288
2.765702	288.2646
2.767998	288.2966
2.772152	288.3433
2.773775	288.3863
2.772429	288.4277
2.777778	288.4531
2.78004	288.507
2.782521	288.536
2.783623	288.6007
2.787844	288.6189
2.788895	288.6484
2.789702	288.7023
2.790989	288.7287
2.793344	288.7789
2.79363	288.8157
2.794958	288.8463
2.796859	288.8867
2.799953	288.9348
2.801795	288.9934
2.801501	289.0162
2.801282	289.04
2.803116	289.0804
2.809094	289.1229
2.809507	289.1638
2.811188	289.1902
2.815721	289.2291
2.8162	289.2664
2.821254	289.2939
2.818622	289.3482
2.821574	289.3736
2.820548	289.4358
2.821356	289.4617
2.824854	289.498
2.829008	289.5555
2.830807	289.585
2.830505	289.6161
2.830168	289.6632
2.833112	289.6938
2.834962	289.7331
2.837518	289.7756
2.840243	289.8119
2.840739	289.8377
2.844616	289.8813
2.847231	289.9201
2.849266	289.9455
2.85004	290.0025
2.85115	290.0424
2.852781	290.0709
2.855598	290.1237
2.855598	290.1491
2.858516	290.1864
2.861527	290.2387
2.864798	290.2786
2.863209	290.3226
2.865109	290.3465
2.86606	290.3972
2.867178	290.4097
2.869642	290.4573
2.871215	290.5179
2.87341	290.5381
2.878682	290.563
2.88107	290.6034
2.881155	290.6433
2.884981	290.6822
2.883938	290.7055
2.886242	290.7759
2.888075	290.8018
2.889513	290.8246
2.890859	290.8588
2.891944	290.9194
2.896435	290.9619
2.898394	290.9971
2.899739	291.0044
2.901202	291.0443
2.902439	291.0759
2.905155	291.1256
2.906088	291.1473
2.909469	291.2012
2.909763	291.2276
2.909469	291.2784
2.912042	291.3173
2.913522	291.3711
2.916331	291.3862
2.91803	291.4328
2.919838	291.4846
2.922722	291.5229
2.922974	291.5478
2.925489	291.5845
2.930736	291.6317
2.928483	291.6716
2.928575	291.7135
2.933755	291.755
2.937287	291.7918
2.937733	291.8089
2.938708	291.8487
2.939801	291.8891
2.944965	291.9239
2.943973	291.9513
2.945722	292.0103
2.947513	292.0394
2.948388	292.0814
2.95239	292.1218
2.952794	292.1606
2.952802	292.2026
2.955258	292.2383
2.957848	292.2683
2.957958	292.3072
2.960245	292.3574
2.963819	292.3979
2.965509	292.4196
2.964794	292.445
2.968873	292.4906
2.974919	292.5388
2.973498	292.5667
2.975449	292.6129
2.974801	292.6278
2.97719	292.691
2.980402	292.7169
2.983043	292.7662
2.982319	292.8019
2.987769	292.8309
2.988399	292.8755
2.989989	292.9014
2.991158	292.9387
2.99236	292.9641
2.994185	293.0071
2.99696	293.0573
3.00103	293.0801
3.000845	293.1257
2.998726	293.1433
3.002468	293.177
3.006328	293.2215
3.009448	293.2573
3.008094	293.2873
3.007934	293.3339
3.009389	293.3816
3.015595	293.4179
3.017	293.4494
3.017445	293.5018
3.02112	293.5479
3.022272	293.5613
3.025233	293.61
3.025291	293.6468
3.025199	293.6696
3.02916	293.6898
3.032162	293.7266
3.032321	293.7675
3.035408	293.8219
3.036274	293.8344
3.03783	293.8851
3.038074	293.9203
3.039587	293.9499
3.043111	293.9908
3.045121	294.0327
3.047677	294.0757
3.051428	294.1125
3.054102	294.1514
3.054211	294.1835
3.052672	294.2166
3.056515	294.2617
3.058508	294.2948
3.059879	294.328
3.062789	294.3466
3.06294	294.4062
3.066514	294.4275
3.06638	294.4611
3.072569	294.5036
3.071804	294.5534
3.072089	294.5642
3.076538	294.6212
3.079095	294.659
3.079431	294.6896
3.078674	294.7222
3.080987	294.7595
3.080499	294.7901
3.087462	294.8476
3.08779	294.8751
3.089379	294.8989
3.089968	294.9429
3.092491	294.9605
3.092633	294.9901
3.098049	295.0372
3.097738	295.0667
3.10032	295.105
3.103406	295.1454
3.102758	295.1911
3.102431	295.2284
3.103137	295.263
3.105996	295.2952
3.108115	295.3325
3.112724	295.3791
3.117475	295.4221
3.119678	295.463
3.118375	295.493
3.117643	295.5392
3.119745	295.5692
3.122066	295.5972
3.126044	295.6231
3.124833	295.6537
3.126624	295.693
3.129349	295.7189
3.133386	295.7541
3.137145	295.7914
3.137178	295.8469
3.139003	295.8609
3.141206	295.9111
3.142627	295.9577
3.143107	296.0074
3.142089	296.0334
3.144889	296.0505
3.148178	296.1079
3.149658	296.1421
3.149271	296.1784
3.152054	296.1877
3.155023	296.21
3.157075	296.2706
3.159883	296.3079
3.161296	296.3447
3.162129	296.383
3.163273	296.4276
3.164996	296.4416
3.16736	296.4985
3.168343	296.5234
3.173456	296.5824
3.173616	296.6006
3.175626	296.6342
3.177408	296.6638
3.176214	296.7052
3.181134	296.712
3.180932	296.771
3.183455	296.798
3.187651	296.843
3.191923	296.8684
3.189981	296.9124
3.191621	296.9389
3.194059	296.9658
3.196481	297.0269
3.200627	297.0378
3.199996	297.0652
3.201863	297.1248
3.203789	297.157
3.205572	297.2015
3.208767	297.2367
3.207867	297.2668
3.208834	297.2911
3.211382	297.3476
3.212846	297.373
3.216487	297.4072
3.217715	297.4351
3.218926	297.4838
3.220936	297.5284
3.221524	297.5341
3.22435	297.5828
3.227789	297.6046
3.229084	297.6532
3.229892	297.6952
3.229202	297.7257
3.230741	297.7604
3.234635	297.8159
3.237712	297.8412
3.238402	297.8853
3.241564	297.9112
3.245415	297.9454
3.24079	297.9962
3.243986	298.0075
3.24782	298.0604
3.250267	298.0894
3.250057	298.1106
3.252547	298.1557
3.253884	298.1966
3.256902	298.2189
3.259265	298.2697
3.260367	298.3179
3.262394	298.3365
3.262394	298.3748
3.264555	298.4209
3.268524	298.4531
3.269828	298.4857
3.272763	298.5106
3.274739	298.5619
3.276026	298.6017
3.275874	298.6297
3.277775	298.6478
3.281433	298.6986
3.281592	298.7224
3.282375	298.7509
3.284426	298.8115
3.287925	298.8229
3.289346	298.8815
3.28816	298.8986
3.292878	298.9529
3.294475	298.9887
3.295552	299.0198
3.298234	299.0612
3.300261	299.0965
3.301304	299.1342
3.302153	299.1622
3.305139	299.1959
3.305156	299.2306
3.30841	299.2545
3.311547	299.3067
3.31248	299.3456
3.313893	299.3746
3.3147	299.4114
3.317938	299.4264
3.320276	299.4612
3.323521	299.499
3.326389	299.5616
3.323421	299.5823
3.324413	299.602
3.327449	299.6559
3.3303	299.6953
3.332814	299.7269
3.333184	299.7616
3.333251	299.8087
3.33796	299.8269
3.34087	299.8605
3.341257	299.9128
3.343258	299.933
3.346597	299.9693
3.350263	300.0014
3.348363	300.0154
3.352307	300.0475
3.352635	300.0781
3.353955	300.1304
3.357109	300.1724
3.359951	300.2325
3.360389	300.2511
3.365098	300.2946
3.363121	300.3283
3.362491	300.3625
3.364837	300.4039
3.367057	300.4195
3.372422	300.4536
3.37291	300.4677
3.374365	300.5195
3.377863	300.5661
3.378721	300.5904
3.379478	300.6055
3.381075	300.666
3.382993	300.7007
3.384372	300.7277
3.387735	300.75
3.387921	300.793
3.389846	300.8463
3.392075	300.8821
3.395699	300.9157
3.396725	300.9556
3.399744	300.981
3.398323	301.0126
3.399576	301.0629
3.404689	301.0981
3.405757	301.1136
3.406699	301.1447
3.409491	301.1913
3.412417	301.2198
3.414267	301.2405
3.410945	301.2768
3.415234	301.3115
3.42287	301.3472
3.421878	301.3918
3.421466	301.4167
3.426848	301.4768
3.424611	301.4954
3.425014	301.5384
3.428151	301.5918
3.430472	301.5964
3.431961	301.6436
3.432305	301.6653
3.43471	301.7182
3.436485	301.7291
3.440614	301.7793
3.442245	301.7881
3.442952	301.8399
3.448283	301.8632
3.446172	301.9104
3.447745	301.9311
3.450579	301.9694
3.452151	302.0176
3.455238	302.0414
3.457021	302.0807
3.459577	302.1196
3.458307	302.1548
3.459038	302.188
3.459207	302.2113
3.461469	302.2512
3.46358	302.2834
3.465766	302.3336
3.469828	302.3398
3.470677	302.3761
3.472628	302.4082
3.474916	302.4641
3.477825	302.4771
3.481601	302.5185
3.481526	302.5506
3.482644	302.5936
3.482736	302.6263
3.485133	302.6485
3.489245	302.6869
3.490734	302.7376
3.492332	302.791
3.494997	302.7791
3.49715	302.8407
3.497352	302.8656
3.498092	302.8904
3.50117	302.9117
3.502221	302.9428
3.505862	302.9935
3.505417	303.0148
3.507704	303.0417
3.509461	303.1023
3.511051	303.1412
3.512438	303.1458
3.513725	303.2085
3.518602	303.2199
3.519654	303.2552
3.52052	303.3096
3.522126	303.3178
3.525498	303.365
3.52739	303.4116
3.530788	303.4365
3.531149	303.4597
3.533832	303.4955
3.537297	303.539
3.537111	303.5623
3.538188	303.6043
3.541846	303.6328
3.543326	303.6592
3.543864	303.7245
3.545512	303.726
3.546555	303.7711
3.547648	303.8291
3.550415	303.8607
3.552686	303.8913
3.553594	303.911
3.555604	303.9384
3.557302	303.9742
3.558513	304.0099
3.560498	304.0275
3.56197	304.0773
3.564786	304.0985
3.564669	304.1342
3.566914	304.1544
3.569673	304.1777
3.573179	304.2187
3.573322	304.2539
3.577182	304.2819
3.57545	304.3503
3.577022	304.3653
3.581462	304.3969
3.581269	304.4373
3.582253	304.4834
3.584271	304.4886
3.58729	304.5559
3.588333	304.5678
3.590536	304.5984
3.593177	304.615
3.593	304.6714
3.595658	304.6942
3.597659	304.7398
3.6004	304.7631
3.602873	304.7926
3.604243	304.8341
3.60516	304.8626
3.607885	304.8911
3.610374	304.9486
3.612476	304.9672
3.616067	305.0076
3.616731	305.0371
3.618069	305.0807
3.61716	305.1201
3.618918	305.1511
3.623964	305.1599
3.623972	305.218
3.626671	305.2184
3.631086	305.2547
3.630212	305.3039
3.631288	305.3314
3.634871	305.3594
3.635779	305.4039
3.637284	305.4272
3.637856	305.4795
3.64222	305.5086
3.642607	305.5283
3.645534	305.5733
3.640707	305.6101
3.643835	305.6298
3.649368	305.6702
3.655785	305.6971
3.65449	305.7158
3.656011	305.7805
3.654288	305.8023
3.656524	305.8432
3.659283	305.8748
3.662529	305.8862
3.666658	305.923
3.668155	305.951
3.66913	306.0126
3.673537	306.0162
3.662596	306.0623
3.671956	306.0913
3.673268	306.1431
3.674991	306.1783
3.678952	306.2126
3.677456	306.2328
3.683384	306.2623
3.683754	306.2954
3.683174	306.342
3.687631	306.3602
3.692408	306.3737
3.692071	306.4073
3.69081	306.4555
3.693997	306.4923
3.69615	306.5058
3.696688	306.5446
3.700834	306.5798
3.701599	306.6327
3.705333	306.6378
3.705997	306.6835
3.704971	306.7125
3.707494	306.7451
3.71312	306.7849
3.713498	306.8124
3.708604	306.8586
3.708419	306.8886
3.714364	306.9238
3.715987	306.9471
3.72036	306.9968
3.721109	307.0103
3.724632	307.0585
3.727189	307.0937
3.729072	307.1269
3.731528	307.1367
3.734867	307.174
3.734084	307.1953
3.733622	307.2564
3.737515	307.2496
3.73966	307.317
3.741838	307.3325
3.743671	307.389
3.745773	307.4128
3.746951	307.4387
3.748817	307.476
3.748044	307.5195
3.75108	307.5501
3.752963	307.5604
3.755991	307.6076
3.756689	307.6309
3.759195	307.677
3.760599	307.6998
3.764215	307.7325
3.764644	307.7848
3.767394	307.792
3.768958	307.8593
3.770749	307.8775
3.772322	307.934
3.773558	307.9495
3.77392	307.9697
3.777872	307.9837
3.779798	308.0536
3.779058	308.0743
3.780277	308.0852
3.78259	308.1261
3.783321	308.1583
3.786769	308.1919
3.790864	308.2271
3.789443	308.2675
3.795481	308.3033
3.797399	308.3448
3.797045	308.3784
3.799265	308.3893
3.801258	308.4276
3.803176	308.4675
3.804597	308.5017
3.805194	308.525
3.807851	308.582
3.811459	308.6074
3.813797	308.6323
3.815798	308.6685
3.816757	308.6908
3.817446	308.7296
3.819238	308.7535
3.818624	308.7851
3.822315	308.8073
3.824283	308.8441
3.827311	308.8835
3.828278	308.9213
3.826957	308.9508
3.832373	308.9705
3.832693	309.0094
3.832171	309.0404
3.837057	309.0923
3.838352	309.0995
3.839647	309.1306
3.841127	309.1725
3.842733	309.2
3.843162	309.2326
3.846585	309.2627
3.851782	309.3192
3.850621	309.3316
3.850336	309.3678
3.853472	309.3932
3.857601	309.4367
3.858493	309.4668
3.862428	309.5072
3.863084	309.5372
3.863219	309.5497
3.864304	309.5999
3.865859	309.6517
3.871788	309.6719
3.872587	309.7144
3.871309	309.7299
3.872276	309.7735
3.874916	309.8019
3.876766	309.8201
3.876043	309.8833
3.882468	309.8766
3.883561	309.9144
3.886782	309.9522
3.887387	309.9874
3.887791	310.0351
3.890179	310.0454
3.89102	310.0977
3.892795	310.1345
3.894384	310.1661
3.899606	310.1724
3.902499	310.2071
3.901456	310.2568
3.904198	310.2703
3.906367	310.3091
3.907133	310.3511
3.909672	310.3904
3.916021	310.4215
3.905939	310.4474
3.909941	310.4935
3.915475	310.5143
3.917855	310.5406
3.919023	310.5847
3.918082	310.6122
3.921807	310.651
3.92491	310.6903
3.929535	310.708
3.928568	310.7437
3.928787	310.7888
3.931646	310.7934
3.934311	310.823
3.934606	310.8577
3.937701	310.9095
3.940484	310.9302
3.942276	310.9582
3.939954	310.9716
3.944731	311.011
3.947052	311.0504
3.950407	311.0763
3.951677	311.1151
3.953401	311.1307
3.95531	311.1866
3.956336	311.1892
3.957505	311.2566
3.961886	311.3089
3.959834	311.3058
3.96329	311.3488
3.963972	311.385
3.96567	311.3943
3.966419	311.4462
3.963501	311.4721
3.973012	311.4886
3.973146	311.5213
3.975661	311.5529
3.977914	311.6021
3.977738	311.6342
3.979521	311.6347
3.982943	311.6933
3.984684	311.7316
3.983414	311.7642
3.988418	311.7756
3.988821	311.8399
3.989914	311.8663
3.992345	311.8839
3.992757	311.9367
3.997357	311.9528
4.001444	311.9839
4.000535	312.0134
4.002268	312.0429
4.004631	312.0683
4.005278	312.1113
4.005993	312.1294
4.009895	312.1807
4.012384	312.2206
4.01526	312.2481
4.014487	312.2734
4.020331	312.3227
4.021626	312.3429
4.021492	312.3594
4.02388	312.406
4.02446	312.4501
4.025511	312.4703
4.026647	312.4765
4.028648	312.5179
4.033517	312.5516
4.034055	312.5884
4.037209	312.6164
4.036645	312.6304
4.039875	312.6786
4.041228	312.6998
4.042414	312.7283
4.04413	312.7744
4.047468	312.8086
4.046711	312.8526
4.047754	312.88
4.051051	312.9029
4.053178	312.9614
4.054061	312.9878
4.056777	313.0111
4.058552	313.0531
4.061336	313.0873
4.060124	313.1002
4.063682	313.1598
4.063942	313.1546
4.06702	313.1877
4.067306	313.2085
4.07099	313.2328
4.073294	313.281
4.074437	313.309
4.073967	313.3318
4.077137	313.3789
4.080812	313.4198
4.080997	313.4447
4.087716	313.4929
4.086841	313.5296
4.090466	313.5607
4.092257	313.584
4.089145	313.6172
4.087817	313.6379
4.089305	313.6799
4.10038	313.6996
4.102365	313.7203
4.098648	313.7359
4.102903	313.782
4.105535	313.8016
4.105619	313.8482
4.109025	313.8762
4.108747	313.9213
4.107183	313.9523
4.111102	313.9871
4.113953	314.0238
4.116896	314.0467
4.116963	314.0793
4.11899	314.0938
4.121858	314.1109
4.122303	314.158
4.125819	314.1819
4.127677	314.2083
4.132571	314.244
4.132605	314.2777
4.131537	314.2922
4.136347	314.3414
4.136801	314.3626
4.137919	314.4176
4.139433	314.4326
4.145681	314.4761
4.147691	314.503
4.14743	314.5388
4.149457	314.5766
4.150929	314.6046
4.153855	314.633
4.155537	314.6548
4.152249	314.7247
4.156798	314.7123
4.160381	314.7496
4.162837	314.7651
4.164233	314.7926
4.163535	314.8226
4.168185	314.877
4.170909	314.8874
4.169362	314.903
4.173945	314.9496
4.175627	314.9915
4.177494	315.0169
4.178184	315.0578
4.181194	315.0662
4.180345	315.1101
4.184633	315.1511
4.184155	315.1501
4.186113	315.2138
4.18957	315.2314
4.190125	315.262
4.194296	315.2852
4.195709	315.3127
4.198055	315.3463
4.197265	315.3728
4.198795	315.4313
4.201309	315.4344
4.205994	315.4686
4.207145	315.5235
4.205413	315.5298
4.207801	315.5868
4.21066	315.5903
4.213016	315.6241
4.214731	315.68
4.216917	315.7059
4.218347	315.7531
4.217893	315.7567
4.219011	315.795
4.222139	315.839
4.222266	315.854
4.226496	315.8831
4.225142	315.9172
4.229599	315.938
4.233324	315.9644
4.234468	315.9959
4.237512	316.0307
4.237865	316.0612
4.238925	316.0872
4.241254	316.1472
4.240909	316.1447
4.241725	316.2057
4.24503	316.227
4.248065	316.2591
4.24778	316.2949
4.248982	316.3016
4.250823	316.3384
4.25555	316.3773
4.256954	316.4
4.256567	316.4291
4.259166	316.443
4.25957	316.4814
4.256609	316.5244
4.270872	316.5446
4.266667	316.5917
4.267231	316.6098
4.27358	316.6456
4.275842	316.6969
4.276481	316.7202
4.278407	316.7497
4.278751	316.7844
4.279281	316.8025
4.281375	316.8575
4.287026	316.8476
4.285849	316.8543
4.288119	316.9445
4.290256	316.9626
4.292602	316.9818
4.291996	317.032
4.292392	317.0636
4.296243	317.0926
4.297664	317.118
4.298867	317.1496
4.302382	317.1652
4.30345	317.2019
4.305796	317.2336
4.308327	317.2776
4.309656	317.2983
4.311321	317.3221
4.312498	317.361
4.313028	317.3843
4.313365	317.4179
4.317342	317.4532
4.318275	317.4781
4.320622	317.5086
4.321168	317.5325
4.325928	317.5573
4.329502	317.6205
4.330108	317.6335
4.330326	317.6754
4.331033	317.6826
4.334657	317.7303
4.333706	317.7526
4.335381	317.792
4.339669	317.8111
4.345076	317.8453
4.34405	317.88
4.344118	317.9059
4.345606	317.9199
4.345724	317.9645
4.350223	317.9748
4.351072	318.0183
4.35468	318.024
4.355243	318.0743
4.355546	318.1095
4.357404	318.1453
4.360928	318.1561
4.364123	318.2111
4.365082	318.2442
4.367815	318.2686
4.367874	318.2914
4.37059	318.3333
4.371574	318.3752
4.373222	318.4043
4.373828	318.4317
4.377124	318.4499
4.376678	318.4939
4.378899	318.5141
4.38307	318.539
4.384651	318.5711
4.385862	318.6094
4.388326	318.6213
4.39079	318.6716
4.392303	318.6964
4.393456	318.7296
4.395507	318.7648
4.396155	318.7731
4.398291	318.8104
4.39734	318.8607
4.400729	318.8907
4.404169	318.9114
4.404354	318.9399
4.408323	318.9695
4.410737	318.9886
4.411098	319.0208
4.414101	319.0518
4.413318	319.0741
4.4168	319.1248
4.416564	319.144
4.416842	319.1632
4.421678	319.2279
4.425848	319.2481
4.426731	319.2715
4.427227	319.3139
4.428943	319.3326
4.43181	319.3751
4.437025	319.3984
4.437066	319.4336
4.437638	319.4548
4.439186	319.5124
4.438732	319.5118
4.439564	319.5497
4.443348	319.5828
4.444147	319.604
4.445249	319.6351
4.446897	319.6667
4.448116	319.6921
4.453734	319.719
4.453103	319.7766
4.454575	319.7885
4.4574	319.8314
4.459578	319.8547
4.461226	319.9003
4.462799	319.9107
4.465768	319.9454
4.470006	319.9822
4.473588	320.0107
4.468795	320.0355
4.473126	320.0542
4.475211	320.0847
4.475615	320.121
4.478895	320.1505
4.47945	320.1754
4.480644	320.2117
4.482326	320.2288
4.48373	320.2847
4.486068	320.2961
4.489423	320.3344
4.492636	320.3676
4.492779	320.3904
4.493864	320.4266
4.495806	320.4567
4.500246	320.4893
4.499254	320.4955
4.499439	320.5323
4.501029	320.5764
4.503803	320.5935
4.503534	320.6339
4.505922	320.6551
4.510127	320.6691
4.513483	320.7074
4.51281	320.7406
4.515829	320.7628
4.519083	320.8105
4.519259	320.8364
4.520151	320.869
4.520673	320.9012
4.521892	320.9406
4.523229	320.9644
4.52719	320.9809
4.529124	321.0156
4.530461	321.0364
4.534363	321.0835
4.534918	321.0995
4.536633	321.1094
4.539728	321.154
4.542066	321.1923
4.541326	321.2021
4.543117	321.2462
4.54691	321.2892
4.548659	321.2923
4.549752	321.3384
4.554251	321.3839
4.55336	321.4145
4.555294	321.4332
4.557682	321.4896
4.559793	321.5031
4.560819	321.53
4.56039	321.558
4.560793	321.6026
4.563207	321.6005
4.565747	321.6445
4.570574	321.6792
4.574131	321.7057
4.572643	321.7445
4.574669	321.7704
4.578243	321.7766
4.579799	321.8124
4.579303	321.8564
4.583138	321.8937
4.582069	321.9191
4.586476	321.9585
4.586888	321.9859
4.59026	322.003
4.589553	322.0413
4.59084	322.0589
4.594213	322.0709
4.596794	322.1107
4.596769	322.1496
4.598207	322.1791
4.600679	322.1936
4.604312	322.233
4.605262	322.2486
4.605515	322.2812
4.603278	322.3159
4.607466	322.3573
4.611662	322.3775
4.615446	322.4174
4.615059	322.4464
4.615665	322.4739
4.618381	322.5184
4.620652	322.5376
4.623317	322.563
4.624066	322.6096
4.625462	322.6303
4.626261	322.6485
4.629044	322.6785
4.631029	322.7179
4.633383	322.7293
4.634443	322.778
4.6362	322.8028
4.639875	322.8127
4.641784	322.8458
4.642608	322.8899
4.645611	322.9189
4.644904	322.9391
4.646057	322.9888
4.649782	323.0261
4.649832	323.0577
4.652717	323.0826
4.655652	323.0986
4.659671	323.1354
4.660033	323.1602
4.65989	323.1769
4.659839	323.2188
4.664237	323.2499
4.667324	323.2789
4.668972	323.3095
4.664212	323.3183
4.668156	323.3545
4.674371	323.3996
4.678062	323.4151
4.678474	323.4442
4.67818	323.4742
4.679399	323.5286
4.681123	323.5379
4.683251	323.5706
4.684109	323.6006
4.686363	323.6171
4.689844	323.657
4.692089	323.6835
4.692821	323.6762
4.694486	323.7234
4.696706	323.7322
4.697227	323.7928
4.698985	323.8016
4.703047	323.8627
4.703181	323.8803
4.704661	323.9088
4.708404	323.9326
4.704518	323.9601
4.710119	324.0062
4.711658	324.0155
4.714181	324.0538
4.71413	324.0622
4.717292	324.1078
4.719109	324.1243
4.721178	324.1559
4.723321	324.1855
4.72497	324.2186
4.725735	324.2523
4.727022	324.2797
4.729764	324.3025
4.727199	324.3502
4.734842	324.3507
4.734582	324.4056
4.739628	324.4445
4.739619	324.4698
4.740544	324.4818
4.741932	324.5398
4.744177	324.5372
4.746481	324.5755
4.746683	324.5978
4.748869	324.6346
4.752469	324.649
4.754638	324.7055
4.755714	324.7185
4.759322	324.7408
4.761685	324.777
4.761542	324.8066
4.762938	324.8412
4.764368	324.8739
4.764948	324.9013
4.765419	324.9324
4.768573	324.9563
4.769952	324.9998
4.772593	325.0138
4.77387	325.0485
4.774543	325.0661
4.776528	325.1013
4.778142	325.135
4.782095	325.1593
4.787637	325.1977
4.785139	325.2246
4.78889	325.2422
4.791589	325.2827
4.786981	325.3116
4.789672	325.3411
4.79444	325.3728
4.794457	325.3831
4.796778	325.423
4.797938	325.4598
4.79957	325.4997
4.798577	325.5266
4.803547	325.5504
4.805624	325.5779
4.806356	325.5862
4.808416	325.6276
4.810384	325.6654
4.811721	325.6768
4.813251	325.7058
4.813715	325.7416
4.816489	325.7607
4.817667	325.8027
4.820812	325.8286
4.820988	325.8452
4.825395	325.8789
4.823688	325.912
4.82822	325.9317
4.831491	325.9752
4.831584	325.9944
4.831861	326.0255
4.833745	326.0638
4.837311	326.0768
4.838513	326.1192
4.840792	326.1508
4.841961	326.1731
4.843096	326.1912
4.846275	326.2233
4.848655	326.2384
4.850564	326.2736
4.850665	326.3171
4.853466	326.3601
4.855358	326.3705
4.856333	326.3865
4.859604	326.4295
4.858662	326.4518
4.861883	326.4679
4.862422	326.5259
4.864549	326.5596
4.866887	326.5917
4.870705	326.6036
4.870183	326.6341
4.871184	326.6621
4.871537	326.6714
4.874413	326.7129
4.877112	326.7336
4.880182	326.7688
4.883756	326.8118
4.88289	326.8149
4.884235	326.8533
4.887178	326.8983
4.889474	326.9247
4.892292	326.9646
4.892745	326.9745
4.893384	326.9983
4.895588	327.0625
4.896387	327.075
4.898725	327.0838
4.899969	327.1009
4.90377	327.161
4.906108	327.1822
4.904838	327.1921
4.906453	327.2263
4.909135	327.2729
4.911481	327.292
4.912709	327.319
4.914063	327.3464
4.916847	327.3702
4.918832	327.3972
4.921708	327.4335
4.921505	327.4785
4.92328	327.4816
4.922986	327.5392
4.926803	327.5547
4.925306	327.6034
4.929074	327.621
4.928292	327.6505
4.943034	327.6702
4.946061	327.6961
4.938896	327.7329
4.949862	327.7546
4.946078	327.7847
4.943227	327.8023
4.944859	327.8448
4.947877	327.8681
4.949038	327.894
4.952662	327.9417
4.951275	327.9541
4.956556	327.9898
4.962997	328.0256
4.959676	328.0551
4.962275	328.0758
4.961324	328.0846
4.964141	328.1333
4.967244	328.1659
4.96632	328.1675
4.970558	328.2136
4.971264	328.2214
4.972088	328.2654
4.974174	328.2773
4.97715	328.3317
4.978454	328.3654
4.980169	328.382
4.984828	328.4089
4.983163	328.4488
4.984568	328.483
4.983979	328.5229
4.985097	328.5399
4.988755	328.5959
4.992658	328.5985
4.994196	328.6197
4.993179	328.6544
4.994877	328.6855
4.999805	328.7063
5.001344	328.7187
5.00216	328.7472
5.003632	328.7938
5.007567	328.8052
5.008812	328.8373
5.012705	328.8808
5.012638	328.9135
5.014884	328.9414
5.016498	328.9554
5.018617	329.0031
5.021132	329.0145
5.023116	329.0528
5.021148	329.0761
5.023376	329.115
5.027498	329.1378
5.030575	329.1601
5.03166	329.1906
5.032282	329.2051
5.034166	329.2549
5.035016	329.2559
5.036891	329.3051
5.038774	329.3413
5.04081	329.3532
5.042802	329.4071
5.043887	329.4258
5.04551	329.446
5.048311	329.4771
5.047116	329.5206
5.049084	329.532
5.05122	329.5729
5.046031	329.5916
5.053037	329.6221
5.061589	329.6542
5.060294	329.6687
5.063128	329.6988
5.063767	329.7299
5.065853	329.7428
5.06856	329.7749
5.068645	329.8065
5.071386	329.8366
5.074666	329.8718
5.076314	329.8987
5.078845	329.9055
5.078593	329.9469
5.07824	329.9707
5.081839	330.0199
5.081301	330.051
5.083504	330.065
5.087667	330.1065
5.088718	330.1236
5.092334	330.1386
5.093259	330.1769
5.093805	330.2049
5.094419	330.1997
5.096984	330.2464
5.100659	330.2686
5.100373	330.3152
5.102492	330.3479
5.107816	330.3691
5.107285	330.395
5.10816	330.4193
5.109472	330.4634
5.11059	330.511
5.113786	330.5048
5.116309	330.5359
5.116107	330.5701
5.119648	330.5934
5.121758	330.6209
5.123734	330.6343
5.127905	330.6939
5.129183	330.696
5.124895	330.7561
5.126442	330.7556
5.133926	330.7856
5.133371	330.8333
5.136357	330.8312
5.138896	330.8478
5.137862	330.9135
5.139477	330.9307
5.139452	330.9628
5.142689	330.9809
5.144287	331.0094
5.141772	331.0425
5.144859	331.0659
5.15125	331.085
5.147542	331.1373
5.15178	331.1674
5.154025	331.1606
5.159062	331.2068
5.157565	331.2389
5.161206	331.2581
5.163822	331.316
5.16653	331.3233
5.160761	331.3875
5.160845	331.3912
5.168489	331.4103
5.174536	331.4419
5.175536	331.4761
5.171988	331.5155
5.174477	331.53
5.173938	331.5528
5.176167	331.5942
5.18313	331.6284
5.185426	331.6528
5.18672	331.6548
5.189	331.6776
5.193431	331.7325
5.194659	331.7424
5.19397	331.7605
5.196072	331.8056
5.198527	331.8362
5.199747	331.8615
5.202261	331.8864
5.20253	331.9227
5.204742	331.9615
5.205137	331.9879
5.20671	332.0004
5.207483	332.019
5.215943	332.0625
5.214581	332.0895
5.216339	332.1123
5.217591	332.1304
5.21892	332.1858
5.219139	332.2045
5.223537	332.2211
5.223411	332.2506
5.226833	332.2765
5.228061	332.3034
5.228616	332.335
5.231013	332.3521
5.234561	332.3951
5.236058	332.4179
5.238119	332.4495
5.240002	332.4718
5.242433	332.4946
5.242105	332.5365
5.242609	332.5464
5.245914	332.5557
5.247243	332.6184
5.249387	332.608
5.251187	332.6458
5.251187	332.6914
5.251834	332.7194
5.254896	332.7505
5.258285	332.7671
5.260933	332.8048
5.261757	332.8328
5.264945	332.8557
5.264566	332.8857
5.266635	332.908
5.269587	332.9396
5.269822	332.9639
5.270697	332.9877
5.273035	333.0188
5.27623	333.0276
5.279207	333.0742
5.277946	333.0976
5.27993	333.1069
5.283151	333.1494
5.284732	333.1613
5.286506	333.2183
5.286952	333.2307
5.287289	333.2633
5.289854	333.2913
5.292713	333.3094
5.295193	333.3426
5.297884	333.3949
5.29928	333.3767
5.301349	333.4286
5.304889	333.4653
5.305394	333.4855
5.305613	333.5125
5.308043	333.526
5.307412	333.5596
5.312517	333.5845
5.315922	333.6078
5.316772	333.6358
5.316141	333.6638
5.316503	333.7124
5.317688	333.7285
5.319698	333.7353
5.320909	333.7896
5.32429	333.8119
5.325467	333.8363
5.328133	333.857
5.332783	333.8907
5.333002	333.9181
5.335356	333.9435
5.336979	333.9694
5.339594	334.001
5.341705	334.0134
5.340368	334.0393
5.344968	334.0782
5.345355	334.1061
5.346347	334.1207
5.349316	334.1357
5.351275	334.1947
5.35326	334.2191
5.35395	334.2445
5.355715	334.2626
5.354252	334.2926
5.357372	334.3325
5.361055	334.3574
5.361762	334.3864
5.365613	334.4019
5.368195	334.4382
5.367245	334.4491
5.36912	334.4983
5.372904	334.4957
5.370289	334.5413
5.37245	334.5537
5.375385	334.5858
5.377563	334.6091
5.379657	334.6656
5.375318	334.6837
5.377252	334.6936
5.385585	334.7221
5.388874	334.764
5.388739	334.7749
5.389294	334.8122
5.388327	334.8459
5.393591	334.8702
5.39534	334.8909
5.399402	334.9283
5.400849	334.9298
5.401538	334.9857
5.404246	334.9945
5.40449	335.021
5.407315	335.0738
5.408829	335.0738
5.412664	335.1251
5.412639	335.1608
5.415279	335.1748
5.413109	335.194
5.416339	335.2313
5.418416	335.2577
5.418063	335.2779
5.424412	335.2935
5.42675	335.3266
5.424597	335.3484
5.427843	335.3748
5.429011	335.4095
5.430425	335.423
5.43436	335.4541
5.434747	335.4789
5.437379	335.5074
5.435832	335.5266
5.440112	335.5701
5.440196	335.5929
5.442736	335.6234
5.444325	335.6462
5.447933	335.7136
5.451196	335.7167
5.450826	335.7498
5.451978	335.7618
5.454535	335.8079
5.457166	335.8333
5.459016	335.8685
5.459891	335.8622
5.4618	335.8933
5.465172	335.9327
5.46524	335.9301
5.466433	335.9659
5.470596	335.9809
5.469402	336.0135
5.471858	336.0461
5.47454	336.0726
5.474557	336.1197
5.476558	336.1373
5.477307	336.1678
5.478392	336.1964
5.482563	336.229
5.486111	336.2523
5.486784	336.286
5.485262	336.2995
5.488609	336.3502
5.4913	336.3554
5.495345	336.3906
5.493545	336.4279
5.495782	336.4155
5.49918	336.4709
5.500559	336.5087
5.501156	336.53
5.504865	336.5528
5.504772	336.5895
5.508161	336.6139
5.508648	336.6393
5.509363	336.6636
5.513812	336.6983
5.516276	336.717
5.516831	336.7471
5.515561	336.7595
5.518883	336.8004
5.522843	336.8242
5.525375	336.8377
5.526283	336.8688
5.528243	336.8952
5.532237	336.9133
5.539343	336.9573
5.544002	336.9765
5.541748	337.0159
5.534465	337.0377
5.541714	337.0506
5.545145	337.1003
5.546491	337.1195
5.546642	337.1599
5.542623	337.1718
5.543884	337.221
5.545826	337.2174
5.552108	337.264
5.553723	337.2873
5.558533	337.3055
5.563688	337.3179
5.563049	337.3361
5.563158	337.3811
5.565193	337.4008
5.565597	337.4225
5.567615	337.4687
5.56981	337.479
5.572888	337.5199
5.57615	337.5495
5.57351	337.5836
5.572223	337.6137
5.577193	337.6339
5.577463	337.6551
5.582256	337.6945
5.583383	337.7085
5.580894	337.7303
5.583618	337.7567
5.58403	337.7697
5.590312	337.7675
5.594718	337.7914
5.590118	337.8613
5.596316	337.867
5.598604	337.9178
5.59942	337.9473
5.604213	337.9789
5.606332	338.0022
5.605491	338.0333
5.605802	338.0343
5.610747	338.0861
5.612765	338.111
5.612941	338.1187
5.611605	338.168
5.613018	338.1892
5.61681	338.2208
5.617626	338.2421
5.620434	338.2576
5.619417	338.2845
5.61972	338.2944
5.622915	338.3224
5.627919	338.354
5.628987	338.3959
5.630424	338.427
5.63505	338.4461
5.636404	338.4876
5.636622	338.5109
5.638582	338.5477
5.639473	338.5731
5.641357	338.5917
5.643686	338.6202
5.6452	338.6482
5.646024	338.6658
5.647689	338.6798
5.651263	338.701
5.652584	338.7399
5.652566	338.7673
5.65588	338.7813
5.656872	338.8393
5.661355	338.8368
5.663305	338.8673
5.662582	338.917
5.662784	338.9471
5.661253	338.9709
5.664373	338.9984
5.667998	339.017
5.669621	339.0491
5.673229	339.0652
5.676155	339.1206
5.677601	339.118
5.677887	339.1326
5.681007	339.1766
5.680562	339.1931
5.681638	339.2247
5.687003	339.2418
5.690013	339.2838
5.687432	339.3014
5.690249	339.3294
5.689257	339.3657
5.692166	339.4009
5.695051	339.4273
5.703469	339.4449
5.699727	339.4812
5.697868	339.4796
5.702106	339.5273
5.707438	339.5475
5.707085	339.5749
5.704966	339.5946
5.711029	339.6205
5.710104	339.6293
5.713678	339.6816
5.717764	339.6931
5.715645	339.7325
5.720397	339.7567
5.725013	339.7997
5.724206	339.8055
5.724483	339.8417
5.727275	339.877
5.727931	339.9251
5.727788	339.9287
5.731211	339.9567
5.731548	339.9842
5.732784	339.9951
5.73164	340.0277
5.739579	340.0557
5.742926	340.0702
5.73243	340.093
5.741059	340.1085
5.756246	340.1603
5.747139	340.1562
5.743195	340.1909
5.752445	340.2162
5.753631	340.2531
5.754244	340.2903
5.756195	340.2945
5.759795	340.3499
5.761443	340.3717
5.762284	340.4017
5.762099	340.4172
5.763242	340.4473
5.766135	340.4773
5.77002	340.4934
5.772241	340.5462
5.772686	340.5348
5.775461	340.5732
5.774839	340.5965
5.776857	340.6421
5.779439	340.6587
5.779439	340.6763
5.78419	340.7136
5.781575	340.7493
5.785956	340.7664
5.787176	340.8198
5.788126	340.8239
5.790623	340.8291
5.792154	340.8747
5.79561	340.9063
5.797915	340.9094
5.797738	340.9342
5.800513	340.9793
5.800092	340.9943
5.802952	341.0244
5.80624	341.0249
5.806458	341.0544
5.808208	341.0943
5.811235	341.1285
5.812496	341.1456
5.809628	341.17
5.815019	341.2171
5.81787	341.2352
5.818299	341.2482
5.819434	341.315
5.819384	341.3098
5.825396	341.345
5.825093	341.3756
5.825497	341.387
5.830829	341.4212
5.834134	341.4341
5.833335	341.4601
5.834378	341.4777
5.834579	341.5015
5.83616	341.545
5.84277	341.5709
5.842316	341.5812
5.845907	341.6071
5.848051	341.6367
5.847639	341.6703
5.849228	341.7139
5.847067	341.7268
5.853063	341.7506
5.853786	341.775
5.856031	341.7807
5.859816	341.8351
5.85863	341.8522
5.861809	341.8911
5.865745	341.8978
5.86365	341.9232
5.867452	341.9506
5.871799	342.0029
5.871202	342.0278
5.871715	342.0288
5.872573	342.0469
5.874885	342.1076
5.8783	342.1324
5.880965	342.1495
5.885221	342.1547
5.888685	342.1988
5.889274	342.2536
5.888063	342.2583
5.888416	342.28
5.893596	342.308
5.894345	342.3122
5.893706	342.3448
5.893521	342.3671
5.897422	342.3883
5.899676	342.4153
5.901123	342.4583
5.902905	342.4727
5.905033	342.4904
5.908018	342.5158
5.910482	342.5567
5.914031	342.5712
5.911306	342.6183
5.914679	342.637
5.915435	342.6541
5.915713	342.6898
5.917655	342.7323
5.918017	342.7422
5.921238	342.752
5.922936	342.7981
5.925249	342.8059
5.926486	342.8219
5.927671	342.8478
5.929908	342.8861
5.932826	342.9167
5.933945	342.9488
5.936013	342.9753
5.938132	342.982
5.937316	343.0229
5.938629	343.0654
5.939469	343.0633
5.943624	343.1136
5.946727	343.1307
5.949863	343.1654
5.952613	343.1964
5.951302	343.2006
5.950141	343.2389
5.955456	343.2472
5.953143	343.2964
5.951571	343.3228
5.95681	343.3492
5.961535	343.3772
5.963983	343.4021
5.96114	343.4197
5.968566	343.4627
5.969482	343.4798
5.973485	343.5016
5.972443	343.5301
5.973738	343.5451
5.974713	343.5897
5.973653	343.6057
5.978068	343.6363
5.979465	343.6523
5.98224	343.6818
5.984182	343.7078
5.984737	343.7176
5.990035	343.7657
5.990397	343.7704
5.994871	343.802
5.995753	343.8331
5.995022	343.8823
5.996821	343.8854
6.000976	343.9289
6.002775	343.9491
6.005634	343.9958
6.008948	344.0134
6.005878	344.0419
6.00851	344.0735
6.01047	344.0947
6.011008	344.0963
6.011353	344.1481
6.014363	344.1476
6.016583	344.1641
6.017845	344.2097
6.019098	344.2253
6.020855	344.2475
6.024959	344.2724
6.023883	344.2905
6.027449	344.3294
6.029147	344.3729
6.030762	344.3905
6.031754	344.4283
6.033158	344.4335
6.03484	344.4693
6.037439	344.5107
6.040365	344.5174
6.04166	344.562
6.042905	344.5594
6.043569	344.6019
6.048463	344.6194
6.050465	344.6505
6.051373	344.6728
6.051516	344.7024
6.051567	344.7106
6.055687	344.7386
6.05726	344.7759
6.058849	344.808
6.061641	344.8267
6.064618	344.8484
6.063314	344.9018
6.066762	344.8951
6.068864	344.9313
6.067965	344.9614
6.07021	344.9878
6.071614	345.0116
6.072926	345.0391
6.076063	345.0707
6.080932	345.0981
6.081184	345.0955
6.081748	345.1251
6.08343	345.1572
6.083362	345.1701
6.085994	345.21
6.087811	345.2261
6.091477	345.2706
6.093033	345.3058
6.096262	345.3235
6.096364	345.3696
6.096204	345.3861
6.099643	345.4203
6.098634	345.4297
6.099231	345.4499
6.104251	345.469
6.106093	345.4934
6.108675	345.5177
6.1124	345.5364
6.113199	345.555
6.11573	345.5959
6.117008	345.6027
6.115991	345.6524
6.11811	345.6788
6.121928	345.7166
6.122458	345.7275
6.122743	345.7596
6.126023	345.7917
6.128386	345.8187
6.127167	345.8513
6.130732	345.8954
6.134449	345.8933
6.136787	345.8975
6.137325	345.9435
6.139167	345.9523
6.139369	345.9871
6.140706	346.0176
6.142909	346.0394
6.146189	346.0575
6.146895	346.0875
6.148409	346.1274
6.152412	346.1393
6.153059	346.1704
6.152076	346.1958
6.153497	346.201
6.157163	346.2554
6.159618	346.3
6.159955	346.3062
6.161477	346.3305
6.163126	346.3513
6.164403	346.3952
6.167776	346.4123
6.171854	346.4409
6.173729	346.429
6.173234	346.4595
6.174016	346.4947
6.177438	346.5325
6.178094	346.5419
6.180003	346.5558
6.181551	346.5993
6.180944	346.647
6.184628	346.6501
6.186915	346.6791
6.188909	346.7118
6.192146	346.7408
6.19313	346.7511
6.194248	346.7791
6.196317	346.7915
6.199748	346.8014
6.200387	346.8428
6.201952	346.8661
6.2018	346.8734
6.204634	346.8993
6.206862	346.9392
6.210891	346.9636
6.210336	346.9967
6.212489	347.034
6.216415	347.0511
6.215659	347.0744
6.218526	347.121
6.21983	347.1319
6.222848	347.1391
6.222235	347.1749
6.226944	347.207
6.226448	347.2158
6.225329	347.2521
6.226389	347.2624
6.231132	347.2821
6.231721	347.3142
6.233083	347.3396
6.234992	347.3629
6.238507	347.3878
6.241383	347.4282
6.242359	347.4598
6.243418	347.4815
6.244074	347.5173
6.245226	347.5256
6.248909	347.5494
6.250053	347.5815
6.2507	347.6292
6.254745	347.6406
6.258211	347.6794
6.261187	347.6515
6.261019	347.7048
6.259732	347.7385
6.262239	347.7452
6.265417	347.7753
6.26688	347.8126
6.266897	347.823
6.269824	347.8633
6.272263	347.8856
6.272431	347.9042
6.274567	347.9333
6.277535	347.9519
6.279275	347.9991
6.282984	348.0052
6.283952	348.0415
6.282631	348.0586
6.284027	348.1011
6.287719	348.0985
6.289123	348.1529
6.291494	348.1498
6.291898	348.2073
6.29067	348.1975
6.296775	348.2296
6.298996	348.2638
6.300442	348.3073
6.300215	348.3083
6.302284	348.343
6.305581	348.3772
6.308095	348.384
6.307674	348.4207
6.309583	348.4549
6.310138	348.4684
6.313763	348.4964
6.316706	348.528
6.315503	348.5492
6.318522	348.5606
6.319523	348.587
6.322962	348.6119
6.324165	348.6389
6.326571	348.6533
6.328244	348.6917
6.329782	348.7031
6.331818	348.7341
6.331397	348.7554
6.333499	348.801
6.336569	348.8134
6.339941	348.8549
6.338494	348.8678
6.337611	348.8984
6.341934	348.9232
6.347476	348.9403
6.347451	348.9756
6.348216	348.9895
6.349477	349.0149
6.352538	349.0201
6.356659	349.0579
6.356449	349.0698
6.357349	349.0963
6.356785	349.1232
6.359291	349.1533
6.361065	349.1703
6.361587	349.2055
6.365286	349.2216
6.367229	349.261
6.370131	349.2796
6.368213	349.2889
6.372595	349.3242
6.377497	349.3584
6.377405	349.3775
6.378776	349.3894
6.38092	349.4392
6.383543	349.4464
6.383149	349.4692
6.387278	349.4894
6.386319	349.4972
6.387614	349.5257
6.390784	349.5547
6.390709	349.5666
6.392264	349.6111
6.393391	349.6365
6.398168	349.6718
6.401262	349.7023
6.403221	349.7122
6.402952	349.7464
6.403121	349.7588
6.405938	349.7997
6.406282	349.8033
6.409192	349.8293
6.411555	349.8567
6.411891	349.8805
6.414271	349.9137
6.416643	349.9194
6.417534	349.9515
6.419569	349.9769
6.422941	349.9966
6.424817	350.0199
6.424598	350.0748
6.427979	350.0924
6.428063	350.0955
6.430107	350.1359
6.432149	350.1696
6.434656	350.1893
6.437885	350.2173
6.439592	350.224
6.440635	350.2468
6.442931	350.2831
6.442611	350.2996
6.443772	350.3037
6.445555	350.354
6.448641	350.3535
6.448421	350.3763
6.451861	350.4187
6.452383	350.4452
6.455477	350.4918
6.45573	350.498
6.455966	350.541
6.459136	350.541
6.460052	350.583
6.463206	350.6016
6.464787	350.6301
6.466746	350.6617
6.468966	350.6669
6.468941	350.6985
6.470387	350.7094
6.473877	350.7342
6.474584	350.7498
6.477056	350.7746
6.479847	350.7938
6.485155	350.8177
6.486315	350.8689
6.485314	350.8855
6.484246	350.9
6.48692	350.929
6.488064	350.9679
6.487442	350.9782
6.490048	351.0238
6.496389	351.0399
6.496633	351.0658
6.497802	351.0963
6.497945	351.1129
6.503823	351.131
6.503554	351.16
6.504092	351.2015
6.508944	351.2025
6.509079	351.2279
6.510416	351.2595
6.510853	351.2968
6.513409	351.3212
6.515857	351.3455
6.517766	351.3813
6.517336	351.402
6.518833	351.4149
6.521895	351.4528
6.524468	351.4859
6.529539	351.505
6.531212	351.5165
6.529489	351.5517
6.530909	351.5786
6.531154	351.5807
6.534265	351.6071
6.538907	351.6252
6.539714	351.6651
6.543683	351.6651
6.546786	351.6946
6.539579	351.7242
6.548081	351.7574
6.547383	351.7781
6.54835	351.8055
6.552295	351.8325
6.552446	351.862
6.556424	351.8812
6.556483	351.906
6.560157	351.9314
6.56104	351.9397
6.563017	351.9759
6.564168	352.0153
6.566002	352.0205
6.568172	352.0329
6.564741	352.0832
6.565808	352.1122
6.567558	352.107
6.569592	352.1536
6.573032	352.1557
6.575294	352.1956
6.575555	352.2308
6.580827	352.2598
6.581357	352.2785
6.584352	352.2956
6.587513	352.3303
6.586143	352.3593
6.587547	352.3753
6.590574	352.3966
6.592214	352.4463
6.591987	352.4385
6.594282	352.4686
6.596301	352.494
6.599908	352.5085
6.601515	352.5282
6.604828	352.5447
6.605887	352.5965
6.608032	352.623
6.607393	352.6478
6.61137	352.6794
6.610958	352.6919
6.613473	352.7193
6.615651	352.7126
6.617114	352.7623
6.618821	352.7856
6.620562	352.8343
6.622773	352.8348
6.625263	352.8488
6.627012	352.8799
6.628761	352.9234
6.632075	352.9426
6.631999	352.9618
6.633882	352.9731
6.63469	353.011
6.635177	353.0343
6.639374	353.0648
6.638978	353.098
6.641199	353.1006
6.642712	353.1472
6.645648	353.184
6.646934	353.1964
6.648465	353.2109
6.649179	353.2612
6.647976	353.2461
6.652223	353.2876
6.656235	353.3124
6.655562	353.3275
6.659817	353.3544
6.660364	353.3907
6.662054	353.4021
6.664627	353.4301
6.668109	353.4425
6.66662	353.4917
6.666191	353.5036
6.671296	353.5482
6.673642	353.5699
6.672607	353.5854
6.676148	353.6114
6.676392	353.6305
6.678998	353.6461
6.67989	353.6839
6.682615	353.7124
6.682951	353.7325
6.683902	353.7559
6.685962	353.759
6.691293	353.7922
6.693151	353.8004
6.692327	353.8455
6.696423	353.8838
6.699282	353.9103
6.704235	353.9346
6.700586	353.961
6.703378	353.988
6.702183	354.0014
6.70532	354.0325
6.706606	354.0672
6.706944	354.0771
6.710391	354.1045
6.712527	354.1139
6.713376	354.1356
6.715916	354.1817
6.718834	354.1874
6.72055	354.2097
6.719826	354.2325
6.723493	354.2687
6.726377	354.3076
6.72747	354.3159
6.730388	354.3412
6.730784	354.3868
6.732844	354.4096
6.73477	354.4298
6.734677	354.434
6.736603	354.477
6.741354	354.4889
6.738546	354.5195
6.741094	354.536
6.745063	354.5531
6.747569	354.5826
6.749528	354.5894
6.74894	354.6339
6.751925	354.6485
6.753918	354.6775
6.756189	354.722
6.756248	354.708
6.759838	354.7427
6.759973	354.7997
6.761705	354.8111
6.764303	354.8359
6.765615	354.8629
6.768912	354.881
6.769307	354.9152
6.769921	354.9333
6.769685	354.9587
6.771637	354.9619
6.77733	355.0043
6.780643	355.0245
6.781955	355.0338
6.782148	355.0576
6.782628	355.0945
6.786092	355.1121
6.786715	355.139
6.788741	355.1644
6.791508	355.2012
6.792366	355.2245
6.794132	355.2462
6.793417	355.2716
6.795712	355.2856
6.800161	355.3198
6.799051	355.3333
6.803449	355.3395
6.806249	355.3824
6.805535	355.4162
6.806964	355.4131
6.807216	355.4524
6.807704	355.4664
6.810437	355.5001
6.812237	355.5285
6.81428	355.5425
6.817291	355.569
6.81825	355.6239
6.820487	355.628
6.822144	355.6643
6.824868	355.6985
6.823455	355.6969
6.826911	355.7399
6.830132	355.7415
6.83178	355.7819
6.8339	355.7928
6.835783	355.8176
6.835834	355.842
6.837019	355.8259
6.838971	355.8819
6.842855	355.8943
6.842822	355.9419
6.84442	355.9549
6.847187	355.9798
6.848835	356.0145
6.847035	356.0248
6.85367	356.0502
6.857168	356.101
6.851484	356.1062
6.856899	356.1398
6.857177	356.145
6.853695	356.1626
6.859304	356.1901
6.865645	356.2217
6.869185	356.243
6.869564	356.2688
6.873096	356.2978
6.868883	356.3211
6.874542	356.3362
6.876804	356.3807
6.879562	356.3926
6.882531	356.4149
6.883389	356.4419
6.882413	356.4548
6.880925	356.4895
6.886441	356.5071
6.888981	356.5403
6.890394	356.5641
6.891588	356.5838
6.893472	356.5967
6.893791	356.6226
6.896726	356.6573
6.898525	356.6635
6.899055	356.7014
6.898029	356.7185
6.901754	356.7433
6.906565	356.7604
6.909307	356.7755
6.910005	356.8138
6.911089	356.8179
6.912258	356.8785
6.913418	356.8972
6.916319	356.9267
6.919347	356.9381
6.921113	356.9619
6.923283	356.992
6.926285	357.0117
6.928522	357.0371
6.92837	357.0583
6.930986	357.0822
6.932239	357.1018
6.934232	357.1319
6.935981	357.1355
6.937461	357.1619
6.937663	357.1868
6.941035	357.2261
6.94085	357.2469
6.941783	357.2525
6.943794	357.2966
6.945652	357.321
6.946064	357.3297
6.948091	357.3696
6.948006	357.3966
6.951883	357.4214
6.955524	357.4152
6.957526	357.4536
6.959309	357.4701
6.958686	357.5049
6.961302	357.5178
6.961369	357.5587
6.96416	357.5903
6.96755	357.61
6.967861	357.6116
6.96813	357.6375
6.971107	357.6696
6.9759	357.7141
6.977725	357.711
6.978213	357.7468
6.979987	357.7882
6.981803	357.8017
6.983292	357.811
6.982485	357.8307
6.984015	357.8643
6.988767	357.8944
6.988867	357.9084
6.990213	357.9436
6.991559	357.9695
6.994283	357.9669
6.996368	358.0037
6.997386	358.0379
7.000363	358.0602
7.000641	358.0633
7.00487	358.1073
7.004736	358.1342
7.008293	358.1446
7.008344	358.1685
7.007057	358.2068
7.000431	358.2316
7.004324	358.2493
7.007049	358.2819
7.009757	358.2866
7.014029	358.3181
7.017031	358.329
7.019629	358.3482
7.022791	358.3741
7.018578	358.401
7.01619	358.4352
7.022943	358.4637
7.030561	358.4995
7.034539	358.4969
7.035817	358.5326
7.039475	358.545
7.040308	358.5948
7.043511	358.6263
7.04273	358.6315
7.041401	358.6258
7.04489	358.6673
7.047279	358.6864
7.04775	358.7165
7.048894	358.7491
7.051257	358.7533
7.055243	358.7839
7.055899	358.8237
7.055781	358.8393
7.056244	358.8445
7.059818	358.8962
7.061264	358.9304
7.064459	358.9382
7.064636	358.9589
7.065208	358.9797
7.069707	358.9828
7.071776	359.0345
7.071372	359.0776
7.072802	359.0889
7.077519	359.0947
7.078688	359.1216
7.079083	359.1392
7.082203	359.1677
7.081059	359.192
7.084053	359.2097
7.084869	359.2257
7.088207	359.2884
7.090184	359.2755
7.091874	359.3216
7.095053	359.3324
7.096364	359.3682
7.096281	359.3966
7.097542	359.4143
7.099055	359.449
7.100914	359.4619
7.102058	359.4883
7.105447	359.4987
7.10585	359.536
7.10887	359.5298
7.109962	359.5806
7.111157	359.5977
7.11331	359.6163
7.118061	359.6298
7.12076	359.6583
7.116942	359.6779
7.118154	359.7043
7.120954	359.7365
7.123426	359.7391
7.124527	359.7841
7.127942	359.8349
7.129119	359.8354
7.132802	359.866
7.133795	359.8795
7.133248	359.8935
7.135679	359.9364
7.137419	359.9385
7.138437	359.9888
7.139749	359.994
7.142818	360.0146
7.144104	360.0582
7.147779	360.0753
7.148495	360.0965
7.149193	360.1208
7.154449	360.1499
7.154415	360.1701
7.155239	360.1835
7.155466	360.2265
7.159082	360.2364
7.160545	360.2612
7.164135	360.2918
7.164565	360.3006
7.166112	360.3488
7.166028	360.3555
7.167458	360.3773
7.169594	360.3923
7.173285	360.4275
7.175009	360.4182
7.175211	360.4825
7.176489	360.4949
7.180635	360.5135
7.180946	360.5337
7.182822	360.5746
7.183318	360.585
7.185798	360.6239
7.187952	360.6544
7.190205	360.6793
7.190466	360.687
7.193207	360.7275
7.194712	360.7477
7.195696	360.7539
7.199296	360.7845
7.200952	360.7865
7.204106	360.816
7.206385	360.8404
7.208168	360.858
7.207991	360.8932
7.210244	360.9202
7.212061	360.9596
7.211127	360.9554
7.212027	361.0082
7.214508	361.015
7.216729	361.0414
7.217771	361.074
7.220832	361.0813
7.222422	361.116
7.223094	361.1424
7.226433	361.1564
7.226828	361.1906
7.229157	361.1813
7.231318	361.232
7.233968	361.245
7.234833	361.2745
7.236255	361.2854
7.23607	361.3217
7.237684	361.347
7.241014	361.3771
7.243806	361.3947
7.244689	361.403
7.246102	361.4366
7.245497	361.4688
7.247456	361.5004
7.251552	361.4973
7.250265	361.5371
7.254259	361.5739
7.256984	361.577
7.259229	361.5926
7.262012	361.6304
7.262989	361.6428
7.265435	361.662
7.265561	361.6858
7.269649	361.7133
7.272962	361.7283
7.273921	361.7428
7.277511	361.7697
7.278831	361.7956
7.275543	361.8428
7.277208	361.8495
7.280051	361.8697
7.280194	361.8998
7.282733	361.9246
7.284667	361.9583
7.284693	361.9578
7.292412	361.9889
7.292614	362.0163
7.292295	362.0267
7.294322	362.0428
7.295179	362.0536
7.298055	362.0951
7.30025	362.1184
7.301217	362.1329
7.30025	362.1717
7.304329	362.1992
7.305826	362.222
7.309391	362.2572
7.311107	362.2505
7.312183	362.2847
7.308651	362.3038
7.310577	362.3359
7.314714	362.366
7.315757	362.3836
7.321787	362.4064
7.322451	362.4375
7.322535	362.4525
7.323881	362.481
7.3233	362.4888
7.326874	362.5069
7.330919	362.5597
7.331903	362.5659
7.332306	362.583
7.334729	362.6302
7.33773	362.6338
7.338243	362.6903
7.340716	362.6908
7.343659	362.7006
7.34334	362.7281
7.344862	362.7493
7.34635	362.7866
7.348814	362.7866
7.352489	362.8136
7.354381	362.8436
7.356374	362.8705
7.356551	362.8886
7.356609	362.912
7.358981	362.9379
7.362976	362.9565
7.363716	362.9809
7.367105	363.0083
7.368744	363.0487
7.366508	363.0658
7.367206	363.0824
7.37035	363.1326
7.373496	363.1373
7.376607	363.157
7.377683	363.1855
7.378146	363.214
7.378247	363.1938
7.381241	363.2337
7.381914	363.2534
7.384966	363.2808
7.387018	363.3119
7.388784	363.3388
7.387935	363.3901
7.393098	363.3834
7.397446	363.4212
7.389028	363.4326
7.378886	363.4694
7.391315	363.4818
7.397623	363.5118
7.396538	363.5191
7.390533	363.5585
7.397353	363.5807
7.397917	363.6165
7.406317	363.6067
7.404392	363.6429
7.403375	363.6792
7.400548	363.6699
7.412373	363.7113
7.425828	363.7206
7.428333	363.7232
7.427164	363.7616
7.42423	363.7812
7.425298	363.8299
7.424364	363.8481
7.425112	363.8667
7.428434	363.8962
7.433017	363.9123
7.437491	363.9325
7.437517	363.9605
7.439981	363.9734
7.437971	363.9936
7.439854	364.0081
7.442562	364.0506
7.442184	364.0672
7.446127	364.1081
7.445513	364.1247
7.449466	364.133
7.451619	364.149
7.45299	364.1951
7.456008	364.2086
7.458052	364.2303
7.458313	364.2542
7.459423	364.2993
7.461836	364.2997
7.465251	364.3329
7.466209	364.3288
7.467033	364.3526
7.468404	364.3863
7.469624	364.3894
7.474761	364.4174
7.477478	364.4339
7.478192	364.4572
7.47847	364.5023
7.480244	364.5064
7.482852	364.5552
7.485534	364.5546
7.484517	364.6137
7.486737	364.607
7.490394	364.6443
7.490688	364.6567
7.49015	364.6665
7.492152	364.722
7.493346	364.7318
7.495053	364.7479
7.496055	364.7846
7.49803	364.8038
7.499368	364.824
7.500763	364.8302
7.503866	364.8598
7.506389	364.8753
7.510485	364.909
7.510291	364.9411
7.510746	364.9545
7.514319	364.982
7.515724	364.9981
7.517969	365.0063
7.520138	365.0608
7.521476	365.0856
7.524091	365.1022
7.524949	365.1141
7.52584	365.1296
7.529733	365.1581
7.528287	365.1721
7.531651	365.2146
7.533821	365.2151
7.53483	365.2447
7.535553	365.254
7.539009	365.2912
7.541524	365.3141
7.54429	365.3394
7.545602	365.3658
7.54572	365.3829
7.547335	365.4068
7.547444	365.4478
7.548579	365.4762
7.550791	365.4814
7.553196	365.5202
7.553566	365.5208
7.556181	365.5586
7.560629	365.5498
7.559427	365.5663
7.562698	365.6187
7.565053	365.6161
7.567424	365.6539
7.569578	365.6632
7.570822	365.7052
7.57099	365.7388
7.571226	365.7311
7.576877	365.787
7.57776	365.7787
7.578643	365.8212
7.581998	365.8502
7.582107	365.8715
7.581409	365.8865
7.583873	365.9181
7.583612	365.9326
7.58569	365.9492
7.588641	365.9523
7.590424	366.0108
7.592998	366.0154
7.594915	366.0388
7.596664	366.074
7.598245	366.0901
7.600078	366.1113
7.602265	366.1357
7.602483	366.1548
7.605914	366.1662
7.607108	366.2035
7.607411	366.2092
7.609707	366.2558
7.611667	366.2667
7.615795	366.2957
7.616165	366.3138
7.617586	366.333
7.61979	366.3553
7.623431	366.3755
7.626862	366.3859
7.624692	366.4144
7.623986	366.4247
7.626013	366.4682
7.630436	366.4781
7.630201	366.5252
7.632934	366.5201
7.633673	366.5656
7.636129	366.5822
7.638887	366.632
7.640485	366.6407
7.643748	366.6516
7.643067	366.6697
7.642302	366.6992
7.645262	366.7044
7.647103	366.7428
7.651485	366.7469
7.652191	366.7873
7.653335	366.7791
7.656606	366.821
7.657515	366.849
7.66113	366.8681
7.659365	366.8806
7.660887	366.9308
7.664973	366.9614
7.664275	366.9635
7.666958	366.9956
7.672508	367.0189
7.672971	367.0303
7.674568	367.0603
7.674476	367.1111
7.675426	367.0924
7.677604	367.1178
7.678916	367.1411
7.681616	367.1468
7.685459	367.1903
7.68598	367.2188
7.686997	367.2385
7.687779	367.2722
7.691379	367.2753
7.690983	367.309
7.694566	367.3395
7.696332	367.3484
7.697929	367.3654
7.701075	367.4162
7.699889	367.4209
7.701789	367.4406
7.704767	367.481
7.704035	367.497
7.707004	367.5152
7.708222	367.5281
7.709307	367.5623
7.710687	367.5747
7.716052	367.5887
7.713756	367.6032
7.716161	367.6348
7.718693	367.6643
7.719862	367.6975
7.722552	367.7275
7.722856	367.7596
7.722569	367.7633
7.727942	367.7876
7.728666	367.813
7.730314	367.8306
7.73034	367.8622
7.732821	367.885
7.733812	367.8918
7.734779	367.9197
7.736411	367.9399
7.739977	367.9555
7.744905	367.9544
7.746343	368.0073
7.747839	368.0187
7.745442	368.0461
7.749698	368.0741
7.751632	368.1057
7.753507	368.1124
7.755131	368.1435
7.75693	368.1741
7.761135	368.1783
7.763203	368.2062
7.763346	368.2497
7.762858	368.244
7.76692	368.2735
7.766475	368.2859
7.769224	368.3305
7.771251	368.3626
7.772243	368.3632
7.772521	368.3963
7.775061	368.4155
7.776339	368.4316
7.778761	368.4554
7.781435	368.4922
7.7831	368.5035
7.784353	368.5269
7.785531	368.5466
7.787767	368.5983
7.790845	368.6123
7.794225	368.6258
7.795074	368.6569
7.796379	368.662
7.798262	368.6983
7.799943	368.7014
7.799531	368.6962
7.799448	368.746
7.802484	368.7595
7.806764	368.7698
7.804141	368.8097
7.803476	368.8439
7.807958	368.8662
7.811381	368.8807
7.814408	368.906
7.816998	368.9397
7.815047	368.9563
7.818528	368.9988
7.823246	369.0159
7.824255	369.0324
7.82576	369.034
7.82814	369.0604
7.828166	369.0837
7.830604	369.106
7.832824	369.1185
7.833094	369.1464
7.833868	369.1568
7.833766	369.1759
7.839737	369.1951
7.837483	369.2314
7.841049	369.249
7.844682	369.2754
7.845842	369.321
7.847667	369.3365
7.847431	369.3474
7.850274	369.3821
7.851258	369.3893
7.854059	369.4142
7.856152	369.4246
7.857514	369.4552
7.857749	369.4713
7.860071	369.493
7.86325	369.5096
7.865394	369.5453
7.864956	369.5785
7.866739	369.5888
7.869254	369.6085
7.872449	369.6323
7.874459	369.6603
7.875233	369.6929
7.874931	369.694
7.880808	369.7199
7.882978	369.738
7.882238	369.7681
7.882246	369.7888
7.883222	369.7909
7.88857	369.8193
7.889781	369.8618
7.888814	369.8727
7.89127	369.8799
7.891329	369.8965
7.894516	369.9395
7.896307	369.9545
7.899536	369.9644
7.901134	370.0053
7.902698	370.0276
7.905557	370.0296
7.909098	370.0856
7.907122	370.1074
7.906281	370.1213
7.911124	370.1389
7.911747	370.1643
7.913294	370.1897
7.916338	370.2027
7.91749	370.2182
7.918575	370.2301
7.9195	370.2773
7.921257	370.2881
7.924765	370.3089
7.927068	370.3115
7.928851	370.3524
7.928683	370.3829
7.930575	370.3948
7.93351	370.4296
7.935688	370.455
7.939295	370.4767
7.940666	370.4943
7.940709	370.5016
7.942172	370.529
7.943635	370.5503
7.944417	370.5762
7.945586	370.5984
7.946393	370.6192
7.951851	370.6347
7.951557	370.6606
7.951943	370.6772
7.953407	370.7057
7.958107	370.7145
7.958486	370.7601
7.959159	370.7834
7.9628	370.8036
7.962934	370.8227
7.962699	370.8517
7.965878	370.8797
7.968544	370.8896
7.969334	370.9092
7.972765	370.9346
7.971445	370.9346
7.975944	370.9803
7.97924	370.9896
7.983218	371.0211
7.985783	371.0367
7.983798	371.0367
7.985749	371.074
7.983646	371.1025
7.985808	371.1201
7.988087	371.1273
7.990383	371.1724
7.993461	371.1719
7.99796	371.2072
7.998792	371.2429
7.999978	371.2698
8.000793	371.2916
8.001441	371.3019
8.003333	371.3289
8.007075	371.3465
8.011111	371.3434
8.010237	371.3812
8.010716	371.404
8.011861	371.4149
8.013862	371.4361
8.015989	371.4485
8.016829	371.4957
8.020992	371.5107
8.021212	371.5179
8.024794	371.5537
8.023348	371.5967
8.026299	371.5915
8.029847	371.6231
8.031707	371.6469
8.035289	371.6707
8.037576	371.6832
8.036575	371.7153
8.03592	371.7236
8.04025	371.7464
8.041176	371.7589
8.042521	371.8034
8.046768	371.8013
8.046397	371.8397
8.046406	371.8552
8.050745	371.8878
8.051686	371.9013
8.053335	371.9127
8.055119	371.9562
8.055808	371.9593
8.058112	371.9909
8.060828	372.0225
8.06124	372.024
8.063099	372.0437
8.066109	372.0732
8.065967	372.0836
8.068119	372.0976
8.070028	372.1437
8.071273	372.1515
8.072652	372.1841
8.075712	372.2018
8.075124	372.2313
8.07821	372.2328
8.079043	372.2722
8.083332	372.2758
8.085022	372.3069
8.085493	372.3447
8.08625	372.3618
8.090025	372.369
8.092229	372.4037
8.091295	372.4234
8.095155	372.4141
8.09724	372.4416
8.097367	372.4918
8.097418	372.5006
8.099292	372.5172
8.099965	372.5405
8.102337	372.5514
8.105247	372.5519
8.107013	372.6245
8.108863	372.6296
8.112555	372.6472
8.113866	372.6628
8.11205	372.6995
8.113934	372.6995
8.119038	372.7358
8.125143	372.7736
8.123713	372.7778
8.128314	372.8135
8.126262	372.8104
8.12569	372.8223
8.127683	372.872
8.130474	372.8834
8.132854	372.9083
8.134082	372.9456
8.135873	372.9471
8.138178	372.9731
8.137732	373.0062
8.139607	373.0171
8.144123	373.0394
8.144132	373.0632
8.14472	373.0891
8.147781	373.1228
8.152599	373.1414
8.152987	373.1471
8.15207	373.1761
8.154037	373.1984
8.156788	373.2217
8.15783	373.2233
8.161775	373.2627
8.162842	373.2885
8.164171	373.2823
8.166105	373.3165
8.16835	373.3404
8.169704	373.3642
8.169872	373.3771
8.170873	373.4041
8.1766	373.4326
8.174817	373.4502
8.174515	373.4626
8.179333	373.5092
8.181848	373.5113
8.184656	373.547
8.186658	373.5756
8.190719	373.5875
8.188306	373.6201
8.187473	373.6268
8.188416	373.6367
8.189273	373.6755
8.197068	373.6776
8.19521	373.7138
8.198936	373.7372
8.202745	373.7698
8.20531	373.7916
8.207354	373.8159
8.20896	373.8402
8.209792	373.8641
8.206773	373.8775
8.207513	373.8977
8.211734	373.9211
8.214568	373.9324
8.216309	373.9775
8.218731	373.9858
8.220775	374.0221
8.22339	374.0495
8.220489	374.033
8.222095	374.0739
8.224887	374.0879
8.226367	374.1397
8.229469	374.1386
8.229646	374.1806
8.233212	374.1972
8.234978	374.2169
8.238434	374.2143
8.240772	374.2516
8.239367	374.279
8.24152	374.3189
8.242075	374.3179
8.246424	374.3433
8.248138	374.3598
8.249148	374.381
8.25046	374.4008
8.251805	374.3997
8.254992	374.4417
8.255834	374.464
8.257927	374.495
8.261215	374.5111
8.260265	374.5214
8.261619	374.5468
8.266127	374.5696
8.268304	374.5872
8.270407	374.6173
8.273812	374.6452
8.276587	374.652
8.276713	374.6888
8.27631	374.7359
8.277453	374.7235
8.28054	374.7577
8.282903	374.767
8.283803	374.7893
8.285123	374.8126
8.288722	374.8343
8.290841	374.8426
8.292591	374.8737
8.292448	374.8908
8.297191	374.9255
8.299747	374.9483
8.300504	374.97
8.298494	375.0001
8.302153	375.025
8.302329	375.04
8.304279	375.0545
8.303389	375.0716
8.309939	375.0918
8.312445	375.0985
8.312647	375.1405
8.310966	375.1591
8.315447	375.1866
8.318307	375.2047
8.318524	375.2285
8.321856	375.2441
8.321847	375.257
8.321737	375.2975
8.32622	375.3151
8.329213	375.3379
8.325926	375.3389
8.330029	375.3892
8.334125	375.4026
8.334907	375.4187
8.334856	375.4565
8.336328	375.4725
8.338842	375.5011
8.341188	375.5067
8.341281	375.5119
8.345309	375.5295
8.345964	375.5689
8.34742	375.5699
8.350204	375.6052
8.353424	375.6326
8.355131	375.6363
8.354921	375.6798
8.358158	375.6829
8.358831	375.7315
8.359521	375.7393
8.360816	375.7761
8.36418	375.8036
8.366484	375.7943
8.365398	375.8372
8.369385	375.858
8.369612	375.8672
8.371757	375.8636
8.37422	375.8875
8.376289	375.9149
8.379022	375.9429
8.381798	375.9652
8.382025	375.9745
8.382756	376.0071
8.384127	376.0263
8.386271	376.0719
8.387424	376.0683
8.389408	376.0797
8.391123	376.1118
8.393369	376.1646
8.394823	376.16
8.397734	376.1973
8.39923	376.2066
8.399012	376.2315
8.403821	376.2449
8.403662	376.2739
8.402796	376.2832
8.406917	376.3242
8.408405	376.3221
8.40706	376.3537
8.412911	376.3765
8.414173	376.3931
8.413047	376.4319
8.415603	376.4537
8.416931	376.4651
8.420994	376.4837
8.423953	376.5324
8.423508	376.5293
8.426072	376.5583
8.428385	376.5511
8.42936	376.5728
8.431026	376.5982
8.434019	376.6034
8.432329	376.6386
8.434894	376.6718
8.438401	376.6857
8.440318	376.7163
8.440957	376.7303
8.44221	376.7562
8.445003	376.7645
8.448627	376.8049
8.449349	376.8365
8.452107	376.852
8.453613	376.893
8.455303	376.8955
8.456783	376.922
8.458281	376.9355
8.457734	376.9613
8.462889	376.9774
8.460517	376.9841
8.46067	377.0007
8.462334	377.0276
8.459088	377.0323
8.461821	377.0706
8.46986	377.1053
8.473585	377.1126
8.475932	377.1282
8.47732	377.1546
8.477917	377.1867
8.480624	377.2105
8.482542	377.2421
8.485267	377.267
8.486351	377.2965
8.488285	377.2996
8.489446	377.326
8.488445	377.3307
8.492835	377.3618
8.494928	377.3763
8.495055	377.4073
8.499697	377.4198
8.500092	377.4322
8.500706	377.4711
8.503481	377.4949
8.504297	377.5011
8.503514	377.5363
8.508099	377.5478
8.510629	377.5789
8.512597	377.597
8.515162	377.6125
8.516078	377.6218
8.517499	377.6483
8.519181	377.671
8.520796	377.6933
8.520754	377.6923
8.520595	377.7161
8.524294	377.7492
8.525413	377.7596
8.527968	377.7772
8.530315	377.7928
8.532754	377.8342
8.533225	377.8518
8.535765	377.8492
8.538447	377.9104
8.538371	377.9254
8.539086	377.9642
8.540558	377.9648
8.543779	377.9824
8.545342	378.0124
8.547269	378.0435
8.546235	378.0197
8.543106	378.0746
8.551608	378.0513
8.554778	378.0984
8.556174	378.1062
8.558639	378.1492
8.562566	378.1502
8.563725	378.1746
8.564197	378.2108
8.564457	378.2238
8.563802	378.2543
8.568687	378.2859
8.569511	378.2957
8.570185	378.3072
8.572917	378.3429
8.574053	378.3672
8.577004	378.3849
8.579603	378.3968
8.578753	378.3978
8.58067	378.4279
8.583774	378.4403
8.586205	378.4626
8.585994	378.4916
8.587205	378.5082
8.588247	378.545
8.59199	378.5543
8.593377	378.5771
8.594808	378.6164
8.592991	378.6268
8.596699	378.6382
8.599996	378.661
8.60134	378.6776
8.60478	378.7164
8.60547	378.7128
8.609995	378.7491
8.612879	378.7532
8.610104	378.777
8.612399	378.7915
8.61054	378.8309
8.61382	378.8304
8.618976	378.8309
8.617269	378.8666
8.6208	378.8889
8.624694	378.9091
8.625518	378.9391
8.623802	378.962
8.626678	378.9972
8.626561	379.0153
8.628772	379.0417
8.633784	379.0516
8.637401	379.0858
8.633482	379.0925
8.632699	379.1158
8.636971	379.1288
8.63841	379.1236
8.640965	379.1635
8.643018	379.1842
8.646432	379.2013
8.651057	379.2142
8.651402	379.2598
8.652344	379.2562
8.651192	379.2795
8.655683	379.322
8.657339	379.3453
8.65792	379.3608
8.659391	379.3914
8.660182	379.4044
8.662612	379.4163
8.666286	379.4359
8.667253	379.4717
8.668019	379.4624
8.669659	379.4924
8.673191	379.511
8.675125	379.5339
8.676319	379.5681
8.677311	379.5924
8.678901	379.6198
8.683013	379.6245
8.684383	379.6608
8.68329	379.6826
8.686343	379.7064
8.688008	379.7193
8.690581	379.7639
8.692355	379.7597
8.693264	379.7903
8.694332	379.8012
8.69598	379.8286
8.697881	379.84
8.698259	379.8696
8.701782	379.896
8.703927	379.9348
8.703053	379.9027
8.705339	379.9193
8.703154	379.9664
8.708418	379.9871
8.709443	380.0068
8.713463	380.0312
8.712429	380.0452
8.714051	380.0882
8.716474	380.0902
8.720628	380.1456
8.719291	380.1446
8.724766	380.17
8.727246	380.1897
8.726893	380.2073
8.729215	380.2321
8.730829	380.2508
8.730206	380.2777
8.734537	380.2736
8.735714	380.2726
8.73701	380.3156
8.741323	380.3378
8.74277	380.357
8.743418	380.3751
8.745284	380.4099
8.744612	380.4601
8.745209	380.4658
8.748463	380.4896
8.75022	380.5098
8.752676	380.5202
8.755662	380.5378
8.756511	380.5689
8.75853	380.5865
8.760371	380.6036
8.762817	380.6259
8.763424	380.6455
8.765972	380.6611
8.766997	380.6958
8.767838	380.7186
8.769521	380.7295
8.771967	380.7818
8.77602	380.7958
8.77713	380.8098
8.779561	380.8046
8.779385	380.8455
8.780781	380.8698
8.782572	380.9092
8.782034	380.9071
8.783093	380.9289
8.786801	380.9377
8.78755	380.9491
8.790165	380.9807
8.795026	380.9895
8.795497	381.0097
8.797995	381.0434
8.798751	381.062
8.801182	381.0869
8.803713	381.105
8.803713	381.1128
8.805664	381.1366
8.805151	381.1776
8.80716	381.1946
8.808801	381.2283
8.811575	381.2501
8.814443	381.2532
8.816041	381.2713
8.817126	381.2895
8.819892	381.3262
8.820523	381.3314
8.821406	381.3324
8.821171	381.3646
8.823845	381.3832
8.825838	381.4066
8.829975	381.4091
8.831976	381.4552
8.831102	381.4842
8.834357	381.4853
8.836686	381.5262
8.838645	381.5345
8.840621	381.5718
8.841125	381.5951
8.837922	381.5941
8.844078	381.6313
8.845801	381.6469
8.845617	381.6728
8.849897	381.7013
8.851638	381.7194
8.853631	381.6365
8.853933	381.6443
8.856961	381.709
8.856801	381.7329
8.857735	381.7707
8.861856	381.7971
8.862923	381.8277
8.863284	381.8422
8.86738	381.8733
8.869777	381.9095
8.871063	381.9245
8.872838	381.9603
8.874596	381.9649
8.874882	382.0126
8.877707	382.0059
8.879548	382.0251
8.880146	382.0199
8.882651	382.08
8.885031	382.0986
8.886714	382.0996
8.89297	382.139
8.889455	382.1602
8.888269	382.1711
8.889782	382.2131
8.892197	382.212
8.894735	382.2468
8.897208	382.2597
8.898243	382.2939
8.898284	382.3281
8.898083	382.3483
8.905357	382.3514
8.90719	382.3639
8.907913	382.4012
8.91063	382.3887
8.910327	382.426
8.910907	382.4462
8.913396	382.4622
8.914305	382.4959
8.913236	382.4887
8.916718	382.5172
8.920999	382.5597
8.924581	382.5747
8.923874	382.5881
8.925792	382.6228
8.927827	382.6436
8.930198	382.6638
8.932688	382.6814
8.934875	382.7083
8.936758	382.7353
8.939045	382.7518
8.940508	382.7612
8.939659	382.7953
8.942719	382.7907
8.943325	382.8239
8.944646	382.8534
8.947555	382.8632
8.946833	382.8917
8.949834	382.9171
8.951818	382.9254
8.956788	382.9445
8.956747	382.9937
8.958529	383.002
8.959825	383.0233
8.962911	383.0186
8.963979	383.0549
8.965198	383.0694
8.967293	383.1098
8.967688	383.117
8.968966	383.1378
8.970765	383.1305
8.97238	383.1792
8.975508	383.2072
8.976668	383.2175
8.978401	383.2279
8.979789	383.2497
8.980234	383.2709
8.981563	383.3222
8.982278	383.3289
8.984287	383.3439
8.987886	383.3931
8.991763	383.4102
8.994118	383.4071
8.993917	383.4403
8.996935	383.4439
8.998365	383.4802
9.000173	383.5019
9.002662	383.5035
9.002241	383.5294
9.005395	383.5553
9.005521	383.5781
9.006824	383.589
9.008893	383.6154
9.012745	383.6366
9.013922	383.6625
9.013872	383.6889
9.015848	383.6967
9.017261	383.7008
9.019514	383.7376
9.021221	383.7677
9.022281	383.7899
9.025384	383.7869
9.026468	383.804
9.027613	383.8324
9.030699	383.8485
9.033213	383.8853
9.033692	383.8889
9.037712	383.9329
9.03762	383.9345
9.036778	383.9541
9.036038	383.9785
9.044128	383.993
9.046265	384.0267
9.045575	384.0635
9.049182	384.0676
9.047256	384.0878
9.050444	384.1132
9.051655	384.1495
9.05358	384.1469
9.056348	384.1593
9.057298	384.1743
9.057483	384.1997
9.060081	384.2328
9.063235	384.2448
9.064445	384.2758
9.066556	384.265
9.067598	384.2992
9.070197	384.3261
9.070794	384.3582
9.074571	384.3758
9.075	384.4048
9.077228	384.4365
9.078784	384.4411
9.080272	384.4655
9.078968	384.466
9.083072	384.4939
9.086192	384.5027
9.088833	384.5276
9.08985	384.5665
9.088883	384.5618
9.090279	384.5711
9.094274	384.6157
9.09456	384.6235
9.095636	384.6297
9.100009	384.6613
9.100295	384.6701
9.099941	384.7276
9.102111	384.7312
9.101152	384.7504
9.100438	384.767
9.104659	384.7986
9.109057	384.8156
9.111522	384.8338
9.111875	384.8441
9.111925	384.8493
9.115331	384.8959
9.117064	384.911
9.120049	384.9223
9.119888	384.9633
9.123992	384.9581
9.124951	384.9985
9.125809	385.0285
9.127709	385.0534
9.131494	385.0705
9.133075	385.0918
9.13474	385.0964
9.135034	385.1
9.136733	385.1368
9.137498	385.1513
9.140987	385.1814
9.140837	385.2088
9.141644	385.2156
9.145243	385.2378
9.146967	385.2534
9.151029	385.2725
9.149809	385.2984
9.150617	385.3166
9.152483	385.3373
9.150861	385.3632
9.161053	385.3772
9.161692	385.3974
9.161002	385.4248
9.160355	385.4425
9.16577	385.4658
9.168327	385.4875
9.168318	385.5051
9.16963	385.5388
9.172969	385.5492
9.174129	385.5688
9.173868	385.5813
9.176215	385.602
9.177299	385.6259
9.177904	385.6388
9.178316	385.6523
9.181227	385.6756
9.18269	385.6963
9.18713	385.717
9.189165	385.7263
9.189795	385.7564
9.18967	385.7771
9.191443	385.8155
9.194135	385.8253
9.19474	385.845
9.197255	385.8574
9.202662	385.8931
9.204082	385.9138
9.204555	385.9144
9.206395	385.9356
9.207523	385.9568
9.209053	385.9854
9.211181	386.003
9.212704	386.0092
9.214418	386.0486
9.214621	386.0745
9.216916	386.0765
9.219254	386.1055
9.225839	386.1278
9.224998	386.1511
9.222483	386.1884
9.225578	386.2008
9.228303	386.2164
9.228933	386.2361
9.231658	386.2542
9.228193	386.263
9.23709	386.2889
9.23741	386.3091
9.238974	386.3262
9.240849	386.3428
9.242472	386.3759
9.242262	386.3796
9.245088	386.406
9.246324	386.42
9.248031	386.4464
9.252067	386.4826
9.254977	386.4791
9.25496	386.5153
9.255758	386.5303
9.253926	386.5552
9.258786	386.5723
9.260048	386.5971
9.264379	386.6183
9.263588	386.665
9.268197	386.6541
9.262158	386.6578
9.271544	386.6873
9.26987	386.7142
9.270543	386.7313
9.269172	386.7386
9.278078	386.7753
9.277699	386.8126
9.279011	386.8391
9.280869	386.8499
9.283257	386.867
9.285974	386.8779
9.287773	386.9116
9.288017	386.9349
9.289455	386.9401
9.290876	386.9639
9.29197	387.0007
9.295174	387.0152
9.296578	387.0235
9.299623	387.0328
9.299092	387.0717
9.300261	387.0887
9.304743	387.1043
9.306795	387.1328
9.305837	387.1436
9.310319	387.1872
9.311185	387.2011
9.315248	387.2068
9.315861	387.2328
9.315424	387.2229
9.317821	387.268
9.318821	387.2996
9.320142	387.3234
9.320881	387.3099
9.323513	387.3441
9.326541	387.37
9.327777	387.3752
9.328265	387.3887
9.329568	387.4234
9.333446	387.442
9.334252	387.4514
9.334471	387.4856
9.337187	387.4793
9.337028	387.5156
9.338936	387.5534
9.342132	387.5549
9.343662	387.5591
9.345622	387.5948
9.345302	387.6415
9.347673	387.6549
9.351214	387.6783
9.352198	387.6866
9.355452	387.7031
9.35568	387.7177
9.357841	387.7326
9.358362	387.7575
9.361919	387.7829
9.365182	387.7793
9.364644	387.7974
9.369572	387.8378
9.368167	387.8585
9.368916	387.8715
9.368041	387.8948
9.371758	387.915
9.37429	387.9337
9.377224	387.9497
9.377055	387.9881
9.378503	388.0046
9.382261	388.0284
9.385305	388.016
9.385002	388.0445
9.386122	388.072
9.387862	388.0864
9.387736	388.1098
9.391133	388.1041
9.393445	388.1414
9.393353	388.1911
9.399215	388.2113
9.399223	388.1952
9.400131	388.2139
9.402948	388.2585
9.404352	388.2854
9.40907	388.2993
9.410794	388.3051
9.408456	388.3325
9.41214	388.3532
9.412669	388.3605
9.41367	388.3869
9.415781	388.4035
9.416891	388.4206
9.418952	388.4315
9.421609	388.4423
9.422501	388.4636
9.423913	388.5019
9.426275	388.5024
9.428698	388.534
9.429152	388.5454
9.432541	388.5667
9.435156	388.5905
9.436215	388.619
9.436889	388.6428
9.440968	388.6558
9.441741	388.6822
9.443254	388.7097
9.443751	388.7231
9.44555	388.7174
9.447787	388.7511
9.450722	388.7713
9.448233	388.7651
9.452244	388.7935
9.455423	388.8024
9.457231	388.8485
9.458072	388.851
9.460166	388.8847
9.461091	388.9184
9.462756	388.8946
9.466658	388.9629
9.468129	388.951
9.469963	388.9889
9.471367	389.0028
9.471972	389.0324
9.473704	389.0329
9.475807	389.0474
9.476127	389.0624
9.475202	389.0707
9.48018	389.1039
9.482492	389.1344
9.482997	389.1536
9.486386	389.1686
9.488648	389.2101
9.488867	389.2106
9.490296	389.2365
9.493576	389.251
9.494803	389.2727
9.493609	389.3023
9.497823	389.3266
9.500614	389.3333
9.501944	389.3333
9.50154	389.3774
9.503777	389.3924
9.506182	389.4002
9.507654	389.3965
9.510378	389.4453
9.511976	389.467
9.514045	389.4898
9.515223	389.5006
9.518712	389.5121
9.520041	389.5354
9.518922	389.5763
9.520444	389.5965
9.52327	389.6121
9.524909	389.6312
9.524952	389.6514
9.525902	389.6882
9.529248	389.6856
9.530679	389.7104
9.53321	389.7384
9.535699	389.7675
9.537784	389.7752
9.538894	389.7903
9.541409	389.798
9.542578	389.8275
9.544587	389.8472
9.547875	389.868
9.547287	389.9027
9.547253	389.8928
9.550138	389.9218
9.551609	389.9596
9.554897	389.9829
9.554452	389.9959
9.555461	390.0161
9.557739	390.0389
9.562281	390.056
9.561945	390.0736
9.565434	390.0933
9.565829	390.0995
9.567974	390.1192
9.568899	390.1404
9.569917	390.1762
9.573322	390.1725
9.574205	390.1969
9.576854	390.2513
9.578242	390.2425
9.58248	390.2653
9.58513	390.2715
9.585818	390.3036
9.586785	390.3264
9.588695	390.344
9.588207	390.3616
9.58914	390.3834
9.593353	390.401
9.595364	390.4238
9.597256	390.4295
9.60019	390.4585
9.598289	390.4492
9.601544	390.4834
9.602251	390.515
9.604058	390.5227
9.605934	390.5502
9.606615	390.5694
9.608893	390.5735
9.611804	390.5989
9.614511	390.6378
9.615335	390.6553
9.615419	390.6678
9.619078	390.6885
9.62356	390.7134
9.62123	390.7159
9.621592	390.7615
9.626377	390.7476
9.631213	390.7662
9.628925	390.7802
9.631044	390.8082
9.633181	390.8076
9.63434	390.8522
9.636048	390.8677
9.639091	390.8833
9.641657	390.9066
9.6445	390.9268
9.645988	390.9485
9.644853	390.9703
9.648158	390.9931
9.647115	391.0029
9.649773	391.0065
9.65216	391.0459
9.65517	391.0646
9.658173	391.0837
9.660721	391.0972
9.662084	391.1247
9.664775	391.1247
9.663505	391.1542
9.666254	391.1713
9.666751	391.1522
9.66649	391.2241
9.67045	391.205
9.672755	391.2402
9.674403	391.278
9.678137	391.292
9.678574	391.3065
9.680062	391.3319
9.681308	391.348
9.68304	391.3635
9.683906	391.391
9.684192	391.3811
9.689255	391.4531
9.689919	391.4464
9.693829	391.4572
9.694384	391.4764
9.693047	391.5018
9.694073	391.5365
9.695603	391.5463
9.69821	391.5764
9.701154	391.5795
9.701044	391.6308
9.702818	391.6375
9.704744	391.6562
9.70751	391.6795
9.710496	391.6935
9.712985	391.7085
9.714903	391.7307
9.717443	391.7287
9.719217	391.7463
9.722749	391.7701
9.720033	391.7805
9.721353	391.8111
9.723136	391.8287
9.72496	391.8354
9.727844	391.8644
9.728989	391.9017
9.730132	391.9001
9.732218	391.937
9.736531	391.9478
9.736835	391.9654
9.736809	391.9929
9.739399	392.0105
9.744184	392.0271
9.743225	392.0416
9.742208	392.0711
9.745	392.0638
9.74854	392.0944
9.743747	392.141
9.746035	392.1555
9.754099	392.1555
9.758471	392.1768
9.757731	392.1991
9.759733	392.2286
9.761533	392.2389
9.762592	392.2566
9.761567	392.2799
9.762172	392.3172
9.766544	392.3084
9.771607	392.3374
9.771128	392.3628
9.771203	392.3596
9.772346	392.3856
9.77387	392.4021
9.777275	392.4078
9.779949	392.4203
9.778335	392.455
9.778932	392.4876
9.781429	392.4912
9.785474	392.5125
9.786139	392.541
9.789511	392.5518
9.789813	392.5928
9.78872	392.6078
9.791428	392.6342
9.795456	392.6378
9.797524	392.6731
9.797996	392.6819
9.801259	392.7
9.800763	392.7176
9.802427	392.7383
9.805691	392.7389
9.807053	392.7616
9.808987	392.7704
9.80802	392.7943
9.810206	392.8285
9.810366	392.8539
9.811997	392.8601
9.816236	392.8875
9.81907	392.9067
9.820988	392.9088
9.822231	392.9792
9.823771	392.9828
9.827108	393.0118
9.83096	393.0294
9.831322	393.0274
9.830658	393.0497
9.832281	393.0761
9.833996	393.0932
9.835425	393.1134
9.839883	393.1289
9.84122	393.1445
9.843903	393.1761
9.845559	393.1828
9.845861	393.2092
9.847097	393.2367
9.850462	393.2683
9.848696	393.2584
9.852068	393.2849
9.853178	393.3325
9.857711	393.3351
9.858653	393.3356
9.859527	393.3677
9.859343	393.3625
9.862647	393.4029
9.865019	393.4149
9.867264	393.4247
9.867911	393.4496
9.868113	393.4884
9.872142	393.4983
9.873327	393.5185
9.87442	393.5091
9.878356	393.5309
9.878944	393.5728
9.881971	393.5977
9.884032	393.6086
9.884301	393.6407
9.883788	393.6609
9.887404	393.6915
9.888859	393.7039
9.8869	393.7288
9.891281	393.721
9.892492	393.7464
9.895872	393.7718
9.897353	393.7692
9.89832	393.793
9.902339	393.8215
9.900623	393.8365
9.902079	393.8407
9.904358	393.8764
9.906653	393.8936
9.910169	393.9142
9.90857	393.9163
9.909673	393.9562
9.910455	393.9925
9.914525	394.0044
9.918805	394.0199
9.920563	394.0225
9.920605	394.0681
9.921572	394.0603
9.924834	394.0976
9.924464	394.1033
9.926247	394.1168
9.930763	393.9691
9.931284	394.0075
9.930376	394.0692
9.933487	394.0919
9.935977	394.1302
9.940737	394.1945
9.937247	394.2116
9.940451	394.2349
9.943949	394.2836
9.943453	394.31
9.946001	394.3141
9.948179	394.3478
9.950449	394.3649
9.951618	394.3779
9.952509	394.395
9.953452	394.4199
9.953367	394.4344
9.954461	394.4608
9.961533	394.454
9.959691	394.5079
9.95653	394.5182
9.967722	394.5307
9.967579	394.5685
9.966184	394.5871
9.971439	394.5996
9.973255	394.6328
9.974887	394.6322
9.973181	394.6814
9.977873	394.7011
9.980597	394.6954
9.982363	394.7198
9.981522	394.7328
9.982758	394.7545
9.982591	394.7529
9.985492	394.7659
9.98909	394.7969
9.991865	394.8089
9.993741	394.8426
9.994607	394.8545
9.994396	394.8866
9.995204	394.8819
9.998778	394.9026
10.00262	394.9518
10.00393	394.956
10.00515	394.9871
10.00762	394.9964
10.01023	395.0181
10.01286	395.0254
10.01364	395.0586
10.01427	395.0544
10.01095	395.0844
10.01404	395.0876
10.01342	395.1171
10.01962	395.1528
10.02274	395.1555
10.02507	395.1736
10.02509	395.2197
10.02656	395.2398
10.02997	395.2461
10.032	395.2627
10.03242	395.2979
10.03464	395.301
10.0335	395.3212
10.04038	395.3295
10.0401	395.3657
10.0408	395.3906
10.04078	395.3906
10.04389	395.4139
10.04657	395.4222
10.04585	395.4264
10.04855	395.4667
10.05144	395.4704
10.05144	395.5118
10.05392	395.5403
10.05752	395.53
10.05795	395.5564
10.05876	395.5901
10.06315	395.6108
10.06475	395.6382
10.06341	395.6538
10.0668	395.6569
10.06807	395.6672
10.07268	395.6797
10.07156	395.7165
10.07457	395.7247
10.07413	395.7486
10.07888	395.7247
10.08023	395.7651
10.08032	395.7729
10.08286	395.8107
10.08434	395.8362
10.08589	395.8568
10.08507	395.8838
10.08544	395.8713
10.08949	395.9112
10.09089	395.9314
10.09371	395.963
10.09274	395.9791
10.09202	395.9957
10.09685	395.9946
10.10362	396.0195
10.10352	396.0418
10.09842	396.0615
10.09968	396.0739
10.10093	396.0998
10.10501	396.1252
10.10691	396.1428
10.113	396.1583
10.11505	396.1759
10.11388	396.1936
10.11601	396.2262
10.11813	396.2453
10.1202	396.2537
10.12325	396.2863
10.12184	396.2728
10.12516	396.3049
10.12881	396.3174
10.13104	396.3407
10.12855	396.3557
10.13102	396.3718
10.13205	396.3712
10.1363	396.4096
10.13879	396.4158
10.13892	396.4588
10.14214	396.4707
10.14219	396.4754
10.14608	396.5163
10.1461	396.5355
10.14646	396.5562
10.15042	396.5557
10.15127	396.5857
10.15243	396.609
10.15656	396.6168
10.15848	396.6411
10.15952	396.6499
10.16043	396.6743
10.16235	396.695
10.16175	396.7111
10.16456	396.7049
10.16715	396.7448
10.16961	396.7488
10.16918	396.797
10.17232	396.8079
10.17418	396.8157
10.17502	396.8427
10.17841	396.8768
10.18109	396.8789
10.18041	396.9038
10.18475	396.9167
10.18563	396.9323
10.18607	396.9602
10.18616	396.968
10.19076	397.0033
10.19208	396.9872
10.19458	397.012
10.19386	397.0514
10.19674	397.0674
10.20268	397.1053
10.20371	397.1167
10.2	397.14
10.20296	397.154
10.20541	397.1581
10.20441	397.1907
10.20732	397.2187
10.21114	397.2141
10.21352	397.2617
10.215	397.256
10.21351	397.285
10.21542	397.2679
10.21815	397.3099
10.2191	397.3482
10.2201	397.3301
10.22336	397.3638
10.22457	397.3803
10.22665	397.3964
10.22866	397.4223
10.23133	397.4487
10.23461	397.457
10.23558	397.4871
10.23595	397.4871
10.23625	397.5119
10.23821	397.5523
10.24077	397.5927
10.24316	397.5808
10.24431	397.5788
10.24594	397.6295
10.24616	397.6409
10.25007	397.6425
10.2527	397.6715
10.25079	397.6886
10.2541	397.7067
10.25491	397.7114
10.25521	397.7279
10.26091	397.7487
10.2609	397.7616
10.26145	397.7798
10.26546	397.8113
10.26769	397.8347
10.26808	397.8652
10.26724	397.8725
10.27075	397.8844
10.2722	397.9124
10.27308	397.9253
10.27943	397.9704
10.28045	397.9688
10.28292	397.9766
10.28527	397.9859
10.28675	398.0258
10.28844	398.0108
10.2877	398.0574
10.29127	398.0626
10.29272	398.0812
10.29171	398.1077
10.29374	398.1346
10.29687	398.1517
10.29884	398.1641
10.3014	398.1879
10.3021	398.2144
10.30337	398.2046
10.30624	398.2429
10.308	398.2574
10.30717	398.262
10.30895	398.2978
10.31088	398.2983
10.31195	398.3081
10.315	398.3252
10.31622	398.362
10.31839	398.3868
10.32059	398.4004
10.32073	398.4066
10.32379	398.4361
10.32813	398.4516
10.33015	398.4785
10.32837	398.5154
10.33087	398.5387
10.33209	398.5417
10.33414	398.5511
10.33685	398.5697
10.33858	398.5796
10.33934	398.5925
10.34076	398.6257
10.3418	398.6304
10.34433	398.6355
10.34435	398.6604
10.34804	398.6941
10.34978	398.7137
10.35141	398.7365
10.35367	398.7625
10.35564	398.7593
10.35746	398.7909
10.36118	398.8231
10.36063	398.8401
10.36171	398.8453
10.36354	398.8629
10.36587	398.9054
10.36725	398.9049
10.36843	398.9432
10.37237	398.9443
10.37457	398.9759
10.37614	398.993
10.37762	398.9955
10.37809	399.0158
10.37863	399.0385
10.38141	399.0489
10.38275	399.0681
10.38399	399.094
10.38894	399.1427
10.38893	399.1287
10.38774	399.139
10.39157	399.1634
10.39325	399.194
10.39466	399.2095
10.39311	399.239
10.3961	399.2266
10.39958	399.2639
10.39762	399.2696
10.40286	399.2924
10.40647	399.296
10.40561	399.3307
10.4059	399.3385
10.41092	399.369
10.4099	399.3654
10.41205	399.4022
10.4127	399.4074
10.41643	399.455
10.41809	399.454
10.41767	399.4742
10.42101	399.4949
10.4209	399.5157
10.42224	399.5333
10.42557	399.555
10.42815	399.5685
10.42785	399.5913
10.4295	399.6001
10.43076	399.6063
10.43428	399.6198
10.43581	399.6462
10.4416	399.6809
10.44114	399.6902
10.44255	399.6949
10.44342	399.7353
10.44623	399.7737
10.44942	399.7741
10.44772	399.8
10.44763	399.8208
10.45082	399.841
10.45931	399.8461
10.46539	399.8627
10.46311	399.9005
10.46012	399.9083
10.46281	399.9083
10.46373	399.9425
10.46516	399.9617
10.46441	399.9731
10.4662	399.9948
10.47132	399.9938
10.47386	400.044
10.4721	400.0492
10.47435	400.0658
10.47683	400.0611
10.47711	400.1104
10.48029	400.1124
10.48041	400.1378
10.48312	400.1544
10.48299	400.1813
10.48697	400.171
10.48802	400.2036
10.48801	400.2072
10.48905	400.2424
10.49337	400.2575
10.49652	400.2569
10.49564	400.2901
10.49859	400.316
10.50256	400.3248
10.50316	400.3377
10.50711	400.3906
10.50806	400.3875
10.51042	400.4041
10.5112	400.4129
10.51067	400.4419
10.51266	400.4476
10.51511	400.4833
10.51586	400.4984
10.51916	400.5289
10.51916	400.5315
10.52049	400.5408
10.51679	400.546
10.52665	400.5911
10.52785	400.5828
10.53087	400.5957
10.53012	400.6076
10.53386	400.6512
10.53364	400.6709
10.53326	400.7071
10.53766	400.7159
10.53743	400.7055
10.53956	400.7444
10.54533	400.7594
10.54558	400.7843
10.54455	400.8148
10.54587	400.7905
10.54906	400.8257
10.54939	400.8568
10.55209	400.8646
10.55344	400.8915
10.5536	400.9112
10.55733	400.9252
10.56106	400.9423
10.56188	400.9542
10.56133	400.9848
10.56381	401.0019
10.56715	401.0319
10.5695	401.0356
10.57001	401.048
10.56991	401.0754
10.57128	401.0687
10.57388	401.0998
10.57368	401.1309
10.57799	401.1474
10.58037	401.1526
10.58177	401.1754
10.58309	401.2013
10.58457	401.2236
10.58497	401.2137
10.58958	401.2397
10.59256	401.2728
10.59096	401.2857
10.59282	401.3106
10.59616	401.3396
10.59897	401.3448
10.5983	401.3743
10.59802	401.3909
10.60093	401.423
10.60571	401.4339
10.6079	401.4453
10.6087	401.4297
10.60974	401.4727
10.61264	401.494
10.6146	401.5028
10.61739	401.5106
10.61572	401.5069
10.61823	401.5645
10.62012	401.5582
10.62222	401.5929
10.62485	401.6121
10.62706	401.6385
10.62888	401.6768
10.62826	401.6712
10.62831	401.7022
10.63035	401.7333
10.63253	401.7421
10.63298	401.7628
10.63654	401.7706
10.63849	401.7675
10.64048	401.7867
10.64283	401.8162
10.64431	401.8488
10.64507	401.8722
10.64656	401.8835
10.64801	401.8877
10.64918	401.939
10.65193	401.9406
10.6535	401.9649
10.65538	401.9649
10.65754	401.9835
10.66061	402.0053
10.66111	402.0219
10.66224	402.0369
10.66592	402.0363
10.66484	402.0653
10.6659	402.0949
10.66592	402.1032
10.67045	402.127
10.6732	402.1265
10.67411	402.1622
10.67717	402.1591
10.67793	402.183
10.67913	402.2083
10.68095	402.2281
10.68365	402.243
10.68561	402.2788
10.68701	402.2922
10.68636	402.3135
10.68812	402.3166
10.68851	402.3518
10.69329	402.3658
10.69471	402.385
10.69688	402.3782
10.69595	402.4156
10.69886	402.4399
10.70221	402.4275
10.70226	402.4306
10.7055	402.4756
10.70615	402.5
10.70849	402.501
10.70902	402.5352
10.71305	402.5622
10.71491	402.5694
10.71342	402.5793
10.71705	402.587
10.71943	402.617
10.72052	402.6554
10.72213	402.6554
10.72388	402.6766
10.72821	402.6953
10.72764	402.7186
10.72775	402.7258
10.73055	402.7217
10.73613	402.7596
10.73626	402.7575
10.73585	402.7828
10.73838	402.8264
10.74138	402.8346
10.74074	402.8647
10.74233	402.8771
10.74353	402.8937
10.74378	402.9206
10.74717	402.9315
10.74962	402.9569
10.75085	402.9533
10.7508	402.975
10.75011	402.9906
10.75158	403.0045
10.75478	403.032
10.75841	403.0398
10.76089	403.061
10.76342	403.0838
10.76524	403.1071
10.76691	403.1304
10.76994	403.1387
10.77236	403.1646
10.77431	403.1952
10.77248	403.1942
10.77359	403.2408
10.77649	403.2501
10.77876	403.2574
10.77968	403.2827
10.78284	403.2988
10.78235	403.3107
10.78506	403.3356
10.78786	403.348
10.7904	403.361
10.79438	403.3931
10.79276	403.3687
10.79521	403.4278
10.79553	403.4205
10.79737	403.448
10.80219	403.4682
10.80688	403.477
10.80747	403.5019
10.80258	403.5205
10.80452	403.5495
10.80621	403.5723
10.81001	403.5785
10.81159	403.5868
10.81006	403.6101
10.81491	403.6184
10.81649	403.6407
10.81695	403.6743
10.82022	403.6718
10.82078	403.708
10.8228	403.6904
10.8266	403.7396
10.82857	403.7479
10.82749	403.7837
10.82962	403.7899
10.83415	403.8199
10.83269	403.8199
10.83496	403.8608
10.83846	403.8598
10.83907	403.8857
10.83596	403.9085
10.84588	403.9142
10.8463	403.9417
10.84571	403.9469
10.84843	403.9473
10.84891	403.9748
10.85209	403.9924
10.85412	404.0194
10.85497	404.0292
10.85822	404.039
10.85659	404.052
10.85953	404.0727
10.86213	404.097
10.86319	404.1307
10.86476	404.1292
10.86903	404.166
10.86953	404.1774
10.86796	404.1882
10.87284	404.2043
10.87317	404.2323
10.87403	404.2354
10.87858	404.2571
10.8814	404.2478
10.88192	404.2939
10.88034	404.2825
10.88255	404.3183
10.88591	404.3467
10.88726	404.3395
10.88774	404.3856
10.88953	404.3877
10.89272	404.3986
10.89282	404.4586
10.89257	404.4628
10.89683	404.4788
10.90044	404.5006
10.90197	404.5079
10.90439	404.5498
10.90316	404.5768
10.90596	404.5835
10.90987	404.5711
10.90998	404.6084
10.91236	404.6218
10.91146	404.6446
10.91313	404.6446
10.91448	404.6622
10.91499	404.7109
10.91892	404.7052
10.91811	404.7265
10.92042	404.7591
10.92461	404.7721
10.92373	404.7757
10.92917	404.8125
10.92838	404.8342
10.92955	404.8316
10.93342	404.8456
10.93362	404.8653
10.93457	404.8793
10.937	404.8984
10.93891	404.9031
10.94186	404.9518
10.94223	404.9735
10.94455	404.9839
10.94686	404.986
10.9496	405.0052
10.95408	405.0301
10.95406	405.0652
10.95466	405.0844
10.95468	405.0793
10.95578	405.1155
10.95893	405.1378
10.95972	405.1461
10.96017	405.1554
10.96152	405.1818
10.96592	405.201
10.96957	405.2025
10.97324	405.2077
10.97985	405.2367
10.96864	405.2554
10.97116	405.2683
10.97082	405.2875
10.97836	405.2947
10.97985	405.332
10.98087	405.3476
10.98128	405.3724
10.98409	405.4118
10.98335	405.4149
10.98802	405.4315
10.98859	405.4486
10.99097	405.4481
10.993	405.4776
10.99995	405.5045
11.00352	405.4926
11.00063	405.5331
11.00458	405.5646
11.00591	405.5734
11.00525	405.5937
11.00905	405.6024
11.01133	405.6185
11.01014	405.6227
11.01159	405.6486
11.01564	405.6765
11.01601	405.7024
11.01887	405.6993
11.01953	405.7361
11.02102	405.7454
11.02636	405.7744
11.02587	405.7858
11.02554	405.8076
11.0291	405.8035
11.02602	405.8557
11.02355	405.8578
11.0324	405.8413
11.03562	405.8796
11.03528	405.8941
11.03952	405.9148
11.03893	405.9402
11.03569	405.9459
11.04051	405.9744
11.04633	406.0003
11.04286	406.0055
11.04625	406.0283
11.0468	406.0645
11.0466	406.0956
11.04902	406.0935
11.05352	406.0946
11.05643	406.1013
11.05713	406.1283
11.06087	406.1469
11.064	406.1599
11.06567	406.1857
11.06409	406.208
11.06762	406.2267
11.0702	406.236
11.06945	406.2505
11.07266	406.2728
11.07437	406.2899
11.07395	406.3157
11.07681	406.3391
11.0797	406.3557
11.07785	406.3805
11.08116	406.3965
11.08626	406.379
11.08785	406.4007
11.08752	406.4344
11.08974	406.4447
11.08967	406.4722
11.0957	406.3671
11.09409	406.3463
11.09469	406.4101
11.09804	406.4614
11.09882	406.4846
11.09934	406.5183
11.1009	406.5406
11.10281	406.5691
11.10655	406.5903
11.10682	406.6157
11.10855	406.6178
11.11111	406.6618
11.11327	406.6556
11.11432	406.6768
11.11579	406.7219
11.11694	406.7245
11.11858	406.753
11.12098	406.7551
11.12436	406.7815
11.12491	406.8063
11.12584	406.8152
11.12847	406.8354
11.12914	406.8473
11.13036	406.8711
11.13223	406.9203
11.13401	406.9156
11.13468	406.94
11.13573	406.9431
11.14081	406.9778
11.141	406.9762
11.14244	407.0089
11.14456	407.0213
11.14509	407.0369
11.14799	407.0462
11.15146	407.0586
11.15482	407.07
11.15609	407.0871
11.157	407.1083
11.15933	407.1063
11.15828	407.1327
11.15847	407.1648
11.16182	407.2031
11.16222	407.1995
11.16676	407.2104
11.16741	407.2353
11.16839	407.2462
11.17119	407.2695
11.1747	407.287
11.17371	407.2917
11.1741	407.3332
11.17939	407.3425
11.17923	407.3725
11.18184	407.3472
11.18544	407.3803
11.18361	407.4119
11.18149	407.4337
11.18887	407.4467
11.19115	407.4539
11.19205	407.4989
11.1935	407.4922
11.19774	407.5212
11.1993	407.5181
11.19861	407.5528
11.20094	407.5725
11.20132	407.5875
11.20492	407.5916
11.2049	407.5974
11.20816	407.6518
11.20821	407.672
11.20886	407.6595
11.21072	407.6792
11.21297	407.6932
11.21519	407.7139
11.21847	407.7408
11.22155	407.7523
11.21933	407.7725
11.22135	407.7994
11.22668	407.8263
11.22512	407.8284
11.22826	407.8471
11.23153	407.8683
11.2334	407.8719
11.23465	407.8999
11.23464	407.9201
11.23786	407.9279
11.23936	407.9465
11.23719	407.9709
11.23886	407.9719
11.24179	407.9864
11.24311	408.0113
11.24507	408.0491
11.2466	408.0548
11.24861	408.0532
11.25146	408.0755
11.2516	408.1273
11.2533	408.134
11.25791	408.1371
11.2578	408.1693
11.25797	408.1801
11.26062	408.2066
11.26188	408.2014
11.2661	408.2169
11.26967	408.2402
11.2668	408.2392
11.26703	408.277
11.27218	408.3024
11.27111	408.3086
11.27201	408.3314
11.27378	408.3418
11.27436	408.3723
11.27999	408.3806
11.28038	408.3858
11.28081	408.4133
11.28343	408.4397
11.28823	408.4728
11.29007	408.4614
11.28926	408.4873
11.28993	408.5075
11.29306	408.5205
11.2981	408.5303
11.29608	408.5417
11.29796	408.562
11.29826	408.5883
11.29885	408.607
11.30151	408.6091
11.3066	408.65
11.30585	408.6614
11.30709	408.6712
11.31164	408.7044
11.30927	408.7189
11.31396	408.7323
11.31401	408.7505
11.31611	408.7717
11.31472	408.7821
11.32453	408.7971
11.32222	408.8059
11.32145	408.8515
11.32426	408.8453
11.32537	408.8634
11.32988	408.8784
11.33013	408.8872
11.33054	408.9028
11.33497	408.925
11.33895	408.967
11.33857	408.9738
11.33849	408.9867
11.34118	409.0054
11.34025	409.0338
11.34155	409.0598
11.34293	409.0794
11.34483	409.0768
11.34754	409.1111
11.348	409.1006
11.3508	409.1193
11.35538	409.1416
11.35393	409.1628
11.35552	409.183
11.35531	409.2001
11.36019	409.2296
11.36353	409.2265
11.36476	409.255
11.36788	409.2675
11.36714	409.3027
11.37029	409.3069
11.37315	409.3208
11.37487	409.3597
11.37391	409.3654
11.37638	409.383
11.37818	409.411
11.37791	409.4089
11.38184	409.4343
11.3841	409.4208
11.38505	409.4628
11.38492	409.4633
11.38728	409.5063
11.38618	409.5151
11.38807	409.5167
11.3938	409.5394
11.39373	409.5778
11.39536	409.5897
11.40013	409.5933
11.39622	409.6291
11.40136	409.6456
11.40288	409.6741
11.40605	409.6803
11.40798	409.7036
11.40713	409.7285
11.40901	409.7306
11.41194	409.7321
11.41064	409.7529
11.41545	409.7622
11.41729	409.7948
11.41897	409.7964
11.41922	409.8347
11.42022	409.8326
11.42533	409.8643
11.42537	409.8932
11.42582	409.8979
11.42975	409.9243
11.42982	409.9332
11.42887	409.9513
11.43407	409.9927
11.43787	410.0046
11.43897	410.002
11.43889	410.03
11.44314	410.0507
11.44356	410.0658
11.44386	410.087
11.4471	410.0901
11.44707	410.1129
11.44953	410.1502
11.45214	410.1652
11.45106	410.172
11.45408	410.1994
11.45882	410.2015
11.45876	410.2414
11.46163	410.231
11.46809	410.2709
11.46527	410.2818
11.46174	410.2875
11.46408	410.3087
11.466	410.3388
11.47086	410.3507
11.47282	410.3351
11.47524	410.374
11.47804	410.3983
11.47811	410.4071
11.47907	410.4253
11.47993	410.4574
11.4808	410.4729
11.48391	410.4683
11.48689	410.4931
11.48784	410.5268
11.48961	410.5284
11.49162	410.5574
11.49466	410.5801
11.49963	410.6092
11.50065	410.6112
11.49856	410.6112
11.50199	410.6304
11.50398	410.6589
11.50233	410.6749
11.50643	410.6853
11.50699	410.6926
11.50976	410.7086
11.50878	410.7386
11.51137	410.7703
11.51359	410.7822
11.51353	410.7755
11.51579	410.8226
11.51945	410.8304
11.51899	410.8392
11.52117	410.8723
11.52236	410.8806
11.52698	410.9039
11.52994	410.9158
11.53049	410.9086
11.53114	410.9459
11.53466	410.9304
11.53653	410.9624
11.53524	411.007
11.53655	411.0127
11.53493	411.0086
11.54339	411.0521
11.54375	411.0443
11.54476	411.0821
11.54803	411.0966
11.54922	411.1287
11.55215	411.1168
11.55365	411.1443
11.55361	411.165
11.55529	411.1831
11.55507	411.2189
11.55836	411.2246
11.55957	411.2453
11.56347	411.2437
11.56459	411.2712
11.56476	411.2816
11.56547	411.2717
11.56711	411.3095
11.56936	411.3049
11.57104	411.3303
11.57316	411.3531
11.57417	411.3712
11.57558	411.3862
11.57349	411.4266
11.57546	411.4162
11.58091	411.4453
11.58294	411.4706
11.58677	411.4862
11.58866	411.5152
11.58675	411.5271
11.59014	411.5261
11.59391	411.5447
11.59447	411.5675
11.59558	411.5654
11.59935	411.5825
11.60199	411.61
11.60169	411.611
11.60609	411.6364
11.60599	411.6545
11.60584	411.6856
11.60882	411.7007
11.60809	411.6986
11.60973	411.7374
11.61448	411.7431
11.61652	411.767
11.61816	411.7721
11.62049	411.7965
11.62093	411.8286
11.62083	411.842
11.62096	411.8374
11.625	411.8457
11.62667	411.8985
11.62914	411.9037
11.63032	411.9301
11.63485	411.9436
11.63239	411.9628
11.63335	411.9819
11.63601	411.9933
11.6371	412.0089
11.63655	412.0353
11.63962	412.0425
11.6458	412.0679
11.64526	412.0804
11.64543	412.1078
11.64666	412.1234
11.65179	412.1415
11.65631	412.1539
11.65837	412.1575
11.65644	412.1814
11.65852	412.2026
11.65792	412.2254
11.66151	412.2238
11.66218	412.2321
11.66206	412.272
11.66635	412.2876
11.66693	412.3176
11.66705	412.3197
11.66914	412.356
11.67049	412.3653
11.6754	412.3798
11.6749	412.3813
11.67985	412.3995
11.68515	412.4217
11.68266	412.4321
11.68674	412.4554
11.68672	412.4632
11.68457	412.4823
11.68532	412.4886
11.69216	412.5077
11.69286	412.5456
11.69262	412.5538
11.69437	412.5776
11.69768	412.5875
11.70123	412.615
11.70159	412.6471
11.70197	412.6455
11.7037	412.6735
11.70579	412.6839
11.70728	412.7041
11.70922	412.701
11.70829	412.7129
11.71235	412.7465
11.71343	412.7729
11.71527	412.7672
11.7149	412.8009
11.71972	412.816
11.72129	412.8377
11.72301	412.8657
11.72321	412.8667
11.72403	412.8813
11.72571	412.9009
11.72765	412.9128
11.72863	412.9299
11.73063	412.9517
11.73064	412.974
11.7331	412.9848
11.73442	412.9786
11.73785	413.0232
11.74114	413.0045
11.74415	413.0387
11.74315	413.047
11.74757	413.0651
11.74739	413.0693
11.74931	413.105
11.75125	413.1293
11.75476	413.1325
11.75586	413.1589
11.75526	413.192
11.75731	413.19
11.75942	413.22
11.75889	413.2444
11.76408	413.2661
11.7662	413.2635
11.76767	413.2749
11.76811	413.2884
11.77018	413.3013
11.77104	413.2988
11.77515	413.3278
11.77675	413.3366
11.77936	413.363
11.78047	413.3842
11.78286	413.4112
11.78103	413.4231
11.78368	413.4293
11.7852	413.4396
11.78977	413.4702
11.78869	413.4899
11.78724	413.4852
11.79199	413.5003
11.79415	413.5355
11.79786	413.5619
11.80007	413.5837
11.80046	413.5743
11.79971	413.5868
11.80218	413.6117
11.80505	413.6292
11.80478	413.6407
11.80531	413.6681
11.80428	413.6769
11.80917	413.7111
11.81242	413.7065
11.81447	413.7292
11.81326	413.7712
11.81611	413.7966
11.81714	413.7971
11.82092	413.8002
11.82327	413.8235
11.82586	413.8308
11.82822	413.8681
11.82853	413.8582
11.83083	413.8883
11.83476	413.8852
11.83025	413.9261
11.83114	413.9375
11.83763	413.9525
11.83943	413.9551
11.84042	413.9929
11.84372	413.9919
11.84096	414.0146
11.84138	414.039
11.84629	414.0592
11.84983	414.0748
11.84959	414.0887
11.85311	414.1027
11.85522	414.1328
11.85485	414.1348
11.85813	414.1395
11.86051	414.1592
11.85929	414.183
11.86415	414.1887
11.8659	414.197
11.86696	414.2074
11.86665	414.2271
11.8697	414.2442
11.8691	414.2799
11.87297	414.2763
11.87442	414.3043
11.87517	414.3141
11.87713	414.3446
11.88047	414.3597
11.88241	414.3716
11.88695	414.3959
11.8865	414.412
11.88638	414.4001
11.88682	414.4389
11.89148	414.4524
11.8942	414.454
11.89405	414.4721
11.89491	414.5006
11.89563	414.5233
11.89818	414.5316
11.9006	414.5472
11.90126	414.556
11.90455	414.5923
11.90637	414.6011
11.90367	414.6192
11.9095	414.6436
11.91064	414.6498
11.91099	414.6669
11.91768	414.686
11.9128	414.6824
11.90907	414.6938
11.91206	414.7166
11.91963	414.7461
11.91956	414.7617
11.92584	414.7746
11.92936	414.7912
11.93082	414.787
11.93098	414.8259
11.93391	414.8445
11.93176	414.858
11.93518	414.8782
11.93431	414.9145
11.93745	414.9222
11.93917	414.9062
11.94239	414.9471
11.94098	414.9502
11.94431	414.9699
11.94576	414.9963
11.94702	415.0191
11.94841	415.0201
11.95065	415.058
11.95335	415.0331
11.95602	415.0761
11.95832	415.0947
11.95835	415.1207
11.95862	415.1414
11.96042	415.1522
11.96438	415.1916
11.96559	415.1942
11.96815	415.2056
11.96996	415.2108
11.9705	415.2284
11.97038	415.2621
11.97241	415.2714
11.97346	415.288
11.97733	415.3056
11.97857	415.3305
11.97805	415.3408
11.98076	415.346
11.98467	415.3543
11.98752	415.3797
11.98522	415.4128
11.98726	415.4138
11.98932	415.4428
11.99198	415.4822
11.9945	415.4807
11.99522	415.5283
11.99972	415.5071
11.99897	415.5356
12.00292	415.5516
12.00341	415.5662
12.00336	415.5827
12.00473	415.5781
12.00548	415.5807
12.00864	415.6013
12.00799	415.6376
12.01427	415.6376
12.0165	415.6833
12.01748	415.6858
12.01594	415.7055
12.01651	415.7122
12.01817	415.7423
12.02132	415.7298
12.0222	415.7842
12.02394	415.7858
12.02677	415.807
12.03159	415.8345
12.0322	415.834
12.0318	415.8464
12.03398	415.8702
12.03351	415.8993
12.03661	415.8899
12.03894	415.9055
12.04143	415.9319
12.04227	415.9505
12.04621	415.9469
12.04679	415.9785
12.04948	416.0081
12.04905	416.0158
12.04978	416.023
12.05263	416.0448
12.05538	416.0593
12.05744	416.0889
12.06088	416.1127
12.05893	416.1272
12.06428	416.136
12.06289	416.1365
12.06574	416.1645
12.06663	416.1754
12.06825	416.1868
12.06619	416.193
12.07092	416.2204
12.06903	416.237
12.07229	416.2562
12.07719	416.2815
12.08044	416.3038
12.08422	416.3147
12.08652	416.3339
12.08542	416.3473
12.08597	416.3758
12.08806	416.3831
12.09215	416.4105
12.09874	416.4199
12.09493	416.4126
12.09414	416.4514
12.0972	416.4774
12.1001	416.4898
12.09909	416.4836
12.10302	416.5151
12.10714	416.5255
12.10517	416.5395
12.10512	416.5447
12.1043	416.5815
12.10588	416.5913
12.10941	416.6307
12.11216	416.6322
12.11558	416.6566
12.1177	416.6773
12.12036	416.6716
12.12311	416.7063
12.11972	416.7094
12.12284	416.712
12.12196	416.7385
12.12478	416.7519
12.12983	416.7788
12.13049	416.7591
12.13356	416.7706
12.13215	416.8109
12.13437	416.8337
12.13685	416.8535
12.13908	416.8824
12.14013	416.8804
12.14316	416.9048
12.14442	416.9327
12.14494	416.9477
12.14604	416.9602
12.14958	416.9674
12.15057	416.9975
12.15213	416.9944
12.1537	417.0228
12.15558	417.0316
12.15757	417.0425
12.15641	417.0643
12.16386	416.8151
12.16389	416.8965
12.16291	416.9555
12.16497	416.9912
12.16773	417.0518
12.16897	417.0814
12.17131	417.1093
12.17346	417.142
12.17518	417.1725
12.17602	417.1845
12.17884	417.2057
12.18196	417.2471
12.18075	417.2606
12.18356	417.2818
12.18473	417.2839
12.18888	417.3378
12.18994	417.3238
12.19011	417.3477
12.19197	417.3715
12.19173	417.3896
12.19553	417.3937
12.19781	417.4098
12.19739	417.4497
12.19897	417.4808
12.20255	417.5015
12.20265	417.5067
12.20685	417.5181
12.20805	417.5517
12.2104	417.5574
12.21029	417.5668
12.21404	417.5719
12.21288	417.5952
12.21705	417.5989
12.21649	417.6014
12.21692	417.6325
12.22238	417.6367
12.22469	417.6725
12.22575	417.6921
12.22778	417.6993
12.2293	417.7071
12.23191	417.7377
12.2333	417.7548
12.23819	417.7817
12.23508	417.7957
12.23458	417.8066
12.23658	417.8263
12.2372	417.8279
12.24378	417.8434
12.24441	417.8631
12.24405	417.8833
12.24637	417.8941
12.24651	417.9056
12.2514	417.919
12.25542	417.9454
12.25074	417.9734
12.25894	417.9822
12.25687	418.0014
12.25872	418.0133
12.25765	418.0247
12.26329	418.0542
12.26577	418.0688
12.26652	418.09
12.26444	418.0879
12.26848	418.1112
12.27083	418.1158
12.27278	418.1107
12.2751	418.1568
12.27542	418.1531
12.28045	418.1811
12.28298	418.1982
12.28135	418.2164
12.28278	418.221
12.28504	418.2542
12.28842	418.2692
12.29052	418.2749
12.29172	418.2842
12.29086	418.3076
12.29376	418.3278
12.29567	418.3402
12.2984	418.3583
12.29805	418.3878
12.29936	418.393
12.30078	418.421
12.30197	418.437
12.30432	418.4158
12.30704	418.4479
12.30803	418.4521
12.30873	418.4738
12.31194	418.4915
12.3141	418.5168
12.3163	418.5293
12.31875	418.5438
12.31766	418.5764
12.31951	418.5831
12.32226	418.6189
12.32448	418.6111
12.32751	418.6313
12.33131	418.6566
12.33113	418.6566
12.33026	418.6707
12.33257	418.6862
12.33342	418.6904
12.33701	418.71
12.3359	418.7323
12.33923	418.7582
12.34428	418.7856
12.34484	418.7914
12.34535	418.8069
12.34452	418.8354
12.34924	418.8458
12.35278	418.8649
12.35364	418.8882
12.35563	418.9136
12.35796	418.924
12.35604	418.9245
12.35728	418.9509
12.36102	418.9639
12.36199	418.9655
12.36324	418.9923
12.36748	419.0012
12.36858	419.0209
12.36983	419.0328
12.37096	419.0525
12.37544	419.0815
12.37682	419.0695
12.3786	419.1074
12.38015	419.1151
12.38257	419.1457
12.38485	419.1478
12.3842	419.1618
12.38497	419.1902
12.3869	419.2198
12.3899	419.2188
12.39228	419.239
12.39446	419.2493
12.39464	419.2592
12.39915	419.2861
12.40076	419.2685
12.39866	419.298
12.40044	419.3224
12.40362	419.3545
12.40543	419.3472
12.40735	419.354
12.41042	419.3845
12.41033	419.4218
12.41123	419.4177
12.41312	419.456
12.41478	419.471
12.417	419.4757
12.4207	419.498
12.4218	419.5073
12.42249	419.4995
12.42235	419.5244
12.42425	419.556
12.42603	419.5798
12.42826	419.5855
12.43378	419.5948
12.43389	419.6161
12.43651	419.6451
12.43505	419.6621
12.4372	419.686
12.43836	419.7026
12.44052	419.7068
12.44248	419.7362
12.44587	419.7425
12.4466	419.7528
12.45116	419.7689
12.4522	419.7901
12.45111	419.8051
12.45006	419.8238
12.45302	419.8249
12.45807	419.8424
12.45985	419.8632
12.45682	419.8813
12.46136	419.8766
12.46322	419.8979
12.46617	419.9377
12.46818	419.9476
12.46501	419.9745
12.4694	419.9999
12.47244	420.0051
12.47418	420.0175
12.47559	420.0445
12.47738	420.0465
12.47781	420.0823
12.48113	420.0818
12.48355	420.104
12.48536	420.0901
12.48432	420.1072
12.48779	420.1326
12.49097	420.146
12.49173	420.1455
12.49383	420.1579
12.49238	420.2004
12.49432	420.2128
12.49588	420.2615
12.49938	420.2595
12.50016	420.2864
12.50175	420.3087
12.5039	420.3133
12.50541	420.3309
12.50902	420.3397
12.50977	420.3532
12.51104	420.3605
12.51291	420.3874
12.51191	420.4061
12.51655	420.4097
12.52014	420.4516
12.51924	420.4553
12.52	420.461
12.52176	420.4915
12.52681	420.4973
12.52733	420.5237
12.52934	420.5278
12.53055	420.5625
12.53207	420.5724
12.53578	420.577
12.53577	420.6174
12.53866	420.6127
12.54106	420.6376
12.5398	420.6604
12.54258	420.6474
12.54383	420.6614
12.54538	420.6822
12.54877	420.7262
12.5508	420.721
12.55139	420.735
12.55415	420.7365
12.55375	420.7661
12.55394	420.7904
12.55868	420.8189
12.56164	420.8225
12.56044	420.8355
12.56184	420.8428
12.56216	420.8743
12.56466	420.8878
12.56742	420.892
12.57089	420.9204
12.5718	420.9324
12.57324	420.9614
12.57413	420.966
12.57436	420.9785
12.57578	421.0033
12.57884	421.021
12.58205	421.0313
12.58348	421.051
12.58633	421.0603
12.58803	421.0831
12.58941	421.108
12.58847	421.1142
12.59238	421.1458
12.5927	421.1567
12.5966	421.1644
12.59857	421.195
12.59926	421.1945
12.60161	421.2106
12.60113	421.236
12.60382	421.2323
12.60553	421.2691
12.60579	421.2691
12.60823	421.3017
12.611	421.3059
12.61217	421.3193
12.61197	421.3556
12.61441	421.3727
12.61637	421.3861
12.61618	421.4084
12.61994	421.3908
12.62007	421.4323
12.62457	421.4576
12.62621	421.4478
12.6308	421.4897
12.63152	421.4955
12.63559	421.5167
12.63428	421.5416
12.63732	421.526
12.63802	421.5561
12.63873	421.5727
12.64212	421.5737
12.6433	421.6094
12.64426	421.6208
12.64521	421.669
12.64849	421.6343
12.65032	421.6566
12.65284	421.6835
12.65295	421.698
12.6537	421.74
12.65436	421.7317
12.65861	421.7483
12.65544	421.77
12.65912	421.7877
12.66226	421.7856
12.6634	421.8145
12.66589	421.8011
12.66672	421.8343
12.6713	421.8368
12.67209	421.8622
12.67355	421.8716
12.67643	421.8814
12.67743	421.9259
12.6799	421.9327
12.68172	421.9404
12.68136	421.9773
12.68356	421.9731
12.68161	422.0067
12.68452	422.0052
12.68272	422.0368
12.68859	422.0311
12.69237	422.07
12.69321	422.0648
12.6919	422.0923
12.6972	422.1036
12.69864	422.1109
12.70277	422.1244
12.70285	422.1648
12.7038	422.1616
12.70614	422.186
12.70599	422.2
12.70978	422.2213
12.71111	422.2243
12.7138	422.2481
12.71589	422.271
12.71598	422.2989
12.71677	422.3041
12.7193	422.314
12.72229	422.3326
12.72307	422.3606
12.72239	422.3487
12.72662	422.3792
12.72536	422.387
12.72939	422.3927
12.73379	422.4191
12.73294	422.4336
12.73663	422.446
12.73757	422.4952
12.7397	422.474
12.73928	422.5217
12.74107	422.5336
12.74382	422.5429
12.74386	422.5776
12.74589	422.5983
12.7479	422.588
12.75	422.6087
12.75219	422.6009
12.75353	422.6325
12.75654	422.6367
12.75972	422.6533
12.75956	422.6703
12.75875	422.6848
12.76035	422.7159
12.76324	422.746
12.7632	422.7398
12.77139	422.7625
12.77049	422.775
12.77421	422.8097
12.77693	422.8107
12.7714	422.8398
12.77321	422.8382
12.77902	422.8589
12.77955	422.8713
12.77841	422.8817
12.77975	422.9066
12.78254	422.9179
12.78973	422.9444
12.79221	422.947
12.79148	422.9594
12.79332	422.9853
12.79425	422.9936
12.79319	423.0055
12.79587	423.0304
12.79869	423.0381
12.80071	423.0728
12.80136	423.0718
12.80337	423.0873
12.80538	423.1216
12.8066	423.1216
12.80948	423.149
12.81105	423.1485
12.81246	423.1594
12.81453	423.1703
12.81667	423.1977
12.81788	423.1941
12.81955	423.2288
12.82146	423.2423
12.82213	423.2547
12.82441	423.2769
12.82637	423.2935
12.82811	423.3008
12.8293	423.3267
12.83223	423.3526
12.8359	423.3552
12.83377	423.379
12.83454	423.3982
12.83629	423.4034
12.84073	423.4168
12.84261	423.4111
12.84071	423.4474
12.84505	423.45
12.84731	423.4914
12.84876	423.4629
12.84883	423.5059
12.8524	423.4919
12.85621	423.507
12.85468	423.5329
12.85507	423.5655
12.85847	423.5815
12.85935	423.5764
12.86215	423.5997
12.86413	423.6209
12.86654	423.6334
12.8684	423.6686
12.86794	423.6675
12.87243	423.6753
12.87416	423.694
12.87448	423.7111
12.8744	423.7328
12.87776	423.7318
12.88101	423.752
12.88194	423.7815
12.88246	423.7711
12.88352	423.824
12.88421	423.8282
12.88642	423.8546
12.88968	423.8784
12.89054	423.8654
12.89466	423.8996
12.89594	423.9162
12.89721	423.924
12.90124	423.9447
12.901	423.9447
12.90247	423.9659
12.90091	423.983
12.90307	423.9996
12.90521	423.9965
12.90858	424.0198
12.90899	424.0478
12.90936	424.0452
12.91097	424.0576
12.91283	424.1027
12.91547	424.1084
12.92058	424.1332
12.92088	424.1426
12.92151	424.1581
12.92274	424.183
12.92664	424.1985
12.92781	424.2058
12.92989	424.2224
12.93005	424.242
12.93171	424.226
12.93345	424.2457
12.93509	424.2576
12.93542	424.2907
12.93659	424.2939
12.93866	424.3187
12.94059	424.3275
12.94042	424.3519
12.94269	424.369
12.94645	424.3896
12.9495	424.3949
12.94836	424.4254
12.94976	424.4327
12.95367	424.4607
12.95722	424.4622
12.95787	424.4865
12.96165	424.4907
12.96049	424.4969
12.96263	424.4871
12.96358	424.5218
12.96576	424.5565
12.96716	424.5591
12.97063	424.6062
12.97221	424.5927
12.9746	424.6181
12.97611	424.6383
12.97419	424.6476
12.97671	424.657
12.97814	424.6767
12.97943	424.7047
12.98288	424.7176
12.98427	424.7487
12.98751	424.7388
12.99095	424.7523
12.98803	424.7684
12.99237	424.7834
12.99254	424.801
12.9921	424.8083
12.99817	424.8383
12.99862	424.8285
12.9983	424.8647
13.00065	424.8854
13.00574	424.8896
13.00612	424.917
13.00798	424.9227
13.01009	424.9481
13.01031	424.9693
13.00928	424.9818
13.01255	424.9926
13.01439	425.0066
13.01441	425.0211
13.01921	425.0326
13.02204	425.0398
13.02349	425.0527
13.02493	425.0636
13.02702	425.0926
13.02978	425.0916
13.02703	425.1206
13.03054	425.1377
13.03243	425.1454
13.0348	425.1931
13.03626	425.1993
13.03863	425.2139
13.04062	425.2263
13.04132	425.2506
13.04567	425.2558
13.04408	425.2781
13.04603	425.2812
13.0486	425.289
13.04936	425.3263
13.05169	425.3247
13.05199	425.3481
13.05393	425.3604
13.05659	425.3734
13.05914	425.3915
13.06184	425.4045
13.06397	425.4382
13.06554	425.463
13.06531	425.4734
13.06688	425.4811
13.0704	425.4863
13.07264	425.5138
13.07174	425.4962
13.07654	425.5423
13.07545	425.547
13.07539	425.5656
13.07862	425.5645
13.07841	425.576
13.08088	425.621
13.0829	425.6174
13.08488	425.6511
13.08924	425.6609
13.0901	425.6661
13.08907	425.692
13.09025	425.7096
13.09703	425.7008
13.09705	425.7474
13.095	425.7459
13.09817	425.7624
13.10216	425.7868
13.10445	425.8018
13.10606	425.8054
13.10661	425.8489
13.10638	425.8432
13.10872	425.8603
13.11015	425.8655
13.11137	425.8862
13.11362	425.9002
13.1158	425.9028
13.12034	425.92
13.12028	425.9422
13.12104	425.9779
13.12258	425.9878
13.12606	426.0111
13.1267	426.0157
13.12902	426.0354
13.13125	426.066
13.13268	426.0556
13.13501	426.0577
13.13619	426.0929
13.13691	426.0981
13.13716	426.11
13.13938	426.1515
13.1432	426.1613
13.14297	426.1624
13.14327	426.1966
13.14735	426.1862
13.14996	426.2105
13.15236	426.2198
13.15178	426.2628
13.15561	426.3012
13.15781	426.2862
13.15943	426.3064
13.15715	426.3318
13.16014	426.353
13.164	426.3405
13.16488	426.3649
13.16579	426.3742
13.16557	426.4022
13.16795	426.4084
13.17134	426.4239
13.17551	426.4307
13.17441	426.4431
13.17556	426.4841
13.17743	426.4778
13.18031	426.498
13.18285	426.525
13.18417	426.5405
13.18663	426.5545
13.18796	426.5851
13.19127	426.5897
13.18946	426.611
13.1919	426.626
13.19531	426.6483
13.19589	426.6488
13.19638	426.6638
13.2019	426.6855
13.20334	426.6902
13.20353	426.6794
13.20452	426.7203
13.20686	426.7312
13.20831	426.7483
13.21019	426.7711
13.21103	426.7975
13.21273	426.8
13.2138	426.8311
13.21592	426.8384
13.21774	426.8679
13.22072	426.8819
13.22247	426.8855
13.22131	426.8866
13.22347	426.9171
13.2279	426.928
13.22958	426.9425
13.23121	426.955
13.23293	426.9922
13.23369	426.9855
13.23342	426.9964
13.23768	427.0244
13.23649	427.0316
13.24178	427.058
13.24146	427.0798
13.24392	427.0673
13.24487	427.0938
13.24542	427.1057
13.24943	427.1508
13.24968	427.1445
13.25213	427.1621
13.25323	427.1782
13.25651	427.1787
13.25644	427.2025
13.25787	427.2165
13.25777	427.2222
13.26166	427.2476
13.26174	427.2844
13.26689	427.2948
13.26552	427.2859
13.26919	427.2963
13.27115	427.3429
13.27499	427.3435
13.27531	427.3595
13.27569	427.373
13.2768	427.3896
13.27632	427.4072
13.27915	427.446
13.28179	427.4414
13.2857	427.4709
13.28648	427.4673
13.28878	427.4673
13.29033	427.4833
13.2941	427.489
13.29574	427.531
13.29613	427.5284
13.29812	427.5336
13.29884	427.5657
13.29929	427.5807
13.3037	427.6118
13.30403	427.6216
13.30459	427.6403
13.30604	427.6392
13.30772	427.6678
13.31023	427.6874
13.31447	427.6781
13.31809	427.704
13.31715	427.7175
13.31841	427.7165
13.32286	427.7449
13.32111	427.7672
13.32164	427.7864
13.32558	427.7781
13.32504	427.8092
13.32814	427.8195
13.33114	427.8387
13.33415	427.8734
13.33412	427.8723
13.33431	427.8806
13.33728	427.9169
13.33706	427.9247
13.33951	427.9169
13.34253	427.9573
13.34318	427.9521
13.34638	427.9749
13.34788	427.9858
13.34829	428.0055
13.35016	428.0107
13.35351	428.0329
13.35571	428.0495
13.35537	428.0656
13.35712	428.0806
13.35732	428.1018
13.35918	428.1013
13.36258	428.1241
13.36647	428.1423
13.36842	428.1536
13.36959	428.1682
13.36747	428.1811
13.37045	428.2179
13.37209	428.2303
13.37309	428.2396
13.37868	428.2495
13.37894	428.2531
13.38	428.2733
13.38316	428.2805
13.38351	428.279
13.38421	428.2987
13.38597	428.3174
13.38875	428.3406
13.38933	428.3562
13.3915	428.3681
13.39544	428.3925
13.39544	428.4059
13.39771	428.421
13.40039	428.4427
13.40225	428.4562
13.40255	428.4676
13.40485	428.4899
13.40615	428.478
13.40536	428.4961
13.40725	428.5245
13.4094	428.5313
13.40961	428.5494
13.41115	428.5483
13.41431	428.5883
13.41498	428.5763
13.41701	428.6121
13.41885	428.6364
13.41986	428.6411
13.42377	428.6773
13.42491	428.6696
13.42523	428.6789
13.42658	428.7193
13.42809	428.7147
13.43155	428.7255
13.43378	428.7339
13.43064	428.7633
13.43672	428.7748
13.43893	428.7877
13.44202	428.7991
13.44445	428.8084
13.44195	428.8214
13.44403	428.8338
13.4461	428.8545
13.44691	428.8732
13.44898	428.91
13.45172	428.9126
13.45412	428.9328
13.45435	428.9524
13.45841	428.9742
13.45821	428.968
13.45999	428.9783
13.46257	428.9965
13.46528	429.0073
13.46425	429.0317
13.46808	429.0498
13.47144	429.0426
13.4711	429.0706
13.47255	429.098
13.47494	429.0871
13.47501	429.1115
13.47622	429.1213
13.48178	429.1488
13.48301	429.1617
13.48294	429.1798
13.48489	429.1907
13.48748	429.2104
13.48846	429.2415
13.48934	429.2721
13.49172	429.2705
13.49211	429.2747
13.49415	429.2871
13.49452	429.3031
13.49706	429.3311
13.4985	429.3249
13.50072	429.3461
13.50479	429.3751
13.50418	429.386
13.50855	429.413
13.50977	429.4197
13.5083	429.4446
13.51313	429.4492
13.5134	429.4668
13.51262	429.4674
13.51669	429.4927
13.52056	429.5026
13.52305	429.5228
13.52492	429.5383
13.52492	429.5337
13.52574	429.5756
13.52886	429.5642
13.52763	429.5912
13.53014	429.5922
13.53375	429.6155
13.53391	429.6269
13.53329	429.657
13.53639	429.6823
13.53969	429.7025
13.53893	429.7031
13.54156	429.7222
13.54292	429.7393
13.54675	429.7745
13.54604	429.7704
13.54856	429.7745
13.55196	429.7953
13.55453	429.8191
13.55537	429.8217
13.55664	429.8202
13.55748	429.8413
13.56229	429.8388
13.56329	429.873
13.56235	429.8678
13.56373	429.8906
13.56689	429.9232
13.56908	429.9362
13.57139	429.9636
13.57283	429.9652
13.57345	429.9874
13.5755	430.0149
13.57884	430.0118
13.57952	430.016
13.58228	430.062
13.58523	430.0631
13.5826	430.0797
13.58509	430.0833
13.58694	430.104
13.58862	430.1284
13.59218	430.1403
13.59417	430.1558
13.59402	430.1595
13.59578	430.1755
13.59843	430.2066
13.60074	430.232
13.60322	430.2232
13.60168	430.2444
13.60512	430.2667
13.6069	430.2972
13.60797	430.2962
13.61119	430.3164
13.61322	430.3314
13.6187	430.3376
13.61773	430.3573
13.61456	430.3521
13.62099	430.3749
13.62119	430.3967
13.62075	430.4143
13.62079	430.4205
13.62346	430.4288
13.62658	430.4594
13.63102	430.4811
13.62924	430.4847
13.63167	430.519
13.63391	430.5153
13.63591	430.5459
13.63878	430.5744
13.6405	430.564
13.6426	430.6096
13.64408	430.6158
13.64302	430.6303
13.64575	430.6282
13.6467	430.6568
13.65217	430.6666
13.65159	430.6795
13.65358	430.6852
13.65386	430.707
13.65549	430.7339
13.65649	430.7163
13.65601	430.752
13.66146	430.766
13.66262	430.7878
13.66243	430.8085
13.66434	430.8256
13.6678	430.8297
13.66909	430.8583
13.67219	430.8639
13.67442	430.8748
13.67644	430.8883
13.67727	430.9033
13.6791	430.9359
13.68003	430.9308
13.68142	430.9474
13.68377	430.9676
13.68736	430.9893
13.68911	430.994
13.68985	431.024
13.69202	431.0318
13.69252	431.0375
13.69377	431.0535
13.69603	431.0722
13.69792	431.0934
13.70038	431.1085
13.69991	431.1152
13.70105	431.1442
13.70327	431.1421
13.7052	431.1463
13.70872	431.1572
13.70943	431.1732
13.71082	431.2141
13.71308	431.1903
13.71356	431.211
13.71743	431.2369
13.722	431.2401
13.72053	431.2675
13.71941	431.2763
13.72386	431.3245
13.72633	431.3235
13.729	431.3338
13.72698	431.3457
13.72927	431.3447
13.73306	431.3561
13.73647	431.3954
13.7418	431.4043
13.74598	431.3944
13.74311	431.4048
13.7403	431.4291
13.74316	431.4561
13.74608	431.469
13.74715	431.4918
13.74973	431.498
13.75162	431.4773
13.75285	431.5353
13.75463	431.5343
13.75851	431.569
13.75939	431.5954
13.76151	431.5762
13.76197	431.6032
13.76342	431.6094
13.76472	431.6135
13.76521	431.6415
13.77017	431.656
13.7735	431.6726
13.77363	431.6804
13.77626	431.7021
13.77673	431.7254
13.77684	431.7327
13.78081	431.7296
13.78057	431.7508
13.78376	431.7632
13.78587	431.7736
13.78723	431.8026
13.78947	431.8068
13.79119	431.8383
13.79285	431.8591
13.79536	431.8544
13.79644	431.8834
13.79699	431.8964
13.79557	431.8793
13.79905	431.9067
13.80168	431.916
13.80143	431.9243
13.80153	431.9565
13.80517	431.9601
13.8082	431.9725
13.81089	432.0109
13.81559	432.0103
13.81617	432.044
13.81658	432.0565
13.81754	432.0668
13.81998	432.0938
13.82172	432.0938
13.82392	432.1295
13.82398	432.1331
13.82614	432.1404
13.82841	432.1544
13.83125	432.1616
13.83389	432.188
13.83507	432.1953
13.83491	432.2186
13.83592	432.2284
13.83769	432.2362
13.83921	432.2595
13.83868	432.2813
13.8422	432.2808
13.84735	432.3248
13.84726	432.3248
13.84911	432.3486
13.85067	432.3776
13.85281	432.3828
13.85424	432.3673
13.8555	432.4071
13.85682	432.4098
13.85989	432.4284
13.86143	432.4263
13.86408	432.4517
13.86741	432.4807
13.8678	432.4755
13.86846	432.4931
13.86933	432.5035
13.86946	432.5258
13.87099	432.5258
13.87457	432.5512
13.87539	432.575
13.87894	432.5688
13.87891	432.5942
13.87967	432.6118
13.88247	432.6216
13.88585	432.646
13.88741	432.6635
13.8887	432.6527
13.88873	432.6755
13.8904	432.7123
13.89087	432.6936
13.89585	432.7268
13.8976	432.733
13.89789	432.7641
13.90054	432.7693
13.90074	432.7765
13.90295	432.8127
13.90641	432.8185
13.90816	432.8449
13.90968	432.8366
13.91152	432.8656
13.91133	432.8651
13.91324	432.8837
13.91587	432.9003
13.91575	432.9195
13.91974	432.9159
13.9211	432.9273
13.92204	432.9526
13.92231	432.9469
13.92302	432.9806
13.92473	432.992
13.92744	433.0293
13.9289	433.0303
13.93014	433.0536
13.93474	433.0645
13.93523	433.0883
13.93888	433.0925
13.9415	433.1215
13.94183	433.1189
13.94292	433.1376
13.94414	433.1412
13.94542	433.179
13.94526	433.1733
13.94734	433.1821
13.95102	433.2096
13.95485	433.2142
13.95682	433.2386
13.95493	433.25
13.95992	433.2712
13.95807	433.2837
13.96056	433.293
13.96315	433.3116
13.96508	433.3427
13.96949	433.3609
13.9688	433.3645
13.97124	433.3743
13.97144	433.4012
13.97182	433.4007
13.97531	433.425
13.97819	433.4261
13.97745	433.4473
13.97973	433.4629
13.982	433.479
13.98692	433.4831
13.98422	433.5038
13.98984	433.5178
13.98976	433.5411
13.99389	433.5577
13.9938	433.5789
13.9954	433.6028
13.99611	433.6033
13.99665	433.6214
14.00028	433.6483
14.00284	433.6701
14.00484	433.6628
14.00243	433.6587
14.00518	433.6867
14.00708	433.6742
14.0078	433.7105
14.00911	433.7105
14.0117	433.739
14.01428	433.7498
14.01712	433.7721
14.01934	433.7809
14.02603	433.798
14.01885	433.8312
14.03123	433.8255
14.02516	433.854
14.02655	433.8737
14.0263	433.8794
14.02977	433.8871
14.03342	433.9198
14.03517	433.9322
14.03945	433.9374
14.04012	433.9586
14.03967	433.9519
14.04233	433.9716
14.04235	433.985
14.04298	434.0234
14.04464	434.0363
14.04958	434.0519
14.04976	434.0597
14.05135	434.0695
14.05305	434.0845
14.05502	434.1068
14.05524	434.1011
14.05794	434.1399
14.05936	434.1332
14.06315	434.1581
14.06643	434.1648
14.06564	434.1741
14.06761	434.1943
14.06931	434.1892
14.07232	434.2218
14.07571	434.2389
14.07194	434.242
14.07321	434.2518
14.07476	434.2555
14.07766	434.2456
14.08092	434.2741
14.08327	434.3057
14.084	434.3067
14.08465	434.3399
14.086	434.3679
14.08723	434.3668
14.08872	434.3932
14.09018	434.413
14.09383	434.4041
14.09741	434.4482
14.09583	434.429
14.09992	434.4482
14.10145	434.4814
14.10323	434.4808
14.10734	434.5
14.10743	434.5119
14.10775	434.5347
14.10894	434.5564
14.11181	434.5777
14.11187	434.5917
14.11412	434.6114
14.1165	434.6248
14.119	434.6378
14.11978	434.6549
14.12068	434.6502
14.12354	434.6704
14.12509	434.6942
14.12655	434.6978
14.12921	434.6875
14.13009	434.7248
14.13317	434.7321
14.13545	434.7585
14.13305	434.7735
14.13439	434.7766
14.13782	434.7942
14.14027	434.8118
14.14153	434.8175
14.14406	434.8476
14.14523	434.8641
14.14935	434.8885
14.15066	434.8807
14.15075	434.903
14.153	434.9237
14.15514	434.9227
14.158	434.9574
14.15958	434.9579
14.16052	434.9838
14.16292	434.9807
14.16575	435.0149
14.16572	435.0206
14.16802	435.0351
14.16732	435.062
14.17257	435.0646
14.17181	435.0812
14.17094	435.1097
14.17413	435.1195
14.17657	435.1392
14.18059	435.147
14.17912	435.1843
14.18022	435.1698
14.18251	435.1926
14.18328	435.2097
14.18468	435.2169
14.18885	435.2206
14.18973	435.2382
14.18795	435.2491
14.19487	435.2827
14.19887	435.2874
14.19935	435.3081
14.20031	435.3216
14.20043	435.3226
14.20194	435.3485
14.20426	435.3485
14.2049	435.3749
14.20556	435.4008
14.21086	435.3915
14.21061	435.4324
14.2108	435.4345
14.21438	435.4397
14.21603	435.4873
14.21702	435.4666
14.21828	435.2475
14.22066	435.3257
14.22189	435.3744
14.22328	435.4241
14.22536	435.4454
14.22828	435.478
14.23034	435.5039
14.23114	435.5314
14.23092	435.5598
14.23388	435.6003
14.23679	435.5878
14.23898	435.6324
14.23987	435.6365
14.23941	435.6567
14.24304	435.6842
14.24545	435.6982
14.24815	435.7065
14.24808	435.7122
14.25004	435.7406
14.25274	435.7443
14.25274	435.7697
14.25509	435.794
14.25828	435.8075
14.25942	435.807
14.25946	435.8416
14.26506	435.8468
14.27971	435.8779
14.27828	435.882
14.27575	435.8904
14.27082	435.9313
14.26556	435.9297
14.2701	435.9463
14.27181	435.9442
14.27589	435.9499
14.27688	435.9743
14.27644	435.9618
14.27768	435.9872
14.28095	436.0152
14.28347	436.0318
14.28747	436.0722
14.28691	436.0411
14.28945	436.0737
14.29342	436.0883
14.29239	436.1131
14.28934	436.1224
14.29241	436.1509
14.29659	436.1478
14.3023	436.1633
14.2997	436.1722
14.30302	436.1877
14.30397	436.1929
14.3051	436.2214
14.30853	436.2079
14.31105	436.2307
14.31229	436.253
14.31301	436.2804
14.314	436.3032
14.31811	436.3203
14.31864	436.3053
14.32233	436.3467
14.32181	436.3524
14.32413	436.3763
14.32635	436.3633
14.3293	436.3778
14.33198	436.412
14.33213	436.4188
14.33306	436.4384
14.33569	436.4348
14.33541	436.4498
14.33529	436.4654
14.33914	436.4809
14.34228	436.4933
14.3431	436.4923
14.34413	436.5141
14.3454	436.5524
14.34639	436.5627
14.34777	436.5804
14.35262	436.5871
14.35168	436.5876
14.35442	436.6192
14.35408	436.6415
14.35924	436.6415
14.35992	436.6612
14.36288	436.6664
14.365	436.685
14.36717	436.6866
14.36713	436.6917
14.36939	436.7181
14.37035	436.727
14.37068	436.7508
14.37258	436.7565
14.3747	436.7783
14.37966	436.7964
14.38059	436.8026
14.37831	436.8383
14.38218	436.8508
14.38389	436.8565
14.38336	436.8554
14.38478	436.8788
14.38942	436.8793
14.39134	436.9057
14.39359	436.9083
14.39498	436.9166
14.39499	436.9368
14.39709	436.9539
14.4019	436.9601
14.40496	436.9601
14.40179	436.9787
14.40687	436.9932
14.40564	437.0383
14.4042	437.0424
14.40788	437.0523
14.41288	437.0854
14.41561	437.1025
14.41497	437.1072
14.41901	437.1108
14.42118	437.1305
14.42004	437.1388
14.42216	437.1548
14.4241	437.1678
14.42743	437.1849
14.42762	437.1849
14.42823	437.1942
14.43081	437.1994
14.43058	437.2357
14.43213	437.2569
14.43816	437.2704
14.43801	437.2906
14.43963	437.2989
14.44406	437.3036
14.44126	437.3377
14.44345	437.3512
14.44642	437.3776
14.44711	437.3677
14.44924	437.3864
14.45155	437.4097
14.4523	437.4134
14.45602	437.4102
14.45743	437.4279
14.46194	437.4579
14.46148	437.4455
14.45807	437.475
14.46117	437.4698
14.46397	437.5025
14.46622	437.5216
14.46716	437.5387
14.46936	437.5677
14.47231	437.5724
14.47314	437.6092
14.47545	437.6082
14.47696	437.6024
14.47741	437.6169
14.48148	437.6185
14.48453	437.6501
14.48544	437.649
14.48533	437.6884
14.48675	437.7081
14.49043	437.6921
14.49138	437.7185
14.49092	437.7345
14.49367	437.7506
14.49716	437.7708
14.50023	437.7682
14.49988	437.791
14.50116	437.8091
14.50408	437.8221
14.50518	437.8361
14.50627	437.8485
14.50881	437.8573
14.50803	437.8734
14.50993	437.906
14.5114	437.8884
14.51513	437.9107
14.51633	437.9267
14.52044	437.9407
14.5197	437.9459
14.52075	437.9635
14.52142	438.006
14.52486	437.9971
14.5264	438.0184
14.53058	438.05
14.53267	438.0557
14.53346	438.0469
14.532	438.0681
14.53415	438.0971
14.53634	438.1044
14.54033	438.1251
14.54185	438.1282
14.54047	438.1292
14.54362	438.1417
14.54536	438.1572
14.55021	438.1857
14.55085	438.1801
14.55156	438.1997
14.55326	438.2111
14.55501	438.2318
14.55771	438.2578
14.5576	438.2847
14.56049	438.2914
14.56262	438.294
14.56394	438.3075
14.56863	438.3396
14.56876	438.3557
14.56846	438.3639
14.56985	438.3676
14.57211	438.3707
14.57307	438.3903
14.57201	438.4033
14.57686	438.4017
14.57827	438.4505
14.57732	438.4458
14.57847	438.4676
14.58137	438.4893
14.58425	438.5053
14.58846	438.5178
14.5911	438.5162
14.59253	438.5509
14.59282	438.5577
14.59532	438.5763
14.59573	438.596
14.5963	438.5908
14.59856	438.6208
14.60099	438.624
14.60415	438.6204
14.60341	438.6395
14.60425	438.6634
14.60546	438.6737
14.60817	438.6872
14.61122	438.6955
14.61173	438.7229
14.6158	438.7333
14.61658	438.7561
14.6203	438.7654
14.62439	438.769
14.62416	438.8281
14.6259	438.8126
14.62793	438.8477
14.62655	438.827
14.62845	438.8602
14.63027	438.8638
14.63161	438.868
14.63435	438.897
14.63508	438.8965
14.63917	438.9094
14.63701	438.9203
14.64069	438.9555
14.64221	438.9627
14.6464	438.9886
14.6481	438.9933
14.64693	439.0068
14.64574	439.0399
14.65079	439.0482
14.65261	439.0467
14.6541	439.0586
14.65548	439.0845
14.65636	439.0995
14.66297	439.113
14.66127	439.1265
14.65827	439.1441
14.6644	439.1389
14.66796	439.1451
14.66805	439.1679
14.67105	439.1814
14.66959	439.1969
14.67094	439.2088
14.67536	439.241
14.67597	439.2684
14.67949	439.2555
14.68217	439.2917
14.68581	439.3015
14.68556	439.3041
14.68586	439.3357
14.68851	439.3238
14.68966	439.3585
14.69203	439.3643
14.6919	439.3911
14.69511	439.3855
14.69579	439.4046
14.6998	439.4005
14.70023	439.4393
14.70137	439.4539
14.70303	439.4626
14.70372	439.457
14.70259	439.4875
14.71021	439.5295
14.71124	439.515
14.71309	439.543
14.71376	439.5683
14.71515	439.5621
14.71356	439.5875
14.71568	439.5948
14.72021	439.6118
14.72208	439.6393
14.7228	439.6341
14.72442	439.6502
14.72601	439.6559
14.72982	439.6766
14.73305	439.6958
14.73672	439.6818
14.73509	439.7186
14.73688	439.7242
14.73777	439.747
14.74137	439.7641
14.74296	439.7864
14.74411	439.7927
14.7437	439.804
14.74544	439.8128
14.74803	439.8377
14.74909	439.8517
14.75191	439.8424
14.7539	439.8735
14.75582	439.8584
14.75697	439.8999
14.76106	439.9268
14.76044	439.9108
14.76344	439.948
14.7641	439.962
14.76877	439.9812
14.76683	439.9755
14.76834	440.0154
14.76963	440.0117
14.7741	440.0345
14.77464	440.0387
14.77734	440.0672
14.77823	440.0765
14.77934	440.0796
14.77928	440.0926
14.78409	440.1128
14.78494	440.1366
14.78727	440.1366
14.78752	440.1521
14.78957	440.177
14.79179	440.1868
14.79372	440.192
14.79514	440.1962
14.79722	440.2154
14.79741	440.235
14.80021	440.2568
14.8037	440.2666
14.8081	440.2936
14.81089	440.2847
14.80944	440.321
14.80957	440.3189
14.81179	440.3257
14.81165	440.3511
14.81021	440.3547
14.81444	440.3713
14.81824	440.364
14.8193	440.3941
14.82074	440.4096
14.82229	440.4018
14.82378	440.4277
14.82639	440.4552
14.82943	440.4842
14.82916	440.4801
14.83187	440.4997
14.83267	440.5194
14.83526	440.5417
14.8368	440.5521
14.83834	440.5676
14.83969	440.5858
14.84197	440.5945
14.84351	440.5997
14.84604	440.6241
14.8459	440.6168
14.84786	440.6437
14.85048	440.6329
14.85344	440.6536
14.85498	440.6702
14.85546	440.7043
14.85746	440.7018
14.85843	440.6961
14.86076	440.7308
14.8618	440.7624
14.86356	440.7541
14.86886	440.7645
14.87147	440.7754
14.86948	440.8095
14.86979	440.8189
14.87326	440.838
14.87579	440.8391
14.87692	440.8618
14.87917	440.8504
14.88086	440.8758
14.88329	440.9007
14.88468	440.9012
14.88371	440.9225
14.88584	440.9281
14.88786	440.9556
14.88921	440.9623
14.8893	440.9872
14.89446	440.9986
14.8945	441.0059
14.89614	441.0333
14.89827	441.0354
14.89898	441.0493
14.9006	441.0701
14.90425	441.0825
14.90373	441.097
14.90806	441.1022
14.91116	441.124
14.91287	441.1364
14.91227	441.1524
14.91191	441.1633
14.91465	441.154
14.91973	441.1934
14.92239	441.2136
14.92451	441.2245
14.92303	441.241
14.9269	441.2514
14.92849	441.2618
14.93096	441.2851
14.93118	441.2851
14.93444	441.3115
14.93056	441.3089
14.93497	441.3327
14.93867	441.3555
14.93741	441.3648
14.93999	441.3731
14.94036	441.3809
14.94262	441.4042
14.94622	441.426
14.94653	441.4395
14.94751	441.4441
14.94584	441.4518
14.94904	441.4736
14.95194	441.4918
14.95326	441.5063
14.95744	441.4959
14.96075	441.5265
14.96031	441.5229
14.96232	441.5596
14.96645	441.5767
14.96745	441.5767
14.96786	441.585
14.9705	441.5933
14.97044	441.6088
14.97391	441.6156
14.97273	441.6534
14.97358	441.6513
14.97675	441.6705
14.98152	441.6917
14.98238	441.6979
14.98511	441.7156
14.98755	441.7425
14.98762	441.7389
14.98586	441.7607
14.99065	441.773
14.99	441.7855
14.99639	441.7674
14.9947	441.7953
14.99792	441.7948
14.99945	441.8197
15.00481	441.829
14.9984	441.8233
15.00499	441.8642
15.0059	441.8616
15.00859	441.8979
15.01165	441.9223
15.00875	441.9254
15.00972	441.9357
15.01142	441.9601
15.01972	441.9502
15.01868	441.9849
15.01935	441.9792
15.01956	441.9911
15.0214	442.002
15.02744	442.0461
15.02966	442.0243
15.03043	442.0424
15.03088	442.073
15.03664	442.0782
15.03954	442.1061
15.03764	442.1206
15.03965	442.1305
15.03805	442.1206
15.04129	442.1191
15.03969	442.1621
15.04354	442.175
15.04727	442.1818
15.04728	442.1968
15.0488	442.2108
15.04986	442.2237
15.05436	442.2496
15.05345	442.2579
15.05298	442.2642
15.05964	442.2652
15.06007	442.2838
15.06289	442.2849
15.06269	442.3227
15.06512	442.3517
15.0677	442.3465
15.07201	442.3677
15.07407	442.39
15.07269	442.3957
15.0745	442.4097
15.07431	442.4232
15.07615	442.4294
15.07979	442.4672
15.08164	442.4553
15.08206	442.4755
15.08602	442.4703
15.0867	442.5034
15.08919	442.4936
15.09079	442.504
15.09005	442.5242
15.08665	442.5532
15.09503	442.5568
15.09525	442.5708
15.09947	442.5827
15.10041	442.6003
15.09921	442.6117
15.10133	442.6283
15.10686	442.6661
15.10863	442.6723
15.10965	442.6578
15.10932	442.6931
15.10967	442.692
15.11205	442.7133
15.11399	442.7303
15.11613	442.7428
15.11856	442.763
15.11959	442.7796
15.11984	442.7852
15.12417	442.7977
15.12672	442.8288
15.12721	442.8397
15.13122	442.8459
15.12984	442.8547
15.1336	442.8702
15.13313	442.9065
15.13525	442.906
15.1375	442.9117
15.13797	442.9231
15.14211	442.936
15.14424	442.9749
15.14368	442.9485
15.14537	442.9816
15.14891	442.9717
15.15168	442.9857
15.15288	443.0121
15.1546	443.0401
15.15575	443.0205
15.15864	443.0562
15.16028	443.0862
15.16088	443.0686
15.16378	443.0956
15.16524	443.1142
15.16697	443.1308
15.16747	443.136
15.16828	443.1603
15.17169	443.166
15.17174	443.1867
15.1751	443.1758
15.17476	443.2023
15.17645	443.2121
15.1791	443.2256
15.18189	443.2344
15.18252	443.2598
15.18526	443.2733
15.18717	443.3033
15.18885	443.3054
15.19052	443.3204
15.19197	443.3334
15.19479	443.3618
15.19542	443.3743
15.19701	443.3815
15.19829	443.3888
15.20104	443.3955
15.20394	443.4033
15.2039	443.4432
15.20693	443.439
15.20544	443.4566
15.20901	443.4753
15.21301	443.4742
15.21569	443.511
15.21495	443.5317
15.21533	443.5307
15.21892	443.5525
15.22107	443.5716
15.22116	443.5794
15.22471	443.5836
15.22471	443.6017
15.22817	443.625
15.2305	443.6415
15.22874	443.6426
15.23093	443.655
15.23217	443.653
15.23367	443.6783
15.23805	443.7006
15.24293	443.6872
15.24425	443.7275
15.24216	443.7322
15.23956	443.7348
15.24749	443.7597
15.24864	443.7628
15.24892	443.8115
15.25283	443.8136
15.25338	443.8058
15.25674	443.8477
15.25559	443.8648
15.25677	443.8824
15.26031	443.8762
15.2622	443.8928
15.26577	443.9022
15.26718	443.9187
15.26732	443.9332
15.26515	443.9373
15.27324	443.9492
15.2739	443.9633
15.27254	443.9809
15.27609	443.9964
15.27798	444.0032
15.27936	444.027
15.28177	444.013
15.28342	444.057
15.28697	444.0679
15.28859	444.0695
15.28776	444.0943
15.29272	444.085
15.29068	444.112
15.29419	444.1523
15.29469	444.1503
15.29732	444.1529
15.29582	444.1829
15.29702	444.1891
15.30029	444.2062
15.30244	444.2016
15.30204	444.2187
15.3076	444.2404
15.30991	444.2601
15.30941	444.2995
15.31055	444.2751
15.31448	444.3051
15.31791	444.314
15.31826	444.3295
15.31956	444.3259
15.31911	444.3481
15.32255	444.3456
15.32733	444.3803
15.32655	444.3761
15.32708	444.4067
15.32949	444.4093
15.33215	444.4139
15.33382	444.429
15.335	444.4502
15.33626	444.4569
15.33862	444.4813
15.34169	444.5067
15.34175	444.5103
15.3427	444.5176
15.34497	444.544
15.34832	444.5507
15.35018	444.572
15.35112	444.5978
15.35162	444.5906
15.35291	444.6015
15.35321	444.6196
15.35793	444.6253
15.36072	444.6424
15.35887	444.6414
15.35968	444.6548
15.36294	444.6828
15.36524	444.6968
15.36694	444.702
15.36979	444.7278
15.36977	444.7294
15.37276	444.7667
15.37451	444.7605
15.3801	444.7745
15.3791	444.8051
15.37557	444.8118
15.37939	444.8253
15.38496	444.8413
15.38547	444.8247
15.38642	444.8553
15.38601	444.8688
15.38498	444.8823
15.39235	444.9221
15.39314	444.9206
15.3935	444.9325
15.39649	444.9491
15.39784	444.9491
15.40028	444.9641
15.401	444.9724
15.40149	445.0138
15.40481	445.019
15.41012	445.019
15.41417	445.0268
15.41292	445.0708
15.4118	445.0651
15.41306	445.0708
15.41586	445.0941
15.41681	445.105
15.41851	445.1278
15.42028	445.134
15.41942	445.12
15.42299	445.1386
15.42511	445.1785
15.42789	445.1858
15.42885	445.1936
15.43288	445.2055
15.43614	445.2216
15.43676	445.2485
15.43781	445.2599
15.43862	445.2573
15.44023	445.2931
15.44084	445.2915
15.44261	445.2977
15.44557	445.3065
15.4495	445.3117
15.44913	445.3448
15.44977	445.3604
15.45427	445.3531
15.4548	445.3764
15.45621	445.4044
15.45812	445.3941
15.45954	445.4324
15.45863	445.4283
15.46184	445.4479
15.46303	445.4645
15.46298	445.5018
15.46869	445.493
15.46923	445.5044
15.47139	445.5225
15.47188	445.5319
15.47442	445.5323
15.47763	445.5676
15.47799	445.5557
15.47847	445.5872
15.48302	445.6163
15.48454	445.6246
15.48733	445.6246
15.48896	445.6381
15.48993	445.6609
15.49183	445.681
15.49221	445.6852
15.49322	445.7002
15.49409	445.71
15.49583	445.7302
15.50039	445.723
15.50435	445.7551
15.50853	445.7665
15.50591	445.7686
15.50556	445.779
15.50857	445.7924
15.50865	445.8048
15.51403	445.8276
15.51339	445.8312
15.51516	445.8448
15.51847	445.8582
15.51822	445.8654
15.51955	445.8908
15.52071	445.9059
15.52538	445.9431
15.52693	445.9592
15.52788	445.9509
15.52903	445.9571
15.5324	445.9623
15.53078	445.9758
15.53305	445.9924
15.53433	446.0141
15.53979	446.0099
15.54236	446.0219
15.54313	446.0556
15.54203	446.0711
15.54411	446.0556
15.54433	446.0991
15.54679	446.083
15.55099	446.1208
15.55097	446.1452
15.55145	446.1467
15.55246	446.1592
15.55565	446.1612
15.55765	446.1902
15.55854	446.1789
15.56083	446.1965
15.56414	446.2094
15.56548	446.2058
15.56485	446.2395
15.5679	446.2312
15.57107	446.2633
15.57132	446.2845
15.57246	446.284
15.5741	446.2964
15.57665	446.3063
15.57734	446.3213
15.58059	446.3518
15.58124	446.3518
15.58366	446.3757
15.58389	446.3861
15.58465	446.3965
15.5869	446.4203
15.59027	446.4089
15.5932	446.4384
15.59209	446.4425
15.59409	446.4518
15.59513	446.4617
15.59725	446.4881
15.6002	446.4964
15.60158	446.4995
15.60177	446.529
15.60438	446.5223
15.60522	446.5596
15.608	446.5731
15.6104	446.5814
15.61275	446.5902
15.6137	446.6135
15.61545	446.6249
15.61707	446.6327
15.61897	446.6544
15.61963	446.6394
15.62488	446.6622
15.62691	446.672
15.62684	446.6839
15.62749	446.7083
15.63099	446.7021
15.63196	446.7259
15.63247	446.7383
15.63427	446.758
15.63757	446.7725
15.63704	446.7746
15.63789	446.8005
15.64256	446.8274
15.64326	446.8419
15.64508	446.8476
15.64672	446.8554
15.64684	446.86
15.6505	446.8683
15.65211	446.8973
15.65285	446.9191
15.65458	446.9212
15.65746	446.9445
15.65791	446.9471
15.66002	446.9538
15.66217	446.9714
15.66436	446.9911
15.66621	447.0025
15.66868	447.0139
15.66809	447.03
15.67101	447.0294
15.67067	447.073
15.67311	447.073
15.67612	447.0714
15.67747	447.0895
15.6789	447.1201
15.68069	447.1367
15.68247	447.1279
15.68359	447.1429
15.68569	447.1605
15.68679	447.1833
15.69163	447.1797
15.69255	447.1771
15.6927	447.2082
15.69569	447.2268
15.69583	447.247
15.6948	447.2631
15.69862	447.2761
15.702	447.291
15.70147	447.3014
15.70267	447.3092
15.7037	447.333
15.70628	447.348
15.71153	447.3496
15.71453	447.3605
15.71252	447.3703
15.71238	447.3802
15.71868	447.3864
15.71826	447.4195
15.71932	447.4175
15.72272	447.4335
15.72399	447.4537
15.72702	447.4594
15.72639	447.4972
15.72837	447.5014
15.72795	447.5314
15.73175	447.5402
15.73466	447.5568
15.73813	447.5671
15.74171	447.5786
15.74391	447.5941
15.7437	447.6128
15.74222	447.6184
15.74544	447.6371
15.74801	447.6501
15.75094	447.665
15.74838	447.6625
15.75274	447.6837
15.75361	447.6848
15.75474	447.6894
15.75698	447.7132
15.75803	447.7371
15.75539	447.7381
15.76055	447.7469
15.7637	447.7583
15.7681	447.7863
15.76913	447.8106
15.77141	447.8024
15.77226	447.8241
15.77295	447.8422
15.77304	447.8371
15.77599	447.8495
15.7775	447.8645
15.77856	447.8904
15.78109	447.8878
15.78321	447.8935
15.78249	447.9246
15.78356	447.9334
15.78822	447.9536
15.78872	447.9593
15.79031	447.9727
15.79712	448.0142
15.79888	448.0132
15.79763	448.0127
15.80001	448.0241
15.79908	448.0355
15.80133	448.0691
15.80191	448.0748
15.80463	448.0976
15.81022	448.0997
15.81114	448.0888
15.80977	448.1199
15.81495	448.1246
15.81455	448.1359
15.81481	448.165
15.81837	448.1655
15.82049	448.1955
15.81933	448.209
15.82184	448.2256
15.82273	448.2562
15.82682	448.2365
15.82691	448.2649
15.82892	448.2769
15.8318	448.2965
15.83345	448.3162
15.83494	448.2965
15.83649	448.3111
15.8377	448.3323
15.84056	448.366
15.84004	448.369
15.84183	448.3737
15.84237	448.3976
15.84606	448.4115
15.84926	448.4297
15.85239	448.4359
15.85252	448.4603
15.85564	448.4722
15.85694	448.4742
15.8581	448.5079
15.85945	448.4893
15.86155	448.5125
15.86198	448.5348
15.86605	448.5395
15.86735	448.5691
15.86594	448.5576
15.8698	448.5835
15.87192	448.6037
15.8726	448.6006
15.87313	448.6265
15.87429	448.6074
15.87812	448.6493
15.87998	448.6478
15.8806	448.6819
15.88337	448.6747
15.88713	448.7265
15.8863	448.7079
15.88804	448.7291
15.89052	448.7348
15.89427	448.755
15.89425	448.7457
15.89508	448.7607
15.89794	448.7768
15.90014	448.7861
15.90228	448.7913
15.90249	448.798
15.90603	448.8332
15.90707	448.8337
15.90894	448.8539
15.91008	448.8653
15.91175	448.8752
15.9143	448.8985
15.9165	448.9218
15.91694	448.9203
15.91904	448.9513
15.91975	448.9503
15.92285	448.9534
15.9252	448.9793
15.92583	448.9772
15.93032	448.9767
15.93133	448.9949
15.93109	449.0047
15.933	449.0327
15.9343	449.044
15.93851	449.0575
15.9387	449.0559
15.93987	449.099
15.94193	449.101
15.94111	449.1088
15.94436	449.127
15.94744	449.1425
15.94889	449.1647
15.94994	449.1658
15.94915	449.1798
15.95294	449.1974
15.95379	449.2078
15.95373	449.2051
15.95823	449.2238
15.96053	449.2419
15.9616	449.2435
15.96392	449.2725
15.96469	449.2709
15.96703	449.2968
15.96955	449.3129
15.97027	449.3435
15.97025	449.3678
15.97273	449.3725
15.97202	449.3771
15.97497	449.4155
15.97732	449.4118
15.97784	449.4232
15.98397	449.473
15.98764	449.4631
15.98656	449.4549
15.9875	449.4698
15.98728	449.5103
15.99201	449.4865
15.9933	449.5155
15.99551	449.5237
15.99532	449.5232
15.99516	449.5595
15.9994	449.5564
16.0017	449.5921
16.00306	449.5978
16.00224	449.6258
16.0048	449.6227
16.00768	449.6517
16.00813	449.6414
16.00915	449.6776
16.01255	449.6548
16.01498	449.6828
16.01445	449.7066
16.01672	449.7082
16.01973	449.7242
16.02211	449.7403
16.02415	449.7605
16.02529	449.7512
16.02792	449.762
16.03028	449.7786
16.03348	449.7972
16.03635	449.8206
16.03611	449.8454
16.03694	449.8382
16.03877	449.8605
16.04059	449.8599
16.04206	449.8683
16.04284	449.8807
16.04508	449.9066
16.0472	449.8972
16.04934	449.9113
16.04992	449.9526
16.05197	449.9392
16.05609	449.9662
16.05778	449.9693
16.05932	449.9874
16.06282	449.9993
16.06154	449.9998
16.06129	450.0185
16.06465	450.0459
16.06845	450.047
16.06902	450.0708
16.06795	450.0936
16.07108	450.09
16.07024	450.1024
16.07334	450.1122
16.07735	450.1164
16.07869	450.1278
16.08102	450.1392
16.08076	450.1407
16.08212	450.1785
16.08356	450.1873
16.08447	450.1935
16.08581	450.221
16.0889	450.2381
16.09009	450.2603
16.09328	450.2433
16.09736	450.2733
16.09738	450.2661
16.09898	450.2982
16.09992	450.3044
16.10219	450.3085
16.10613	450.3515
16.10623	450.3267
16.10624	450.3448
16.10686	450.3774
16.10927	450.3837
16.11187	450.394
16.11555	450.3951
16.11823	450.4075
16.11781	450.4282
16.12146	450.4365
16.11939	450.4443
16.11696	450.4551
16.12401	450.4868
16.12343	450.5039
16.12827	450.5064
16.12991	450.5225
16.12966	450.5479
16.13302	450.5463
16.13367	450.5525
16.13804	450.5603
16.14082	450.5665
16.14128	450.5738
16.14453	450.6002
16.14405	450.6194
16.14626	450.6095
16.14725	450.637
16.14843	450.651
16.15259	450.6582
16.15458	450.6748
16.15564	450.6939
16.15412	450.7416
16.15708	450.7302
16.16021	450.7385
16.16369	450.7494
16.16339	450.7654
16.16361	450.7717
16.16798	450.7753
16.16806	450.7939
16.16951	450.7986
16.17346	450.8017
16.17239	450.8172
16.17525	450.8359
16.17793	450.8597
16.17956	450.8867
16.18057	450.8877
16.18305	450.8867
16.18146	450.9183
16.18414	450.9245
16.18658	450.9499
16.1901	450.9504
16.19115	450.9753
16.19234	450.9789
16.1948	450.9929
16.19462	451.0146
16.19855	451.0162
16.1997	451.0239
16.20196	451.0426
16.20901	451.0711
16.21233	451.0685
16.20341	451.0908
16.20807	451.0934
16.2102	451.1187
16.21008	451.1379
16.21284	451.126
16.21455	451.1395
16.21515	451.1648
16.21698	451.1731
16.2201	451.1799
16.22378	451.2104
16.22361	451.2239
16.2219	451.2234
16.22451	451.2415
16.22895	451.2291
16.23074	451.2519
16.23026	451.2731
16.23426	451.2996
16.23507	451.2975
16.23442	451.3203
16.2401	451.3218
16.24001	451.3441
16.24057	451.3607
16.24326	451.3876
16.24735	451.3773
16.24813	451.4042
16.24857	451.428
16.25393	451.4109
16.2554	451.4311
16.25687	451.441
16.25611	451.4389
16.25629	451.4777
16.2575	451.4777
16.26023	451.4363
16.26277	451.3482
16.26359	451.4161
16.26681	451.4695
16.26711	451.4954
16.27047	451.5212
16.27299	451.556
16.2755	451.5694
16.27547	451.5813
16.2758	451.6
16.27876	451.6259
16.28035	451.6295
16.28322	451.6456
16.28465	451.6756
16.28659	451.6746
16.28665	451.6865
16.28606	451.6979
16.28899	451.7274
16.29163	451.7181
16.2919	451.7155
16.2936	451.744
16.29772	451.7746
16.29922	451.8056
16.30057	451.8144
16.30221	451.817
16.30217	451.8404
16.30431	451.8502
16.30649	451.874
16.30904	451.889
16.30866	451.889
16.31634	451.903
16.31193	451.8973
16.31122	451.9051
16.31651	451.9284
16.31542	451.9455
16.31975	451.9496
16.31977	451.9906
16.32446	451.974
16.32496	452.0061
16.32716	452.0113
16.32958	452.032
16.33187	452.0507
16.33432	452.061
16.33574	452.0667
16.33754	452.0952
16.33748	452.1154
16.33851	452.1035
16.34192	452.1304
16.34541	452.1481
16.34678	452.1486
16.34821	452.1486
16.35174	452.1703
16.35218	452.1662
16.35368	452.1973
16.35242	452.1999
16.35489	452.2169
16.35946	452.2284
16.36233	452.2377
16.362	452.2667
16.36074	452.2672
16.36487	452.2946
16.36813	452.2905
16.36759	452.318
16.36782	452.3257
16.36853	452.3605
16.37122	452.347
16.37203	452.3724
16.37633	452.3615
16.37869	452.3828
16.38087	452.3972
16.38297	452.4205
16.38326	452.4174
16.38289	452.4428
16.38659	452.4211
16.38928	452.462
16.39203	452.4749
16.39283	452.4889
16.39417	452.5081
16.39515	452.5019
16.39306	452.5402
16.39748	452.5454
16.40515	452.5547
16.40567	452.5796
16.40427	452.5755
16.40704	452.591
16.40995	452.6148
16.41238	452.6127
16.40776	452.6241
16.40838	452.6329
16.41382	452.6511
16.41911	452.6516
16.42117	452.6889
16.4232	452.6837
16.42369	452.7117
16.42119	452.7272
16.42063	452.7397
16.42524	452.7609
16.42824	452.7832
16.42877	452.7852
16.43094	452.8055
16.43305	452.7832
16.43358	452.807
16.43326	452.822
16.43497	452.8257
16.43902	452.8469
16.4441	452.8489
16.44686	452.8702
16.44946	452.8982
16.44997	452.8982
16.4493	452.9344
16.45164	452.9287
16.4546	452.9479
16.45279	452.9686
16.45448	452.9873
16.45922	453.0572
16.46272	453.0526
16.46319	453.0582
16.46591	453.0748
16.46764	453.052
16.46717	453.0634
16.47038	453.0883
16.47198	453.0764
16.47297	453.0966
16.47618	453.1209
16.47942	453.1199
16.48035	453.1364
16.48003	453.1391
16.48169	453.1458
16.48298	453.1898
16.48576	453.1769
16.48846	453.2084
16.48952	453.1981
16.49285	453.2224
16.49364	453.2136
16.49416	453.2349
16.497	453.2473
16.49824	453.2406
16.50333	453.2494
16.50322	453.2597
16.50299	453.2851
16.5067	453.2924
16.50859	453.3224
16.51228	453.3349
16.51352	453.3234
16.51723	453.3576
16.51688	453.354
16.51737	453.3835
16.51848	453.3991
16.52126	453.3939
16.52279	453.4245
16.52492	453.4209
16.52758	453.4509
16.5287	453.4478
16.53082	453.4763
16.53075	453.4773
16.53263	453.4727
16.53637	453.4897
16.53673	453.5079
16.53838	453.5167
16.53935	453.5379
16.5412	453.5395
16.54313	453.5503
16.54591	453.5706
16.5473	453.5804
16.54795	453.5965
16.54985	453.6218
16.55112	453.612
16.54978	453.6249
16.54693	453.6431
16.55458	453.6659
16.55841	453.6555
16.56241	453.655
16.56428	453.6933
16.56528	453.7079
16.56656	453.7079
16.56894	453.7311
16.56965	453.7457
16.56993	453.7529
16.57247	453.7736
16.57528	453.7757
16.57738	453.7876
16.57938	453.8006
16.57914	453.8363
16.57981	453.8368
16.58254	453.8456
16.58538	453.8607
16.58591	453.856
16.58734	453.8607
16.59034	453.9016
16.59298	453.9083
16.59577	453.9068
16.59763	453.9042
16.59897	453.9477
16.59964	453.9689
16.60159	453.9648
16.60503	453.9695
16.60752	453.9876
16.60895	454.0078
16.60853	454.0171
16.60968	454.0435
16.61096	454.0601
16.61271	454.042
16.6135	454.0767
16.62177	454.0813
16.61948	454.0684
16.62331	454.116
16.62547	454.1165
16.62453	454.1171
16.62562	454.1306
16.62918	454.1456
16.63031	454.1668
16.62958	454.1715
16.63045	454.1937
16.63269	454.2
16.63804	454.2191
16.63776	454.2212
16.6384	454.2279
16.63823	454.2574
16.64137	454.2523
16.64078	454.2756
16.64301	454.2875
16.64618	454.2859
16.64831	454.3103
16.65289	454.3217
16.65372	454.3165
16.65372	454.3553
16.65693	454.346
16.65552	454.3533
16.65871	454.3885
16.66176	454.3942
16.66181	454.4155
16.66404	454.417
16.66689	454.4284
16.6679	454.4631
16.66737	454.4818
16.6713	454.4895
16.67553	454.4875
16.67706	454.5045
16.67839	454.5237
16.67753	454.5041
16.68059	454.5289
16.68348	454.5486
16.68626	454.5533
16.68863	454.559
16.69171	454.5527
16.69265	454.5673
16.69381	454.6144
16.69352	454.6273
16.69354	454.6413
16.6977	454.6475
16.69831	454.6724
16.7024	454.6641
16.70333	454.7066
16.70446	454.6993
16.70782	454.7237
16.70885	454.7216
16.7103	454.7449
16.71111	454.7522
16.71314	454.7553
16.71401	454.7558
16.71388	454.7765
16.71684	454.7827
16.72091	454.8081
16.7209	454.8252
16.72206	454.8361
16.72312	454.8475
16.72643	454.8563
16.72704	454.8853
16.7301	454.8791
16.7306	454.906
16.73316	454.9231
16.73496	454.9117
16.73687	454.9371
16.73759	454.9423
16.7391	454.948
16.74061	454.9661
16.74292	454.976
16.74619	454.977
16.74726	455.0009
16.74913	455.0195
16.74965	455.0143
16.75103	455.0283
16.7516	455.0645
16.75354	455.0666
16.7568	455.092
16.7597	455.0966
16.7636	455.0858
16.76443	455.1267
16.76333	455.1298
16.76583	455.1397
16.76676	455.1785
16.76659	455.1485
16.77057	455.1707
16.77244	455.1832
16.77543	455.2054
16.77818	455.2215
16.7773	455.205
16.77882	455.2174
16.78063	455.2464
16.78374	455.2707
16.78607	455.2697
16.78901	455.3054
16.78896	455.3189
16.79193	455.3235
16.79383	455.3546
16.79526	455.3479
16.79436	455.3676
16.79282	455.3883
16.79147	455.4049
16.79418	455.3826
16.80185	455.4101
16.80626	455.4028
16.80752	455.4349
16.80637	455.4365
16.80822	455.4598
16.81149	455.466
16.81384	455.4655
16.81577	455.4945
16.8191	455.5121
16.81924	455.5209
16.8193	455.538
16.82474	455.5639
16.82408	455.5717
16.82571	455.5981
16.82703	455.6085
16.82813	455.595
16.82787	455.6308
16.83036	455.6219
16.833	455.638
16.83668	455.6588
16.83851	455.6515
16.83862	455.68
16.83846	455.6903
16.8434	455.6945
16.845	455.7162
16.84707	455.7416
16.84788	455.754
16.8503	455.7343
16.85221	455.7789
16.85285	455.7701
16.85729	455.8089
16.85839	455.8012
16.85917	455.8266
16.86109	455.8198
16.86114	455.8431
16.86431	455.8483
16.86512	455.855
16.86416	455.867
16.86889	455.8711
16.87029	455.8825
16.8738	455.9032
16.87271	455.9172
16.8761	455.9483
16.87673	455.953
16.87876	455.9737
16.88129	455.9778
16.88498	456.0156
16.88563	456.0089
16.88905	456.0224
16.89262	456.0369
16.89355	456.0353
16.89296	456.0379
16.89572	456.0504
16.89648	456.084
16.89601	456.0949
16.89799	456.0815
16.89851	456.0954
16.9005	456.111
16.90467	456.1244
16.90524	456.1705
16.90719	456.1508
16.90906	456.1653
16.90991	456.1959
16.91277	456.2115
16.91528	456.2141
16.91593	456.2254
16.91676	456.2218
16.91776	456.2519
16.92112	456.2602
16.92389	456.2788
16.92929	456.283
16.92964	456.3125
16.92881	456.3068
16.92977	456.329
16.92966	456.3425
16.93291	456.3461
16.93731	456.3736
16.93883	456.3746
16.94197	456.415
16.9414	456.3969
16.94335	456.4243
16.94673	456.4549
16.94874	456.4337
16.94816	456.4529
16.95205	456.4606
16.95164	456.4673
16.9535	456.4819
16.95616	456.4964
16.95464	456.5197
16.95778	456.5295
16.96148	456.5192
16.96367	456.5347
16.9646	456.5823
16.96471	456.5601
16.96645	456.5767
16.96481	456.6114
16.96714	456.6161
16.97062	456.6554
16.97463	456.6367
16.97625	456.6549
16.97726	456.6787
16.97718	456.6699
16.97702	456.7041
16.97794	456.7015
16.98398	456.6922
16.98345	456.7279
16.98962	456.7269
16.98772	456.7352
16.98898	456.7719
16.99209	456.7673
16.99539	456.7854
16.99969	456.7911
17.0009	456.8046
17.00166	456.8212
17.00087	456.8383
17.00384	456.8642
17.00576	456.8854
17.00616	456.8771
17.00939	456.875
17.01169	456.9098
17.01455	456.8978
17.01731	456.916
17.01778	456.8978
17.02019	456.9331
17.01971	456.9569
17.02148	456.9729
17.02301	456.9704
17.02492	456.9916
17.0246	457.0102
17.02621	457.0217
17.02962	457.0268
17.032	457.0393
17.03383	457.0481
17.03448	457.0636
17.03524	457.0797
17.03801	457.1019
17.04068	457.1056
17.04286	457.1165
17.0409	457.1335
17.04506	457.1237
17.05165	457.1465
17.04841	457.1615
17.05025	457.175
17.05331	457.176
17.05584	457.1993
17.0545	457.1993
17.05662	457.2107
17.05907	457.2356
17.06385	457.234
17.06723	457.2486
17.06225	457.2869
17.06319	457.2931
17.06968	457.3112
17.06544	457.3164
17.07108	457.3397
17.07793	457.3578
17.07915	457.3584
17.0761	457.3496
17.07431	457.3687
17.07568	457.3718
17.06859	457.377
17.07121	457.3936
17.08337	457.3993
17.09117	457.4226
17.08937	457.448
17.08956	457.4568
17.09502	457.463
17.09421	457.4666
17.09692	457.5148
17.0945	457.4998
17.09772	457.5096
17.10133	457.5231
17.10847	457.5417
17.10964	457.5625
17.10469	457.5625
17.10719	457.5998
17.1106	457.6122
17.11002	457.607
17.11443	457.6189
17.11349	457.6091
17.11906	457.6692
17.11943	457.6427
17.11901	457.6609
17.12256	457.6671
17.12517	457.7044
17.12633	457.7023
17.12579	457.7235
17.12475	457.7463
17.12841	457.7526
17.1327	457.735
17.1369	457.7619
17.13869	457.7832
17.13825	457.7976
17.14012	457.7883
17.14095	457.8049
17.14071	457.8189
17.14726	457.8152
17.14796	457.8603
17.14749	457.8505
17.14809	457.8489
17.1495	457.8899
17.15296	457.8986
17.1564	457.8909
17.15808	457.923
17.15447	457.9256
17.15547	457.9391
17.1616	457.9551
17.16397	457.9583
17.16908	457.9779
17.16941	457.9675
17.1682	457.9763
17.16956	457.9857
17.17193	457.9831
17.17462	458.0095
17.17622	458.0427
17.17952	458.037
17.1785	458.0458
17.1786	458.0665
17.18013	458.1022
17.18152	458.1049
17.18363	458.123
17.18882	458.1224
17.19214	458.139
17.19268	458.1494
17.19461	458.1541
17.19754	458.1763
17.19776	458.1851
17.20126	458.1836
17.20244	458.2131
17.20385	458.2043
17.2032	458.225
17.20551	458.2411
17.20965	458.254
17.21099	458.2535
17.20966	458.2799
17.21124	458.2784
17.2144	458.311
17.21677	458.3043
17.21662	458.3219
17.21733	458.3437
17.2205	458.3468
17.22422	458.3685
17.22429	458.3561
17.22709	458.383
17.22681	458.4053
17.23046	458.4131
17.23288	458.4281
17.23325	458.4265
17.23468	458.4623
17.23724	458.4701
17.24186	458.4825
17.24079	458.4846
17.24181	458.4934
17.24467	458.5172
17.24634	458.5249
17.2459	458.5296
17.24739	458.5405
17.25051	458.5612
17.25573	458.5829
17.25654	458.5928
17.25445	458.5752
17.25835	458.5954
17.25921	458.6042
17.25997	458.6166
17.26214	458.6161
17.26361	458.6265
17.26657	458.6498
17.26937	458.6772
17.26987	458.6959
17.27503	458.6954
17.27432	458.7068
17.27506	458.7177
17.28026	458.7327
17.2816	458.7441
17.28148	458.7513
17.28261	458.7767
17.28584	458.7685
17.28747	458.785
17.28953	458.8
17.2902	458.8052
17.29283	458.8098
17.2966	458.8477
17.29415	458.8513
17.29429	458.8591
17.29788	458.8922
17.29663	458.8979
17.30379	458.9243
17.30448	458.9186
17.30601	458.943
17.30746	458.9539
17.30999	458.9632
17.31371	458.9746
17.31707	458.9736
17.31964	459.0052
17.31533	459.0046
17.31502	458.9995
17.31813	459.043
17.32078	459.0451
17.32128	459.0632
17.32276	459.0451
17.32666	459.0642
17.329	459.0709
17.32817	459.0963
17.33237	459.1114
17.33392	459.1342
17.33579	459.1663
17.33795	459.158
17.33852	459.1626
17.33912	459.1922
17.34143	459.1984
17.34538	459.1974
17.34572	459.1994
17.347	459.216
17.35015	459.2305
17.35159	459.2331
17.3539	459.2486
17.35769	459.2574
17.35826	459.2564
17.35726	459.2797
17.35844	459.2891
17.35689	459.3237
17.36143	459.3367
17.36525	459.3533
17.36668	459.3615
17.36715	459.3724
17.36794	459.3652
17.37111	459.4123
17.37233	459.4356
17.37421	459.4113
17.37867	459.4595
17.38008	459.4372
17.38308	459.4574
17.3849	459.4667
17.38561	459.4724
17.38876	459.4776
17.38893	459.5149
17.38803	459.5164
17.38913	459.5418
17.39226	459.5574
17.39347	459.5481
17.39799	459.5527
17.39916	459.588
17.39642	459.589
17.40064	459.6123
17.40322	459.5962
17.40593	459.6216
17.40422	459.6247
17.40646	459.6558
17.40889	459.6517
17.41011	459.6672
17.41456	459.6672
17.41853	459.6988
17.41884	459.7231
17.42031	459.7081
17.41902	459.7506
17.42122	459.7724
17.42054	459.7869
17.42572	459.7802
17.42692	459.7982
17.43064	459.7926
17.43116	459.8278
17.43122	459.8428
17.43369	459.835
17.43348	459.848
17.43689	459.8604
17.44093	459.8842
17.43986	459.8894
17.44279	459.8874
17.44389	459.9102
17.44555	459.9288
17.44724	459.9169
17.44876	459.9319
17.45149	459.9562
17.4527	459.9671
17.45625	459.9936
17.45925	460.0075
17.45827	460.0013
17.45874	459.8625
17.46072	459.8408
17.46151	459.8998
17.46484	459.935
17.46657	459.962
17.46844	459.992
17.47129	460.0127
17.47432	460.051
17.47571	460.0614
17.4756	460.1034
17.47721	460.1334
17.47679	460.1252
17.4795	460.1526
17.48181	460.18
17.48504	460.1852
17.48932	460.2049
17.49017	460.2173
17.49115	460.2225
17.48901	460.2484
17.491	460.2484
17.49277	460.2816
17.49522	460.2956
17.49704	460.2924
17.4996	460.2899
17.50135	460.2924
17.50221	460.3199
17.50732	460.3422
17.50876	460.3339
17.51058	460.3531
17.51274	460.3583
17.51406	460.4049
17.5157	460.4183
17.5176	460.4251
17.51688	460.4142
17.51939	460.4395
17.52067	460.4696
17.52458	460.4712
17.5258	460.4722
17.52727	460.4846
17.52917	460.51
17.53081	460.5121
17.52925	460.4914
17.53145	460.525
17.53476	460.5344
17.53679	460.5717
17.54002	460.5639
17.54123	460.5737
17.5432	460.5753
17.54441	460.6017
17.54711	460.624
17.5498	460.6406
17.5488	460.653
17.55176	460.6535
17.55281	460.6494
17.55639	460.6716
17.55783	460.6628
17.55861	460.6944
17.55808	460.7002
17.56119	460.7183
17.56577	460.7405
17.56609	460.7462
17.56789	460.7437
17.5692	460.7758
17.57251	460.7784
17.57341	460.7934
17.57581	460.8084
17.57559	460.8255
17.57706	460.8473
17.57805	460.8602
17.5789	460.8592
17.58158	460.8633
17.58489	460.8784
17.58819	460.8866
17.59176	460.8882
17.58995	460.91
17.59224	460.9203
17.59791	460.9322
17.59266	460.9333
17.5965	460.9674
17.59846	460.9872
17.60119	460.985
17.60255	460.9892
17.60453	460.9928
17.604	461.0198
17.60934	461.0223
17.60949	461.0488
17.61101	461.0654
17.61352	461.0643
17.61134	461.0716
17.61171	461.0897
17.61507	461.0995
17.61733	461.1089
17.62144	461.1311
17.62257	461.1327
17.62555	461.1425
17.62775	461.1477
17.63143	461.1752
17.63116	461.1565
17.63246	461.2145
17.63145	461.2233
17.63762	461.2379
17.63792	461.2451
17.63492	461.2461
17.6402	461.2674
17.63917	461.2876
17.64481	461.2959
17.64887	461.3062
17.63419	461.3016
17.64428	461.3404
17.65094	461.315
17.65379	461.3368
17.65486	461.3518
17.65455	461.3855
17.65751	461.3798
17.65475	461.3948
17.66114	461.4077
17.66317	461.3969
17.66485	461.4306
17.66602	461.4347
17.66659	461.4523
17.66772	461.4575
17.67213	461.4746
17.67466	461.4958
17.67719	461.5129
17.67358	461.5041
17.67645	461.515
17.68133	461.5238
17.68471	461.5383
17.68189	461.5393
17.68308	461.5606
17.68753	461.5844
17.68726	461.5839
17.68562	461.5886
17.69081	461.6025
17.69363	461.6264
17.69696	461.6352
17.69643	461.6787
17.69956	461.6626
17.70142	461.6921
17.70114	461.7036
17.703	461.7232
17.70526	461.7098
17.70666	461.7362
17.71062	461.7341
17.71415	461.7393
17.71305	461.7579
17.71442	461.7362
17.71435	461.7631
17.71868	461.7828
17.72004	461.8036
17.7228	461.8175
17.72494	461.8372
17.72777	461.8274
17.73184	461.8652
17.73174	461.8615
17.73318	461.8745
17.73252	461.9092
17.73342	461.9051
17.73713	461.9035
17.73802	461.9351
17.73786	461.9429
17.74261	461.9305
17.74348	461.9527
17.74576	461.9636
17.74966	461.976
17.75237	462.0009
17.74937	462.0123
17.75471	462.0289
17.75371	462.0501
17.75285	462.0511
17.75886	462.0522
17.76456	462.075
17.76144	462.0802
17.76197	462.0672
17.76807	462.1195
17.77317	462.0952
17.7681	462.1242
17.76863	462.134
17.76476	462.1361
17.77087	462.1646
17.7726	462.1635
17.77611	462.1812
17.77778	462.1884
17.77848	462.1941
17.78154	462.2024
17.78229	462.233
17.78519	462.2438
17.78728	462.2667
17.79044	462.2693
17.79321	462.2791
17.79209	462.3034
17.78964	462.2977
17.7924	462.3143
17.79493	462.3174
17.79632	462.3495
17.80103	462.3547
17.80042	462.3537
17.8029	462.3573
17.80685	462.3806
17.80668	462.3749
17.80847	462.3972
17.80992	462.4086
17.81084	462.4293
17.81245	462.4532
17.81535	462.4687
17.81707	462.4604
17.81861	462.4821
17.81645	462.5049
17.82211	462.5075
17.82264	462.5065
17.82395	462.5288
17.82847	462.5536
17.83016	462.5272
17.82803	462.5593
17.83176	462.5702
17.83514	462.5806
17.83121	462.6127
17.83238	462.6251
17.83557	462.6101
17.83964	462.6381
17.84138	462.6474
17.84418	462.663
17.84781	462.6609
17.84965	462.6868
17.85043	462.7106
17.85259	462.7122
17.8479	462.7225
17.8501	462.7406
17.8555	462.738
17.8567	462.7505
17.86211	462.7665
17.86485	462.7909
17.86014	462.779
17.86116	462.7831
17.86506	462.8075
17.86953	462.7992
17.87546	462.8334
17.87188	462.8515
17.87476	462.8603
17.87717	462.8707
17.88143	462.8883
17.88234	462.8971
17.88117	462.9235
17.88182	462.9287
17.88342	462.9463
17.88511	462.9463
17.88542	462.9623
17.88544	462.9561
17.88683	462.9805
17.89332	462.9748
17.8981	462.9862
17.90034	463.0095
17.8994	463.0095
17.90131	463.0251
17.90322	463.0432
17.9044	463.0654
17.90409	463.0634
17.90656	463.0976
17.91085	463.1126
17.91146	463.1152
17.91398	463.1349
17.91586	463.166
17.92008	463.1395
17.91959	463.1519
17.91746	463.1644
17.91885	463.1913
17.92026	463.2089
17.92117	463.2007
17.92683	463.2203
17.92935	463.2312
17.93225	463.2281
17.93511	463.2654
17.93595	463.2897
17.93847	463.3105
17.94037	463.2923
17.93997	463.3037
17.94223	463.3167
17.94337	463.3348
17.94724	463.3535
17.94775	463.3535
17.94933	463.3633
17.95104	463.3907
17.95146	463.3825
17.95444	463.3944
17.9576	463.4146
17.95828	463.4218
17.95969	463.4141
17.96249	463.4379
17.9657	463.4633
17.96507	463.4793
17.96864	463.5006
17.97027	463.5068
17.9737	463.5182
17.97095	463.541
17.97384	463.5436
17.97566	463.5498
17.9797	463.5793
17.98057	463.5825
17.98151	463.5938
17.98013	463.5948
17.98463	463.5974
17.98695	463.5892
17.98836	463.6042
17.99091	463.6456
17.99003	463.6498
17.99077	463.6643
17.99453	463.6808
17.99771	463.6741
17.99688	463.7036
17.99929	463.7068
17.99854	463.743
18.00305	463.7378
18.00648	463.7637
18.00629	463.7648
18.01244	463.8047
18.01234	463.7834
18.01116	463.786
18.01421	463.8124
18.01512	463.8041
18.01689	463.8321
18.01887	463.8404
18.02033	463.8674
18.02266	463.8705
18.0239	463.8746
18.02583	463.8901
18.02815	463.9098
18.03018	463.9176
18.03355	463.9388
18.03238	463.9502
18.03436	463.9518
18.03775	463.9844
18.04315	463.9715
18.04482	463.9933
18.04027	463.9886
18.04237	464.0072
18.04153	464.0171
18.04375	464.0145
18.04622	464.0373
18.04452	464.0559
18.04992	464.0533
18.05783	464.071
18.05587	464.1062
18.05627	464.0927
18.0573	464.115
18.05809	464.1181
18.0567	464.1243
18.06357	464.1512
18.06334	464.159
18.06481	464.1668
18.06858	464.1818
18.07035	464.2025
18.06853	464.1745
18.07129	464.1916
18.07562	464.1937
18.07886	464.2336
18.07965	464.2481
18.08135	464.244
18.08394	464.2616
18.0802	464.2512
18.0814	464.2735
18.08983	464.3046
18.08965	464.3046
18.0916	464.3336
18.09285	464.3341
18.09618	464.361
18.09918	464.376
18.10026	464.3724
18.10259	464.374
18.10666	464.4066
18.10662	464.4133
18.10671	464.4247
18.10886	464.4284
18.10893	464.4227
18.11205	464.4392
18.11565	464.4641
18.11486	464.4672
18.11852	464.4776
18.11981	464.5175
18.12286	464.5076
18.12037	464.5382
18.12313	464.5486
18.12627	464.5454
18.12657	464.5517
18.13011	464.5724
18.12987	464.5693
18.12991	464.5781
18.13062	464.6045
18.13559	464.6066
18.13788	464.6014
18.14029	464.6304
18.14389	464.6444
18.14737	464.6351
18.14625	464.6485
18.14642	464.6651
18.14949	464.6957
18.14738	464.6946
18.14956	464.7283
18.15236	464.7408
18.15573	464.733
18.15849	464.7563
18.1584	464.7858
18.16159	464.7848
18.16203	464.792
18.16525	464.7946
18.16648	464.8262
18.16834	464.8174
18.1706	464.8304
18.1718	464.8392
18.17333	464.849
18.17336	464.8604
18.177	464.8806
18.1775	464.9112
18.17909	464.9096
18.18027	464.9371
18.18317	464.9412
18.18536	464.9671
18.18724	464.9853
18.18869	464.9796
18.19012	464.9894
18.19088	465.0163
18.19161	465.0132
18.19428	465.0246
18.19476	465.0417
18.19738	465.0505
18.20142	465.0733
18.20317	465.0578
18.20334	465.1075
18.20484	465.0919
18.20683	465.1106
18.20584	465.121
18.20895	465.1262
18.21277	465.1407
18.21622	465.1728
18.21633	465.1779
18.21838	465.1681
18.22	465.1712
18.22248	465.2065
18.2234	465.2122
18.22519	465.2101
18.22977	465.2401
18.23116	465.2463
18.23291	465.2406
18.23318	465.2484
18.23563	465.2603
18.23602	465.2743
18.23678	465.2878
18.23961	465.2966
18.241	465.3127
18.24495	465.3214
18.24674	465.3411
18.24376	465.365
18.24743	465.3748
18.24964	465.3862
18.24976	465.3795
18.25165	465.4028
18.25712	465.3966
18.25843	465.4328
18.25915	465.4126
18.25731	465.4256
18.25579	465.4276
18.2602	465.4685
18.26426	465.4603
18.26724	465.4784
18.2703	465.481
18.27063	465.5142
18.27307	465.5235
18.27458	465.495
18.27587	465.5374
18.27715	465.5426
18.28023	465.5685
18.28114	465.5804
18.28329	465.581
18.28527	465.5872
18.2873	465.5986
18.28818	465.5924
18.28901	465.6317
18.29123	465.625
18.29264	465.6442
18.29649	465.6406
18.29861	465.653
18.297	465.6768
18.30042	465.6981
18.30004	465.6934
18.30305	465.7224
18.30716	465.7317
18.30852	465.7385
18.31013	465.7602
18.31034	465.7581
18.31157	465.7706
18.31448	465.7918
18.31575	465.7846
18.31684	465.8042
18.31878	465.8276
18.31915	465.826
18.32016	465.8364
18.32527	465.8473
18.32761	465.8685
18.32901	465.9032
18.33099	465.8933
18.33166	465.9296
18.33287	465.926
18.33207	465.9291
18.33803	465.9493
18.33845	465.9622
18.33997	465.9731
18.34216	465.984
18.34404	466.0167
18.3452	466.0021
18.34748	466.0068
18.34928	466.0109
18.35185	466.0218
18.3528	466.0291
18.35382	466.0488
18.35419	466.0809
18.35613	466.0742
18.35969	466.1016
18.36097	466.1037
18.36604	466.0959
18.36756	466.1348
18.36968	466.1384
18.36985	466.1555
18.36968	466.1808
18.37152	466.1814
18.37366	466.1715
18.37524	466.1876
18.38084	466.201
18.38082	466.1959
18.3812	466.2306
18.38206	466.2409
18.38723	466.2638
18.38839	466.2601
18.39012	466.2726
18.39245	466.2902
18.3945	466.299
18.39617	466.3062
18.39836	466.3197
18.39708	466.3487
18.3988	466.3534
18.39841	466.3575
18.40138	466.3632
18.40414	466.3761
18.40648	466.3964
18.4086	466.372
18.41021	466.3855
18.4103	466.3907
18.40934	466.3943
18.4148	466.4254
18.41643	466.4342
18.41863	466.4409
18.4169	466.4699
18.42318	466.4606
18.42836	466.5036
18.431	466.5119
18.42978	466.5243
18.4312	466.5409
18.42748	466.5346
18.4248	466.5652
18.44154	466.5684
18.43835	466.5585
18.4381	466.5719
18.43814	466.588
18.4398	466.5989
18.44218	466.6035
18.44422	466.6035
18.44729	466.6315
18.44745	466.6476
18.45021	466.6574
18.45103	466.6844
18.4522	466.6859
18.45523	466.7118
18.45755	466.7144
18.45734	466.7279
18.45956	466.7434
18.46011	466.7631
18.46367	466.7636
18.46329	466.7838
18.46644	466.7869
18.46845	466.7724
18.47108	466.7864
18.47152	466.8191
18.4727	466.8232
18.47196	466.8242
18.47558	466.8481
18.47809	466.8579
18.47999	466.8848
18.48389	466.9025
18.48234	466.9107
18.48425	466.9045
18.48674	466.9247
18.48738	466.9398
18.49217	466.9455
18.49462	466.96
18.49467	466.9713
18.4971	466.9765
18.49873	466.9812
18.49847	466.9983
18.50133	467.0045
18.50165	467.0216
18.50288	467.0086
18.50539	467.0242
18.50545	467.0589
18.51048	467.0662
18.5133	467.0879
18.50868	467.0858
18.51262	467.1003
18.5165	467.1149
18.51712	467.1335
18.5201	467.1532
18.52345	467.1708
18.52409	467.1609
18.52765	467.1693
18.52932	467.1957
18.52983	467.1962
18.52967	467.2081
18.53115	467.2247
18.53607	467.2402
18.53485	467.2205
18.53866	467.2386
18.53966	467.2521
18.54353	467.2692
18.54692	467.3008
18.54746	467.3122
18.55	467.3039
18.55154	467.3376
18.55029	467.3376
18.55233	467.3433
18.5529	467.3656
18.55495	467.3651
18.55748	467.3712
18.55958	467.3925
18.5612	467.3878
18.56481	467.4164
18.56487	467.4293
18.56911	467.4464
18.57143	467.449
18.56801	467.4676
18.56963	467.4764
18.57312	467.5008
18.57246	467.5101
18.57577	467.5008
18.57759	467.5179
18.57709	467.5334
18.5809	467.5391
18.58325	467.5547
18.58452	467.5614
18.58474	467.5894
18.58577	467.5832
18.59249	467.5935
18.59175	467.6111
18.59118	467.6153
18.59281	467.6277
18.5977	467.6401
18.59854	467.6448
18.60088	467.6666
18.60094	467.6857
18.60288	467.6888
18.605	467.708
18.60648	467.7318
18.60732	467.7334
18.6092	467.7417
18.61462	467.7598
18.61419	467.766
18.61389	467.7738
18.61482	467.781
18.61694	467.7878
18.62217	467.8012
18.62518	467.8121
18.62776	467.8008
18.62727	467.8442
18.63065	467.822
18.63034	467.8572
18.6331	467.8717
18.63673	467.8841
18.63906	467.8784
18.64093	467.909
18.63843	467.896
18.64145	467.9235
18.64533	467.9515
18.64626	467.9774
18.64717	467.9597
18.64953	467.967
18.65591	467.983
18.65924	468.0059
18.65713	468.0287
18.65588	468.0224
18.65597	467.9686
18.66001	467.7039
18.66012	467.8152
18.65948	467.8613
18.6639	467.9116
18.66405	467.9655
18.6664	467.9743
18.66912	468.0266
18.66924	468.068
18.66958	468.0732
18.67443	468.0887
18.67636	468.0903
18.67786	468.1468
18.67723	468.1302
18.67929	468.1768
18.68239	468.1669
18.68588	468.1897
18.68795	468.2017
18.68304	468.2312
18.68257	468.2452
18.68569	468.2628
18.69176	468.2498
18.69416	468.2851
18.69705	468.3151
18.69982	468.312
18.69768	468.3224
18.70726	468.3436
18.7072	468.3659
18.70447	468.3622
18.70392	468.3705
18.70195	468.3737
18.71185	468.3918
18.71805	468.3933
18.7182	468.4026
18.71837	468.427
18.71148	468.4327
18.71457	468.4203
18.71459	468.4426
18.72002	468.4462
18.72408	468.4736
18.72679	468.4861
18.73192	468.5135
18.73124	468.5172
18.73276	468.5244
18.73353	468.5399
18.73573	468.5503
18.73482	468.5555
18.73802	468.5767
18.73738	468.5581
18.74056	468.5897
18.74438	468.5959
18.74614	468.612
18.7472	468.6228
18.74968	468.6228
18.74988	468.6497
18.75178	468.6731
18.75463	468.6725
18.75618	468.6534
18.75586	468.6938
18.7597	468.7052
18.76167	468.7114
18.76435	468.7057
18.76512	468.7503
18.76756	468.742
18.77046	468.756
18.77038	468.7715
18.77444	468.7637
18.77287	468.7783
18.77545	468.7907
18.7772	468.7917
18.7796	468.8119
18.78267	468.8103
18.78296	468.8269
18.78383	468.8378
18.78698	468.857
18.78844	468.8803
18.78817	468.8948
18.79349	468.9
18.7931	468.9341
18.79619	468.9326
18.79955	468.9393
18.7993	468.9445
18.79877	468.9611
18.80083	468.9818
18.80313	468.9901
18.80455	468.9658
18.80704	468.9777
18.80878	468.9969
18.81111	468.9885
18.80856	469.0207
18.80932	469.0398
18.81417	469.031
18.82187	469.0844
18.82182	469.0807
18.82103	469.0999
18.82066	469.1129
18.82275	469.1191
18.82253	469.1222
18.8252	469.1315
18.83208	469.1455
18.83291	469.1445
18.83416	469.1683
18.83565	469.1776
18.83471	469.175
18.83649	469.2175
18.84326	469.2216
18.84562	469.2119
18.84821	469.231
18.8434	469.248
18.8494	469.2693
18.84992	469.2616
18.85094	469.2688
18.85311	469.3263
18.85502	469.2952
18.86017	469.3242
18.86308	469.333
18.86174	469.3424
18.86056	469.3491
18.86329	469.362
18.86826	469.375
18.87045	469.3812
18.8691	469.403
18.86651	469.403
18.86908	469.389
18.87236	469.4138
18.87409	469.4309
18.87733	469.4449
18.87764	469.4682
18.88107	469.4957
18.88384	469.5024
18.88443	469.5143
18.88652	469.5216
18.88751	469.5242
18.88829	469.5361
18.89023	469.532
18.89404	469.5511
18.89391	469.5542
18.89675	469.5698
18.8986	469.5667
18.90072	469.5656
18.90196	469.6035
18.90267	469.606
18.90025	469.6314
18.90398	469.6366
18.90742	469.6511
18.90998	469.6651
18.90604	469.6941
18.91125	469.6806
18.91356	469.7096
18.91491	469.7143
18.91792	469.7154
18.9183	469.7407
18.91856	469.7475
18.92465	469.7376
18.92597	469.7718
18.92713	469.7775
18.93048	469.7729
18.93086	469.8112
18.93033	469.8096
18.93484	469.8335
18.93542	469.8444
18.93902	469.8547
18.94008	469.8604
18.94159	469.8873
18.9434	469.8857
18.94446	469.9044
18.94675	469.9101
18.94851	469.9277
18.95203	469.9396
18.95352	469.9376
18.95218	469.9505
18.95675	469.9681
18.95889	469.9521
18.95867	469.9749
18.96138	469.9832
18.96367	469.9956
18.96471	469.993
18.96668	470.0277
18.96818	470.0375
18.9739	470.0422
18.97138	470.0894
18.97206	470.0961
18.97375	470.0919
18.97683	470.1059
18.97704	470.1122
18.97674	470.121
18.98028	470.1489
18.98728	470.1427
18.98688	470.1432
18.98918	470.1608
18.98598	470.179
18.98732	470.1764
18.99247	470.1857
18.9927	470.2132
18.99643	470.2313
18.99916	470.2422
19.00036	470.2251
19.00333	470.2748
19.00417	470.281
19.00415	470.2898
19.00554	470.3069
19.00829	470.3059
19.00902	470.3038
19.01306	470.338
19.01365	470.3328
19.01649	470.3551
19.01694	470.3525
19.01801	470.3717
19.01981	470.3919
19.02097	470.3872
19.02415	470.4261
19.02668	470.425
19.02879	470.4229
19.03071	470.439
19.03194	470.4598
19.03316	470.452
19.03457	470.4862
19.03877	470.495
19.03986	470.5172
19.04008	470.5126
19.0403	470.5224
19.044	470.5374
19.04555	470.5317
19.04571	470.5426
19.04698	470.5519
19.05067	470.5644
19.05386	470.581
19.05306	470.5975
19.05417	470.6022
19.05791	470.6219
19.05897	470.6328
19.06015	470.6576
19.06194	470.6633
19.06676	470.6643
19.06929	470.6727
19.06753	470.6871
19.07223	470.6846
19.06961	470.7115
19.07208	470.7239
19.07656	470.7291
19.07675	470.7172
19.08024	470.7477
19.08024	470.7592
19.08285	470.7602
19.08532	470.783
19.08748	470.7825
19.08715	470.8001
19.08713	470.8255
19.0914	470.8177
19.09041	470.8498
19.09352	470.8519
19.09485	470.8664
19.09766	470.8767
19.10097	470.8892
19.10074	470.8959
19.10422	470.913
19.10527	470.9089
19.10575	470.9296
19.10793	470.9337
19.11072	470.9493
19.11289	470.956
19.11492	470.9788
19.1148	470.9835
19.11702	470.999
19.11826	471.0109
19.11935	471.0239
19.12119	471.0254
19.12451	471.0477
19.12655	471.071
19.12766	471.0643
19.12847	471.0927
19.12894	471.0938
19.13312	471.1078
19.13617	471.1026
19.13628	471.1145
19.13906	471.1446
19.14192	471.1342
19.14476	471.1668
19.1466	471.1332
19.14707	471.1782
19.14833	471.1834
19.14923	471.1979
19.15286	471.2026
19.15197	471.2212
19.15271	471.2404
19.1557	471.2373
19.15887	471.2611
19.16036	471.2694
19.1616	471.2798
19.1631	471.3036
19.16533	471.3046
19.16743	471.3026
19.17021	471.2881
19.17039	471.3223
19.17106	471.3367
19.17532	471.3217
19.17715	471.3507
19.17729	471.3699
19.17813	471.4026
19.18036	471.3725
19.18091	471.4196
19.18548	471.4088
19.18622	471.4398
19.1902	471.4352
19.18867	471.4533
19.19047	471.4647
19.19458	471.4803
19.19412	471.474
19.19601	471.4973
19.19729	471.5139
19.19918	471.5088
19.2038	471.5258
19.20394	471.515
19.20745	471.5331
19.2084	471.558
19.21014	471.5745
19.21199	471.5807
19.21369	471.5922
19.21508	471.6144
19.21696	471.6129
19.21878	471.6388
19.21834	471.6346
19.2203	471.6678
19.22266	471.6455
19.22478	471.673
19.22573	471.6735
19.22641	471.6766
19.22383	471.6999
19.23021	471.7092
19.23347	471.7144
19.23456	471.7351
19.23533	471.7522
19.23373	471.7434
19.23733	471.7538
19.24128	471.8061
19.24444	471.8123
19.24778	471.8014
19.2506	471.8159
19.24817	471.8646
19.25195	471.8413
19.25149	471.861
19.25364	471.8921
19.25534	471.8859
19.25562	471.8942
19.25776	471.9014
19.26375	471.9024
19.26348	471.9061
19.26645	471.9325
19.26796	471.9377
19.26925	471.9672
19.27546	471.9491
19.27686	471.9822
19.27602	471.9651
19.27449	471.9967
19.27649	472.0345
19.27756	472.0335
19.28077	472.0381
19.28491	472.0511
19.28496	472.0724
19.28744	472.0931
19.28893	472.1034
19.29076	472.105
19.29339	472.1366
19.29466	472.1086
19.29605	472.1221
19.2978	472.1221
19.30138	472.1371
19.3021	472.1754
19.30351	472.1739
19.303	472.1873
19.30493	472.2086
19.30659	472.2086
19.30821	472.2355
19.31196	472.2309
19.31059	472.2474
19.316	472.2609
19.3174	472.2672
19.3192	472.2827
19.32086	472.2878
19.3194	472.3091
19.32241	472.3013
19.3244	472.3189
19.32588	472.3169
19.3278	472.321
19.33139	472.3453
19.33135	472.3459
19.33354	472.3547
19.33645	472.3816
19.33946	472.3925
19.34055	472.4117
19.33881	472.4013
19.34431	472.4324
19.34527	472.4427
19.34879	472.4526
19.34758	472.4495
19.35335	472.4536
19.35294	472.4593
19.35255	472.478
19.35521	472.4774
19.35663	472.4961
19.3597	472.4997
19.35594	472.5132
19.36228	472.5334
19.36662	472.5448
19.36882	472.5567
19.36913	472.6002
19.36891	472.5609
19.37197	472.6044
19.37471	472.6069
19.37583	472.6209
19.37757	472.6282
19.37825	472.636
19.37748	472.6401
19.38293	472.6613
19.38411	472.6499
19.38741	472.6748
19.38222	472.6873
19.39066	472.6857
19.39391	472.6935
19.38792	472.722
19.39249	472.7365
19.3994	472.737
19.39786	472.767
19.40384	472.7645
19.40463	472.7831
19.40498	472.7965
19.40995	472.7929
19.40945	472.8266
19.40866	472.8188
19.40892	472.8276
19.41199	472.8603
19.41356	472.8411
19.41691	472.8608
19.4195	472.8603
19.42258	472.868
19.42234	472.895
19.41866	472.9095
19.42578	472.9048
19.4264	472.938
19.42401	472.9649
19.43078	472.9203
19.43159	472.9545
19.43536	472.9768
19.43531	472.9815
19.43696	472.9914
19.43901	473.0115
19.44198	473.011
19.44443	473.0162
19.44685	473.0349
19.44774	473.0281
19.44695	473.0411
19.45066	473.0571
19.4513	473.0545
19.45164	473.0841
19.45684	473.0851
19.4566	473.11
19.45859	473.1042
19.46085	473.1405
19.46218	473.1395
19.46396	473.1561
19.46639	473.1452
19.46897	473.1866
19.46867	473.1783
19.47146	473.1789
19.47035	473.1965
19.47329	473.1975
19.4761	473.2187
19.4809	473.2286
19.4809	473.2338
19.48241	473.2421
19.48362	473.2633
19.48469	473.268
19.48755	473.2861
19.48981	473.3073
19.49085	473.3016
19.49251	473.3037
19.49527	473.3265
19.49821	473.3317
19.49899	473.3513
19.49907	473.37
19.50173	473.3669
19.5036	473.4042
19.50546	473.4011
19.50652	473.3907
19.50886	473.4229
19.50902	473.4182
19.50973	473.4363
19.51421	473.4456
19.51672	473.4394
19.51795	473.4544
19.51929	473.471
19.52106	473.4855
19.52264	473.5104
19.52386	473.5187
19.52713	473.5031
19.52734	473.5244
19.52628	473.5337
19.52982	473.5477
19.53168	473.5751
19.53444	473.5705
19.53629	473.5715
19.53754	473.5933
19.54006	473.5891
19.54159	473.6047
19.54189	473.5917
19.54379	473.6109
19.54553	473.6642
19.54908	473.644
19.55093	473.6622
19.55101	473.6746
19.55172	473.7005
19.55164	473.6984
19.55787	473.7078
19.56051	473.729
19.5614	473.7326
19.5633	473.7502
19.56446	473.7684
19.56473	473.774
19.56674	473.7679
19.56808	473.787
19.56867	473.7984
19.57193	473.816
19.5739	473.8233
19.57502	473.8549
19.57718	473.8512
19.58055	473.8518
19.58039	473.8595
19.58154	473.8798
19.58574	473.8969
19.58633	473.9124
19.58731	473.931
19.59148	473.9383
19.59372	473.9274
19.59498	473.9378
19.59186	473.9652
19.59727	473.9668
19.5989	473.9616
19.60238	473.9844
19.60434	474.0015
19.60614	473.989
19.60617	474.017
19.60949	474.0279
19.61098	474.0481
19.60947	474.0305
19.61173	474.0704
19.61575	474.0745
19.61834	474.0942
19.61884	474.101
19.62198	474.1071
19.62124	474.1227
19.62425	474.1548
19.62401	474.1289
19.62603	474.1424
19.62759	474.1688
19.62933	474.1657
19.63307	474.1724
19.63462	474.1828
19.63692	474.1875
19.63939	474.203
19.64028	474.232
19.64106	474.2393
19.64195	474.2289
19.64587	474.2548
19.64802	474.2776
19.6505	474.2869
19.6517	474.2879
19.65303	474.2999
19.65565	474.3128
19.65586	474.319
19.65693	474.3335
19.65956	474.3522
19.66102	474.3631
19.66267	474.3714
19.66504	474.3693
19.6661	474.3869
19.66834	474.4107
19.66986	474.4107
19.67197	474.4423
19.67255	474.4392
19.67955	474.4268
19.67941	474.4573
19.67679	474.4475
19.67884	474.4833
19.68208	474.4895
19.68329	474.5024
19.68583	474.5071
19.68661	474.5029
19.68698	474.5257
19.69454	474.5304
19.6923	474.5433
19.6954	474.5397
19.69481	474.578
19.69516	474.5723
19.69843	474.5822
19.70251	474.6039
19.70288	474.621
19.70785	474.6252
19.70801	474.6195
19.71077	474.6713
19.7093	474.6765
19.71203	474.6666
19.71396	474.677
19.71588	474.677
19.71643	474.7044
19.71852	474.6967
19.71837	474.6977
19.72575	474.7231
19.72678	474.7158
19.72725	474.7215
19.7258	474.7537
19.72878	474.7604
19.73354	474.7567
19.73389	474.7873
19.73422	474.792
19.73765	474.8132
19.73873	474.8324
19.74056	474.8262
19.74273	474.8334
19.74515	474.8599
19.74727	474.8531
19.74654	474.8795
19.74935	474.8759
19.75177	474.9002
19.75505	474.9023
19.75652	474.9287
19.75818	474.9293
19.75939	474.9515
19.76176	474.9567
19.76294	474.9785
19.76245	474.9769
19.7624	474.9878
19.76678	474.9992
19.76949	474.994
19.77023	475.0225
19.77173	475.0132
19.7749	475.0344
19.77682	475.0567
19.77919	475.0484
19.77838	475.0474
19.78471	475.0629
19.78882	475.0588
19.78593	475.0795
19.78803	475.1137
19.7887	475.0868
19.78902	475.1298
19.78971	475.1235
19.79231	475.1391
19.7964	475.1588
19.79448	475.1489
19.79851	475.1619
19.8044	475.1929
19.80981	475.2101
19.80801	475.2168
19.80971	475.2178
19.81231	475.2328
19.80749	475.2313
19.80423	475.2375
19.80994	475.2484
19.81246	475.2686
19.81152	475.2748
19.81579	475.2732
19.81828	475.2852
19.81804	475.3002
19.82002	475.295
19.82363	475.3131
19.81952	475.3256
19.82169	475.3577
19.829	475.382
19.83053	475.382
19.83401	475.3748
19.83525	475.3934
19.83607	475.412
19.84084	475.412
19.83892	475.4136
19.84137	475.4214
19.84115	475.4364
19.84664	475.4462
19.84943	475.4753
19.84973	475.4742
19.85407	475.4872
19.85285	475.5053
19.85598	475.5385
19.85757	475.524
19.85984	475.54
19.86029	475.5416
19.86219	475.569
19.86378	475.5732
19.86432	475.5607
19.8713	475.5861
19.8707	475.5949
19.87007	475.596
19.86901	475.61
19.87522	475.6089
19.881	475.6157
19.88074	475.6265
19.88145	475.6385
19.87718	475.655
19.88019	475.6623
19.88052	475.6679
19.88126	475.6726
19.89358	475.7089
19.89168	475.7358
19.89486	475.7239
19.89521	475.7576
19.89554	475.7576
19.89535	475.7783
19.90042	475.7695
19.90161	475.7695
19.90706	475.7866
19.9094	475.8058
19.90578	475.813
19.90651	475.8172
19.91234	475.8198
19.91331	475.8275
19.91387	475.8358
19.916	475.8767
19.91917	475.8767
19.92265	475.9
19.92044	475.899
19.9247	475.9254
19.92965	475.913
19.929	475.9368
19.92891	475.9492
19.92861	475.9488
19.93025	475.9342
19.93309	475.9741
19.93552	475.9534
19.93485	475.9912
19.93751	475.9943
19.94011	475.9995
19.94429	476.0404
19.94209	476.0218
19.94512	476.0508
19.9505	476.0399
19.95046	476.0523
19.95115	476.0632
19.95373	476.0964
19.95506	476.099
19.95599	476.1021
19.96074	476.1046
19.96005	476.1244
19.9619	476.1342
19.95633	476.1347
19.96311	476.1622
19.96615	476.1591
19.96679	476.1642
19.96965	476.1881
19.97177	476.1715
19.97003	476.2015
19.97764	476.2093
19.9839	476.2264
19.97612	476.2363
19.97447	476.2673
19.97875	476.2668
19.981	476.2968
19.978	476.2844
19.96687	476.302
19.99054	476.2968
19.99234	476.3062
19.98924	476.3145
19.98644	476.357
19.99922	476.3435
19.99803	476.3461
20.00729	476.358
20.01233	476.3518
20.00332	476.3787
20.00298	476.3901
19.99725	476.4232
20.01274	476.4248
20.00893	476.4377
20.00783	476.4642
20.01142	476.4844
20.01665	476.4833
20.01565	476.4828
20.01987	476.4994
20.02091	476.5154
20.0238	476.5362
20.02499	476.5263
20.02376	476.5367
20.02463	476.573
20.02411	476.573
20.02554	476.5802
20.03197	476.5854
20.03447	476.5994
20.03156	476.6165
20.03574	476.6346
20.03589	476.6201
20.03866	476.6522
20.04235	476.6641
20.04479	476.6574
20.0462	476.6848
20.04647	476.6999
20.04689	476.7118
20.05021	476.7144
20.04999	476.7299
20.05136	476.7387
20.0561	476.7351
20.05943	476.7527
20.05857	476.7569
20.06052	476.775
20.06068	476.7931
20.06356	476.8051
20.06434	476.8108
20.06709	476.8112
20.06941	476.8444
20.07028	476.847
20.07384	476.8651
20.07563	476.8506
20.0774	476.8661
20.079	476.8983
20.08136	476.9071
20.0824	476.9123
20.08568	476.9055
20.08364	476.919
20.08664	476.9325
20.08627	476.9553
20.09159	476.9625
20.09425	476.9682
20.09718	476.9786
20.0978	476.99
20.09897	477.0081
20.10105	477.0174
20.1016	477.0309
20.10394	477.0588
20.10555	477.0547
20.10531	477.0708
20.10861	477.0967
20.10822	477.0946
20.11354	477.0858
20.11609	477.1299
20.11662	477.1299
20.11994	477.1418
20.12032	477.1412
20.12138	477.1563
20.12283	477.1614
20.12659	477.1656
20.12627	477.179
20.13054	477.179
20.13199	477.2251
20.13212	477.2055
20.13428	477.2371
20.13582	477.249
20.1366	477.2614
20.13763	477.2557
20.1407	477.2702
20.14326	477.2951
20.14556	477.2951
20.14565	477.2925
20.14575	477.2997
20.14891	477.3168
20.15353	477.3319
20.1525	477.337
20.15627	477.3469
20.15677	477.3619
20.15992	477.3982
20.16007	477.3971
20.16196	477.4034
20.16325	477.4344
20.16586	477.4427
20.16695	477.4443
20.17095	477.4417
20.17245	477.4645
20.17157	477.4655
20.17478	477.4945
20.17657	477.5033
20.17775	477.4919
20.18269	477.4971
20.18086	477.5137
20.18159	477.5339
20.18356	477.5386
20.18702	477.5489
20.18873	477.5691
20.19207	477.5961
20.1944	477.594
20.19556	477.6194
20.19739	477.6245
20.2	477.6214
20.19699	477.6401
20.19994	477.6453
20.20275	477.6727
20.20613	477.6779
20.20761	477.6779
20.20628	477.6935
20.20852	477.6919
20.20767	477.7069
20.20836	477.71
20.21356	477.7297
20.21583	477.7478
20.21929	477.7401
20.22106	477.7634
20.22532	477.7686
20.2249	477.795
20.22627	477.8027
20.22777	477.8136
20.228	477.8307
20.233	477.838
20.23407	477.8286
20.23215	477.8473
20.23525	477.869
20.23971	477.8566
20.24109	477.8841
20.24211	477.8877
20.24149	477.8939
20.24367	477.9146
20.24772	477.9261
20.24847	477.9271
20.25173	477.9245
20.25334	477.9509
20.25685	477.9535
20.25525	477.9856
20.25762	477.9778
20.26161	477.9944
20.26145	478.0167
20.26376	478.024
20.26475	478.0219
20.26847	478.0157
20.27047	478.0307
20.26933	478.0322
20.27194	478.0426
20.27461	478.0545
20.27703	478.0685
20.27946	478.0861
20.28073	478.0923
20.28266	478.0923
20.28504	478.1094
20.28655	478.1332
20.28772	478.14
20.28806	478.1545
20.28871	478.1778
20.29353	478.1892
20.29348	478.1908
20.29806	478.2006
20.29809	478.1991
20.3005	478.2156
20.30148	478.2146
20.2991	478.2384
20.30247	478.2467
20.30582	478.2591
20.30816	478.27
20.31044	478.2752
20.31383	478.2954
20.31282	478.3177
20.31259	478.3135
20.31774	478.3198
20.32108	478.3151
20.32284	478.3492
20.32321	478.3462
20.32301	478.3627
20.32792	478.3782
20.32682	478.3819
20.32731	478.3933
20.3281	478.3964
20.33226	478.4
20.33592	478.4316
20.33475	478.4326
20.33681	478.4622
20.3392	478.4632
20.33851	478.4596
20.34041	478.4814
20.34319	478.4891
20.34871	478.5218
20.34987	478.5202
20.3492	478.5171
20.35136	478.5467
20.35474	478.5482
20.3533	478.5648
20.35424	478.5751
20.35368	478.5715
20.35852	478.5736
20.36694	478.6171
20.36459	478.601
20.36442	478.6103
20.36553	478.6067
20.36829	478.6306
20.37463	478.6471
20.37361	478.6601
20.37587	478.6637
20.37504	478.6953
20.3802	478.7062
20.38099	478.7067
20.38435	478.7191
20.38361	478.7285
20.3819	478.744
20.38518	478.7606
20.39058	478.7694
20.39357	478.7818
20.39409	478.7875
20.39512	478.7885
20.39283	478.816
20.39721	478.8181
20.39905	478.8134
20.40084	478.8435
20.40048	478.8596
20.39857	478.8575
20.4009	478.8725
20.40704	478.8927
20.40372	478.887
20.40636	478.917
20.41155	478.9212
20.41381	478.9232
20.41586	478.9077
20.4188	478.9383
20.42079	478.9616
20.42528	478.9616
20.42835	478.9802
20.42849	478.9777
20.4286	478.9911
20.43525	478.9875
20.43217	479.0051
20.43255	479.0305
20.43504	479.0346
20.4396	479.06
20.43945	479.0554
20.43841	479.0776
20.43885	479.0585
20.44338	479.1066
20.4454	479.104
20.44728	479.1196
20.44807	479.1465
20.45319	479.1191
20.45389	479.1512
20.45218	479.1506
20.45348	479.1553
20.45414	479.1393
20.45805	479.1646
20.46181	479.1667
20.46736	479.1931
20.46845	479.1988
20.46989	479.2253
20.46939	479.2325
20.46827	479.2372
20.47231	479.2537
20.47613	479.2584
20.47666	479.2755
20.4771	479.2791
20.47912	479.2946
20.48008	479.2807
20.48462	479.289
20.48405	479.3081
20.48606	479.3423
20.48734	479.3408
20.4852	479.3434
20.47954	479.3625
20.47774	479.3693
20.4928	479.3941
20.50066	479.3796
20.49813	479.3833
20.50055	479.4097
20.50429	479.4195
20.50475	479.419
20.50528	479.434
20.50683	479.4677
20.51114	479.4573
20.5137	479.4729
20.51337	479.4604
20.51307	479.4754
20.515	479.4806
20.51618	479.4956
20.52072	479.4972
20.52315	479.5029
20.52526	479.5386
20.52613	479.535
20.52938	479.5625
20.52984	479.5703
20.53028	479.5682
20.53326	479.5682
20.53402	479.6096
20.53523	479.6236
20.53784	479.6184
20.53921	479.6288
20.53975	479.6355
20.54226	479.663
20.54364	479.6516
20.54646	479.664
20.54911	479.6599
20.54979	479.6863
20.55463	479.6884
20.55552	479.6914
20.55702	479.6935
20.55932	479.7081
20.56219	479.7355
20.56048	479.7505
20.56472	479.7464
20.56662	479.7811
20.56627	479.7769
20.56837	479.7909
20.57194	479.8039
20.57323	479.8054
20.57506	479.8002
20.57619	479.8184
20.57733	479.8463
20.57991	479.8427
20.58351	479.8666
20.58354	479.8645
20.58356	479.8645
20.58666	479.8847
20.58747	479.9008
20.58773	479.9142
20.58874	479.9163
20.59158	479.9272
20.59435	479.9365
20.5943	479.9329
20.59923	479.9567
20.59958	479.9655
20.60063	479.9981
20.6047	479.9898
20.60646	479.9945
20.60839	479.9997
20.60976	480.0287
20.60866	480.0225
20.61198	480.0515
20.61426	480.0401
20.61448	480.0525
20.61706	480.0562
20.61944	480.0784
20.61951	480.0696
20.6204	480.1075
20.62284	480.1095
20.62585	480.1339
20.62651	480.1515
20.63173	480.139
20.63107	480.152
20.62976	480.1712
20.63241	480.1685
20.63851	480.1841
20.6398	480.1955
20.64208	480.2002
20.64462	480.2116
20.64352	480.2043
20.64388	480.2297
20.64545	480.2302
20.64782	480.2499
20.64797	480.2851
20.65417	480.2608
20.65445	480.2929
20.65604	480.3131
20.65778	480.3214
20.65982	480.325
20.66515	480.3219
20.66403	480.3478
20.66322	480.3634
20.66544	480.3463
20.66622	480.3556
20.66719	480.3701
20.66909	480.3851
20.67296	480.4162
20.67587	480.4276
20.6776	480.4405
20.6792	480.4442
20.67846	480.4421
20.68071	480.4773
20.68358	480.4923
20.68781	480.4955
20.68843	480.5042
20.69067	480.5266
20.69236	480.5266
20.69664	480.5312
20.69813	480.5436
20.69691	480.5566
20.7016	480.5794
20.70171	480.5669
20.7013	480.5763
20.70419	480.6006
20.7076	480.6125
20.70626	480.6006
20.70183	480.6306
20.71063	480.6208
20.71475	480.6487
20.716	480.6674
20.71791	480.6731
20.71902	480.6923
20.72206	480.7141
20.72536	480.7141
20.72387	480.7327
20.72504	480.7565
20.72431	480.7612
20.72904	480.7679
20.73028	480.7726
20.73053	480.7783
20.73453	480.7793
20.73711	480.8032
20.73997	480.8026
20.73953	480.8094
20.74319	480.829
20.74417	480.8389
20.74569	480.842
20.74632	480.8343
20.74887	480.8612
20.75108	480.8824
20.75023	480.9
20.7549	480.8886
20.75557	480.9316
20.75794	480.9171
20.75896	480.9047
20.76073	480.9337
20.76238	480.9529
20.76349	480.9456
20.7663	480.9648
20.77056	480.9715
20.773	480.9819
20.7707	480.9917
20.77287	481.0042
20.7742	481.0217
20.77785	481.0083
20.78081	481.0424
20.78027	481.0471
20.78222	481.0642
20.7853	481.0793
20.78566	481.0876
20.79009	481.0834
20.79074	481.0927
20.79177	481.1109
20.79268	481.1181
20.79529	481.1161
20.79691	481.1409
20.79852	481.1466
20.79989	481.1575
20.80255	481.1673
20.80455	481.1932
20.8061	481.1911
20.80661	481.1844
20.81144	481.2171
20.81126	481.2129
20.80966	481.2471
20.81369	481.2538
20.81773	481.2399
20.81861	481.2554
20.82039	481.2834
20.82322	481.2859
20.82421	481.274
20.82735	481.2932
20.82739	481.3072
20.82796	481.3082
20.83194	481.3263
20.8337	481.3269
20.83488	481.3259
20.83789	481.3352
20.83844	481.3409
20.84119	481.3688
20.84293	481.4005
20.8461	481.4041
20.84825	481.4196
20.84559	481.4201
20.84685	481.4346
20.84977	481.4315
20.85399	481.4626
20.85662	481.4595
20.858	481.4724
20.85591	481.4937
20.85715	481.4776
20.85991	481.4988
20.86127	481.502
20.86349	481.5258
20.86681	481.5553
20.87046	481.5605
20.87159	481.5822
20.87477	481.5532
20.87241	481.5745
20.87328	481.588
20.8783	481.5864
20.87975	481.6123
20.88185	481.6216
20.88344	481.6408
20.88583	481.6538
20.88804	481.6579
20.88722	481.6444
20.88892	481.676
20.89025	481.6999
20.89082	481.704
20.89289	481.6853
20.8969	481.6962
20.89708	481.7066
20.90142	481.7392
20.90288	481.7418
20.90277	481.7527
20.90379	481.7599
20.9065	481.7724
20.90971	481.7853
20.91143	481.7952
20.91207	481.8257
20.91251	481.8133
20.9138	481.833
20.91535	481.8273
20.92015	481.8496
20.92133	481.8444
20.92498	481.8672
20.92566	481.8667
20.92737	481.5553
20.92842	481.6408
20.93047	481.7231
20.93021	481.7563
20.93127	481.804
20.93309	481.8195
20.93629	481.8796
20.93535	481.8978
20.941	481.9138
20.9417	481.9319
20.94409	481.9594
20.94871	481.95
20.94783	481.9744
20.94942	481.9832
20.95172	482.0107
20.95317	482.0138
20.9561	482.0479
20.95374	482.0547
20.95824	482.0718
20.9663	482.0853
20.95021	482.0889
20.95783	482.0816
20.96407	482.1091
20.9714	482.1112
20.97093	482.135
20.97199	482.136
20.97462	482.1479
20.97603	482.1511
20.97551	482.1661
20.97735	482.1733
20.97565	482.1961
20.98017	482.1857
20.98177	482.1847
20.98135	482.2044
20.98385	482.2241
20.99184	482.2288
20.9987	482.2453
21.00177	482.264
20.99331	482.265
20.98992	482.2676
20.9952	482.2951
21.00241	482.2966
21.00414	482.3049
21.00716	482.3241
21.01022	482.3178
21.00856	482.3448
21.00975	482.3262
21.00961	482.3448
21.01442	482.3614
21.01588	482.3521
21.01568	482.3733
21.016	482.3914
21.01777	482.3753
21.02036	482.4194
21.02256	482.4054
21.02418	482.4132
21.02549	482.4375
21.02625	482.4484
21.02799	482.4561
21.0329	482.4779
21.03451	482.4821
21.0336	482.4867
21.03579	482.5121
21.03628	482.4961
21.04036	482.4992
21.04293	482.5354
21.03976	482.5499
21.04459	482.5354
21.04794	482.5391
21.05007	482.5686
21.04878	482.566
21.04835	482.5847
21.05152	482.5986
21.05498	482.6053
21.05721	482.6287
21.05907	482.6364
21.06007	482.6359
21.06495	482.637
21.06621	482.666
21.06561	482.6846
21.06751	482.6794
21.07265	482.7038
21.07325	482.6965
21.07415	482.709
21.07627	482.7219
21.07669	482.7338
21.07878	482.7411
21.08276	482.7685
21.08352	482.768
21.08541	482.7644
21.08657	482.7887
21.08759	482.8131
21.08859	482.7986
21.0903	482.8198
21.0929	482.8359
21.09437	482.8416
21.09453	482.8457
21.0985	482.84
21.10237	482.8649
21.10165	482.8903
21.10375	482.8602
21.10361	482.8706
21.10643	482.9053
21.10931	482.9234
21.1125	482.9323
21.11456	482.9245
21.11271	482.9639
21.1156	482.955
21.11786	482.9664
21.11858	482.9794
21.1212	482.9804
21.12431	483.0213
21.12507	483.0244
21.12697	483.028
21.12722	483.0161
21.12873	483.0317
21.12963	483.0571
21.13058	483.041
21.1344	483.0389
21.13751	483.0716
21.1373	483.0876
21.14081	483.0876
21.14196	483.0975
21.14378	483.1223
21.14622	483.1462
21.14961	483.141
21.14938	483.1565
21.15044	483.1519
21.15075	483.1721
21.15559	483.198
21.1576	483.1887
21.1591	483.2146
21.1574	483.2011
21.15891	483.2141
21.16181	483.226
21.16184	483.2172
21.16361	483.2524
21.16579	483.2555
21.16908	483.2684
21.17356	483.2866
21.17607	483.2643
21.1759	483.3021
21.17421	483.3384
21.1781	483.3332
21.17902	483.3534
21.18606	483.3596
21.18348	483.3591
21.1861	483.3695
21.18719	483.3922
21.18933	483.3881
21.19119	483.3933
21.19436	483.4031
21.1944	483.3969
21.19604	483.4135
21.19938	483.4285
21.20218	483.4348
21.2036	483.4534
21.20428	483.4425
21.20782	483.4756
21.21179	483.4845
21.2121	483.4989
21.21288	483.4896
21.21425	483.5244
21.21518	483.5368
21.21726	483.5461
21.21946	483.5508
21.22083	483.5658
21.22308	483.5482
21.22178	483.5684
21.22519	483.5958
21.22587	483.5777
21.22725	483.6135
21.23102	483.6036
21.23345	483.616
21.23761	483.6243
21.23827	483.6497
21.23876	483.6761
21.23984	483.6818
21.23969	483.6803
21.2411	483.6844
21.24494	483.6958
21.244	483.7181
21.24753	483.7155
21.25209	483.7248
21.25154	483.7279
21.25617	483.7564
21.25506	483.7357
21.25252	483.7549
21.25592	483.7683
21.26172	483.7596
21.2651	483.7761
21.26618	483.8144
21.26609	483.802
21.26755	483.8295
21.26707	483.8305
21.27354	483.8528
21.27281	483.8657
21.27546	483.8585
21.27514	483.8807
21.27635	483.8672
21.28312	483.9015
21.28336	483.8952
21.28322	483.9051
21.28558	483.9103
21.2851	483.9212
21.28716	483.9362
21.29058	483.918
21.29066	483.9408
21.29559	483.9673
21.2956	483.9714
21.3009	483.9869
21.30152	483.9988
21.30441	484.0196
21.30505	484.0118
21.30537	484.0263
21.30846	484.0502
21.30846	484.0548
21.31024	484.0584
21.31222	484.0688
21.31317	484.0558
21.31375	484.0957
21.31721	484.0941
21.31909	484.0921
21.32206	484.1082
21.32406	484.1294
21.32642	484.1273
21.32745	484.1569
21.32738	484.1537
21.32983	484.175
21.3326	484.1817
21.3356	484.1594
21.33824	484.1962
21.33884	484.2195
21.34084	484.2278
21.34178	484.2568
21.34542	484.2568
21.34342	484.2491
21.34536	484.2672
21.34679	484.2827
21.34963	484.2579
21.35301	484.2936
21.3548	484.2982
21.35551	484.291
21.35665	484.3071
21.35981	484.3381
21.3592	484.3283
21.3591	484.3511
21.36135	484.3718
21.36458	484.3744
21.36818	484.3848
21.37118	484.3957
21.37116	484.4102
21.37273	484.4205
21.37391	484.4241
21.376	484.4257
21.37938	484.4324
21.38061	484.449
21.38111	484.4537
21.38765	484.4402
21.38689	484.4697
21.38777	484.4573
21.39152	484.4931
21.3917	484.4687
21.39425	484.5065
21.39564	484.4993
21.39662	484.5241
21.39851	484.5526
21.40234	484.5443
21.40407	484.5899
21.4054	484.5733
21.40858	484.5749
21.40552	484.577
21.40699	484.6008
21.40942	484.6194
21.41243	484.6246
21.41295	484.619
21.41481	484.6438
21.41694	484.6547
21.4174	484.6718
21.42137	484.6712
21.42293	484.6889
21.42301	484.7086
21.42856	484.7044
21.42865	484.7199
21.42843	484.7173
21.42771	484.7448
21.43272	484.7614
21.43675	484.7552
21.43953	484.7578
21.44027	484.7702
21.44182	484.7702
21.44156	484.7542
21.44594	484.7837
21.44282	484.7977
21.4478	484.8085
21.44876	484.8096
21.45163	484.8427
21.45445	484.8531
21.45453	484.8774
21.45615	484.8816
21.46176	484.8909
21.45989	484.8914
21.46267	484.9127
21.46477	484.9137
21.46634	484.9209
21.46842	484.9297
21.47549	484.9453
21.47253	484.9525
21.47385	484.9681
21.47144	484.9831
21.47324	484.9733
21.47247	484.9836
21.47709	484.9908
21.48093	485.0168
21.48439	485.0308
21.48711	485.0515
21.48644	485.0411
21.48945	485.0645
21.48816	485.0919
21.48988	485.0831
21.49368	485.1058
21.49561	485.1095
21.49729	485.1048
21.49962	485.1204
21.50204	485.1328
21.50458	485.1219
21.50476	485.1338
21.5042	485.1608
21.50876	485.1737
21.51063	485.1717
21.51297	485.1934
21.51202	485.1986
21.51503	485.2064
21.51658	485.2126
21.51876	485.2281
21.52351	485.2416
21.52275	485.2323
21.52489	485.2535
21.52544	485.2525
21.52645	485.2805
21.52639	485.2851
21.53112	485.2934
21.53449	485.3012
21.53659	485.3302
21.53558	485.2929
21.53867	485.3136
21.53926	485.326
21.5427	485.3411
21.54465	485.3535
21.5467	485.354
21.55063	485.3856
21.54927	485.3835
21.55201	485.3887
21.55396	485.4099
21.5566	485.4177
21.55621	485.426
21.55829	485.4462
21.55963	485.4286
21.56025	485.4452
21.56236	485.4644
21.56427	485.4617
21.56669	485.4597
21.56716	485.469
21.56991	485.4788
21.57288	485.5219
21.57525	485.5037
21.5756	485.5327
21.5777	485.5343
21.57774	485.5654
21.58034	485.5524
21.58486	485.5845
21.58579	485.5643
21.58858	485.5934
21.58841	485.5778
21.59009	485.5928
21.593	485.6084
21.59398	485.6192
21.59386	485.6239
21.59768	485.6218
21.59942	485.6275
21.60026	485.6736
21.60105	485.6674
21.60487	485.6648
21.60726	485.6747
21.60628	485.7078
21.6103	485.7119
21.61355	485.7047
21.6147	485.7228
21.61544	485.7399
21.61841	485.7586
21.61933	485.7601
21.61986	485.7736
21.62163	485.7767
21.62342	485.8032
21.6256	485.7933
21.62629	485.7907
21.62857	485.798
21.63125	485.827
21.63519	485.8327
21.63536	485.8451
21.63753	485.8513
21.63486	485.8689
21.63611	485.8819
21.64172	485.8922
21.64624	485.9093
21.65369	485.9021
21.66128	485.9264
21.66409	485.9228
21.66757	485.9259
21.65869	485.9497
21.65063	485.9559
21.64387	485.9622
21.63769	485.9529
21.64017	485.9487
21.64696	485.9788
21.65695	486.0015
21.66502	486.001
21.66851	486.0228
21.67304	486.0161
21.67031	486.0399
21.67374	486.0554
21.67588	486.0606
21.67588	486.0694
21.67736	486.0942
21.67958	486.0849
21.68136	486.1005
21.68507	486.1046
21.68587	486.1248
21.68673	486.1134
21.68788	486.1435
21.68999	486.1373
21.69274	486.1455
21.69438	486.1497
21.69513	486.1756
21.69481	486.1802
21.69905	486.188
21.70189	486.1942
21.70189	486.2072
21.70457	486.2295
21.70734	486.231
21.70687	486.2585
21.70913	486.2574
21.7119	486.2517
21.71439	486.2766
21.71509	486.2704
21.71995	486.2932
21.71994	486.3191
21.71929	486.2844
21.72277	486.3134
21.72321	486.3248
21.72544	486.3372
21.72769	486.3357
21.72878	486.3232
21.72953	486.3388
21.73342	486.3668
21.73442	486.3922
21.73707	486.3983
21.73776	486.4186
21.74006	486.4144
21.7408	486.4289
21.74496	486.4248
21.74625	486.4652
21.74913	486.4388
21.74942	486.4517
21.7506	486.4776
21.75432	486.4942
21.75242	486.5092
21.75537	486.4895
21.75761	486.5139
21.75764	486.5232
21.76257	486.546
21.76343	486.519
21.76423	486.5449
21.7656	486.5745
21.76728	486.5807
21.77107	486.5858
21.77194	486.6149
21.77288	486.6019
21.77812	486.6206
21.77885	486.6268
21.78014	486.6195
21.78131	486.6465
21.78041	486.6579
21.78444	486.663
21.78934	486.6646
21.78812	486.6848
21.79193	486.7061
21.79333	486.7128
21.79381	486.7128
21.79607	486.7496
21.80137	486.7314
21.79988	486.7568
21.80266	486.7609
21.80279	486.7869
21.80267	486.7833
21.80561	486.7822
21.80964	486.8174
21.8127	486.8014
21.81207	486.8019
21.81443	486.805
21.81628	486.8501
21.81551	486.8298
21.8175	486.8407
21.82128	486.864
21.82408	486.8879
21.82671	486.891
21.82761	486.9221
21.82856	486.891
21.82802	486.9107
21.83195	486.9267
21.83465	486.9355
21.83397	486.9552
21.83243	486.9625
21.8379	486.9816
21.84143	486.964
21.84342	486.9791
21.84165	487.0081
21.84455	486.9962
21.84704	487.0153
21.84781	487.0039
21.84707	487.0345
21.85165	487.0313
21.85224	487.0661
21.85585	487.0599
21.85764	487.078
21.86002	487.0832
21.86229	487.1081
21.86424	487.1143
21.86409	487.1034
21.86635	487.1137
21.86978	487.1339
21.87234	487.1355
21.87158	487.1396
21.8737	487.1609
21.874	487.1847
21.87597	487.1749
21.87973	487.1873
21.88157	487.1976
21.88193	487.2137
21.88479	487.2147
21.88404	487.2272
21.88546	487.236
21.88797	487.2407
21.89171	487.2526
21.89256	487.2598
21.89438	487.2748
21.89592	487.2909
21.89761	487.3018
21.90138	487.3122
21.903	487.2992
21.90239	487.3344
21.90501	487.3521
21.90687	487.3329
21.91019	487.3422
21.91077	487.3577
21.91334	487.3743
21.91455	487.3857
21.91678	487.3981
21.91829	487.4049
21.91831	487.4038
21.91842	487.4556
21.92334	487.4623
21.9261	487.4613
21.92641	487.4644
21.92982	487.4815
21.9277	487.4888
21.93203	487.4789
21.93402	487.4851
21.93541	487.4805
21.93449	487.5137
21.93636	487.5007
21.93679	487.5193
21.94466	487.5183
21.94578	487.5421
21.94559	487.5504
21.95	487.5562
21.95132	487.5587
21.95145	487.5965
21.9587	487.597
21.95912	487.6126
21.9589	487.6312
21.95809	487.6385
21.96216	487.6385
21.96401	487.6437
21.96858	487.6483
21.96756	487.6509
21.96966	487.7022
21.9684	487.6732
21.9711	487.6949
21.97423	487.7141
21.97897	487.7136
21.9741	487.7115
21.9748	487.7333
21.98081	487.7374
21.97864	487.7675
21.98079	487.7561
21.98264	487.7587
21.98831	487.7784
21.99197	487.7928
21.99166	487.8084
21.98767	487.8063
21.99438	487.8203
21.99639	487.8266
21.99973	487.8291
21.99774	487.8447
22.00446	487.8535
22.00731	487.8483
22.01063	487.8742
22.00773	487.8763
22.01048	487.8867
22.01164	487.9109
22.01305	487.912
22.01518	487.9229
22.0187	487.9529
22.01645	487.9535
22.01752	487.954
22.02062	487.9607
22.02234	487.9586
22.02538	487.9778
22.02937	487.983
22.03145	487.9804
22.03061	488.0078
22.03323	488.0063
22.03528	487.9923
22.03641	488.0327
22.03788	488.0255
22.03971	488.0576
22.04004	488.0498
22.04205	488.0783
22.04544	488.0908
22.04843	488.099
22.05069	488.1078
22.0504	488.1234
22.05274	488.1218
22.05514	488.1425
22.05658	488.1327
22.0575	488.1389
22.0603	488.1643
22.0626	488.1762
22.06609	488.1617
22.06578	488.184
22.06576	488.1923
22.06796	488.2099
22.06919	488.2192
22.0729	488.2182
22.07149	488.2363
22.07372	488.2461
22.0784	488.2508
22.08008	488.27
22.0802	488.2715
22.08495	488.3062
22.08476	488.2933
22.08772	488.3233
22.08693	488.3047
22.08705	488.3052
22.09019	488.3145
22.09265	488.3409
22.09362	488.3482
22.09975	488.3596
22.10279	488.3886
22.10371	488.3969
22.10391	488.3907
22.10477	488.4005
22.10679	488.4223
22.10888	488.4305
22.11003	488.4357
22.11162	488.4637
22.11521	488.4487
22.11834	488.4653
22.12119	488.4735
22.1193	488.4891
22.12192	488.487
22.1233	488.5067
22.12387	488.4984
22.12675	488.5259
22.12448	488.5217
22.12859	488.5295
22.13292	488.5445
22.13682	488.573
22.13996	488.573
22.14313	488.5823
22.14116	488.5953
22.14011	488.6041
22.1471	488.616
22.15027	488.6201
22.1512	488.6518
22.15194	488.6455
22.15162	488.6455
22.1529	488.6544
22.15482	488.6756
22.15688	488.6725
22.1587	488.6709
22.15862	488.6947
22.16216	488.7186
22.16153	488.7144
22.16437	488.7341
22.16636	488.7502
22.16354	488.7341
22.16755	488.7797
22.17008	488.7802
22.17252	488.7849
22.17607	488.8061
22.17665	488.8035
22.17731	488.8041
22.18048	488.8154
22.18452	488.817
22.1842	488.8253
22.18732	488.8548
22.18664	488.8424
22.19092	488.847
22.19344	488.86
22.19583	488.8849
22.19667	488.8766
22.19674	488.8864
22.1998	488.9216
22.19794	488.9196
22.20313	488.9351
22.20408	488.9429
22.20658	488.959
22.20893	488.9709
22.20909	488.9786
22.20994	488.9968
22.21639	488.9937
22.21935	489.0216
22.22205	489.0175
22.21902	489.017
22.22314	489.0061
22.22523	489.0216
22.22512	489.0366
22.22382	489.06
22.21979	489.0558
22.22763	489.0729
22.22896	489.0926
22.23083	489.0947
22.23384	489.1133
22.23513	489.1283
22.23427	489.1314
22.23704	489.1506
22.23899	489.1454
22.24309	489.1517
22.24343	489.1604
22.2461	489.1791
22.2457	489.1662
22.24941	489.2086
22.25263	489.2045
22.25273	489.2061
22.25496	489.221
22.25663	489.2366
22.25754	489.2428
22.25841	489.2439
22.26247	489.2573
22.26228	489.2843
22.26252	489.2905
22.2653	489.2988
22.26709	489.3153
22.27071	489.3195
22.27406	489.3086
22.27361	489.3169
22.2754	489.3345
22.27751	489.3547
22.28067	489.362
22.28292	489.363
22.28312	489.3853
22.28789	489.3786
22.28757	489.4106
22.28863	489.3946
22.28804	489.4086
22.28999	489.4386
22.29206	489.4516
22.29523	489.4433
22.29658	489.465
22.30003	489.4754
22.29598	489.4852
22.29497	489.4889
22.28516	489.4873
22.28972	489.5117
22.31188	489.4977
22.30764	489.5257
22.31066	489.52
22.31574	489.5309
22.31135	489.5314
22.32954	489.5578
22.32345	489.564
22.31904	489.5925
22.32162	489.5956
22.32276	489.6122
22.32247	489.6137
22.32634	489.6277
22.32971	489.6458
22.33187	489.6702
22.33349	489.6748
22.3334	489.6624
22.33599	489.6806
22.33746	489.6748
22.34127	489.6847
22.34476	489.6873
22.34533	489.7023
22.347	489.7153
22.34716	489.7282
22.34726	489.7437
22.34706	489.765
22.35059	489.7717
22.35246	489.7883
22.35453	489.7898
22.35868	489.8049
22.36277	489.8023
22.36658	489.8313
22.36486	489.8168
22.36278	489.8427
22.36637	489.8365
22.36517	489.8557
22.36857	489.8468
22.37053	489.881
22.37407	489.8929
22.37713	489.8774
22.37962	489.8691
22.37835	489.9121
22.38029	489.9054
22.38407	489.9287
22.3877	489.9365
22.38954	489.9297
22.3876	489.9639
22.38881	489.9815
22.38811	489.9872
22.39282	489.9903
22.39594	490.0167
22.39417	490.0173
22.39766	490.024
22.39891	490.0178
22.3996	490.0214
22.40324	490.0442
22.40765	490.0546
22.40998	490.0737
22.41202	490.08
22.41315	490.0836
22.41645	490.1002
22.4162	490.0955
22.41723	490.1224
22.41809	490.1483
22.42133	490.1416
22.42068	490.1597
22.42444	490.1592
22.42517	490.1743
22.42622	490.1587
22.43052	490.2053
22.43078	490.1991
22.43496	490.1955
22.4346	490.2053
22.43657	490.224
22.44122	490.2411
22.4401	490.2374
22.44196	490.2369
22.44619	490.2758
22.44782	490.2659
22.44833	490.2954
22.4519	490.2726
22.45516	490.2804
22.45559	490.311
22.45971	490.3069
22.45897	490.311
22.46097	490.3504
22.45912	490.3452
22.46075	490.3597
22.46367	490.3582
22.46631	490.3721
22.46879	490.3814
22.47045	490.398
22.47267	490.4011
22.47403	490.4094
22.47522	490.426
22.47736	490.4223
22.47825	490.4457
22.48138	490.4597
22.48356	490.4767
22.48455	490.482
22.48571	490.5032
22.49044	490.5135
22.49121	490.4949
22.49245	490.5306
22.49432	490.5151
22.49698	490.5332
22.49892	490.5229
22.50025	490.5436
22.50126	490.5389
22.5037	490.5633
22.50469	490.57
22.5062	490.5783
22.50517	490.599
22.50686	490.597
22.50891	490.6244
22.51273	490.6212
22.51765	490.6441
22.5163	490.6425
22.51935	490.6669
22.52374	490.6721
22.52299	490.6767
22.52379	490.669
22.52437	490.701
22.52656	490.7078
22.52923	490.7021
22.53089	490.6891
22.53326	490.7368
22.53441	490.7321
22.53557	490.7622
22.53779	490.756
22.53891	490.757
22.53975	490.7943
22.54524	490.784
22.54759	490.8073
22.54797	490.8057
22.54916	490.8171
22.55504	490.8337
22.55474	490.8239
22.55357	490.8435
22.55518	490.8497
22.55894	490.843
22.55802	490.8637
22.563	490.871
22.56438	490.8782
22.5631	490.8881
22.56893	490.9026
22.56923	490.9192
22.57145	490.9218
22.57294	490.9456
22.57491	490.9539
22.57695	490.9507
22.57997	490.9736
22.5818	490.986
22.58161	490.9829
22.58352	490.9746
22.58578	491.0098
22.5864	491.0124
22.58719	491.0171
22.59069	491.0435
22.59362	491.0429
22.59629	491.0352
22.59403	491.0461
22.59846	491.0564
22.5971	491.0735
22.59989	491.0823
22.6025	491.1072
22.60577	491.1139
22.60817	491.1197
22.60799	491.117
22.61059	491.1491
22.61182	491.1336
22.61267	491.1673
22.61473	491.1606
22.6141	491.1409
22.61819	491.1694
22.62153	491.187
22.62175	491.1787
22.62461	491.2046
22.62569	491.204
22.62793	491.2253
22.62825	491.2357
22.63048	491.2388
22.63488	491.2585
22.6371	491.2709
22.63819	491.2942
22.6393	491.3092
22.63919	491.2885
22.64108	491.3139
22.64787	491.2978
22.64791	491.3232
22.64754	491.3274
22.64808	491.3258
22.64943	491.346
22.65445	491.332
22.65412	491.3595
22.6528	491.3812
22.65791	491.3688
22.65893	491.3843
22.66037	491.3957
22.66284	491.3952
22.66529	491.4175
22.66802	491.4237
22.66934	491.4491
22.6718	491.4496
22.67287	491.4574
22.67488	491.4745
22.67771	491.4688
22.6788	491.4796
22.67862	491.4838
22.6825	491.4791
22.68304	491.4874
22.68859	491.5232
22.68663	491.5138
22.68805	491.5263
22.69067	491.5392
22.69436	491.5672
22.69591	491.5579
22.69544	491.5833
22.69222	491.5838
22.70049	491.5884
22.70084	491.6257
22.70318	491.6014
22.70634	491.6138
22.70396	491.6366
22.71171	491.6439
22.71351	491.6475
22.71715	491.6418
22.71321	491.6527
22.71768	491.6522
22.71558	491.6874
22.72023	491.6714
22.72343	491.691
22.7224	491.7107
22.72521	491.7221
22.72393	491.7138
22.7296	491.7325
22.7305	491.7475
22.73134	491.7682
22.73215	491.7713
22.7341	491.7713
22.73475	491.7884
22.73688	491.791
22.73672	491.8179
22.74282	491.7957
22.74144	491.8179
22.7452	491.8288
22.75001	491.8365
22.75121	491.8298
22.75414	491.8599
22.75193	491.8568
22.75595	491.877
22.76027	491.9003
22.75738	491.906
22.75887	491.9039
22.76191	491.9231
22.75964	491.9376
22.77021	491.9448
22.77576	491.9422
22.77614	491.9557
22.76815	491.9655
22.77262	491.9795
22.77124	491.9749
22.78003	491.9858
22.78019	491.9915
22.78284	491.9904
22.78246	492.0308
22.78104	492.0168
22.78751	492.0226
22.78475	492.0329
22.78625	492.051
22.78886	492.0733
22.79059	492.0593
22.7942	492.0759
22.79575	492.0816
22.79243	492.0868
22.79971	492.0987
22.80414	492.0919
22.8042	492.1267
22.80761	492.107
22.80762	492.1287
22.81096	492.1344
22.81071	492.1619
22.81155	492.164
22.81466	492.166
22.81809	492.1821
22.81719	492.2116
22.822	492.1956
22.82682	492.2231
22.82869	492.2469
22.82653	492.2354
22.82676	492.2411
22.83194	492.2567
22.82711	492.2644
22.82956	492.2821
22.83345	492.279
22.83618	492.2665
22.83766	492.2883
22.84369	492.2878
22.84347	492.3132
22.84041	492.3246
22.84258	492.3188
22.84792	492.3479
22.84926	492.3251
22.84808	492.3582
22.85282	492.3738
22.85331	492.3893
22.85472	492.3997
22.85599	492.4147
22.86129	492.4126
22.86005	492.4178
22.86175	492.4302
22.86233	492.4391
22.86463	492.4629
22.8664	492.4691
22.86957	492.4504
22.8716	492.4546
22.87201	492.4815
22.87389	492.4898
22.87739	492.4831
22.87597	492.4945
22.87811	492.5017
22.88212	492.5308
22.88251	492.5349
22.8862	492.5644
22.88697	492.5732
22.88868	492.5598
22.88942	492.5747
22.89393	492.5779
22.89321	492.6147
22.89525	492.6105
22.89394	492.6167
22.89274	492.6188
22.89969	492.6209
22.90471	492.639
22.90681	492.6431
22.90697	492.6758
22.90655	492.6509
22.91457	492.698
22.91371	492.6866
22.9152	492.7105
22.91717	492.7126
22.91904	492.7239
22.92653	492.7245
22.92696	492.74
22.92822	492.74
22.92566	492.7639
22.92511	492.7711
22.92715	492.7732
22.93315	492.7897
22.93611	492.7877
22.92789	492.798
22.93978	492.7965
22.94062	492.7996
22.9401	492.8291
22.93983	492.827
22.94374	492.8307
22.94339	492.8483
22.94754	492.8778
22.95239	492.8768
22.95657	492.9172
22.9581	492.9001
22.95784	492.913
22.95905	492.9306
22.96202	492.9255
22.95833	492.9109
22.95857	492.9659
22.96043	492.9472
22.96213	492.9622
22.96779	492.9535
22.96929	492.9597
22.97243	492.9752
22.9724	492.983
22.96882	493.0073
22.97063	493.0104
22.96945	493.0161
22.9728	493.0477
22.97914	493.0503
22.98189	493.0638
22.98268	493.0638
22.98404	493.0685
22.9882	493.0643
22.99024	493.0959
22.99088	493.1031
22.99265	493.1042
22.99426	493.0881
22.99669	493.1176
22.99668	493.1394
23.0015	493.1358
23.00417	493.1684
23.00638	493.1731
23.00661	493.1705
23.00668	493.1808
23.00727	493.1964
23.01144	493.199
23.01334	493.1886
23.01434	493.2244
23.01809	493.2352
23.01693	493.229
23.01981	493.2601
23.0217	493.243
23.02381	493.2487
23.02509	493.2575
23.0273	493.2663
23.02857	493.2803
23.03129	493.2824
23.03251	493.3233
23.03472	493.3114
23.0352	493.3145
23.04133	493.3451
23.04347	493.3544
23.04633	493.3606
23.04067	493.3715
23.04377	493.3782
23.04346	493.3746
23.04752	493.4145
23.04886	493.3964
23.05198	493.4109
23.05481	493.4248
23.05725	493.4093
23.05974	493.4222
23.06079	493.4445
23.06009	493.43
23.06118	493.4435
23.06563	493.4663
23.06801	493.4523
23.07134	493.4803
23.07306	493.4958
23.07405	493.5222
23.07558	493.5321
23.07632	493.5227
23.07753	493.5316
23.07962	493.5512
23.0792	493.5522
23.08233	493.5605
23.08178	493.5611
23.087	493.5916
23.08833	493.5916
23.09221	493.6087
23.0937	493.6181
23.094	493.6404
23.09646	493.6367
23.09989	493.6326
23.09851	493.6445
23.09942	493.6621
23.10295	493.674
23.10306	493.6756
23.10655	493.7072
23.10928	493.7154
23.11123	493.7217
23.11147	493.703
23.11152	493.744
23.1152	493.7263
23.11739	493.7647
23.12095	493.746
23.1233	493.7667
23.12177	493.7709
23.12482	493.79
23.1273	493.7818
23.12972	493.7818
23.12771	493.8025
23.13088	493.8211
23.13552	493.8211
23.13831	493.8413
23.14014	493.874
23.13927	493.846
23.14037	493.875
23.14316	493.8781
23.1443	493.9045
23.14666	493.8869
23.14581	493.9087
23.15049	493.9077
23.15315	493.9341
23.15651	493.919
23.15553	493.9382
23.15858	493.9304
23.15769	493.9522
23.16085	493.9532
23.16353	493.9962
23.16214	493.9864
23.16309	494.0118
23.16818	494.0107
23.16655	494.0278
23.16814	494.032
23.17435	494.0387
23.17384	494.062
23.17396	494.0439
23.17302	494.0719
23.18009	494.0656
23.18361	494.0781
23.18561	494.09
23.18842	494.0983
23.18456	494.1076
23.18664	494.1091
23.18884	494.1304
23.19234	494.1247
23.19595	494.1423
23.19486	494.1548
23.20008	494.1682
23.20125	494.1946
23.2014	494.177
23.20345	494.1982
23.20313	494.1941
23.2042	494.2055
23.20831	494.2283
23.21358	494.2304
23.21425	494.2335
23.21562	494.2361
23.2178	494.2542
23.21637	494.2583
23.22048	494.2697
23.22521	494.2687
23.22725	494.3034
23.22293	494.2951
23.22814	494.3329
23.23291	494.3174
23.23008	494.3469
23.23065	494.3531
23.236	494.3438
23.23334	494.35
23.23492	494.3723
23.23883	494.378
23.24063	494.3858
23.2393	494.3863
23.24432	494.4055
23.24655	494.4091
23.24727	494.4049
23.24735	494.4319
23.25025	494.3112
23.25569	494.1568
23.25416	494.2573
23.25455	494.3044
23.2584	494.3433
23.2606	494.3894
23.26433	494.3972
23.26542	494.4127
23.26709	494.4536
23.26855	494.4738
23.26938	494.4754
23.27331	494.4982
23.27418	494.5091
23.27554	494.4998
23.27579	494.5427
23.2782	494.5567
23.28106	494.5707
23.283	494.5681
23.28547	494.5904
23.28686	494.6013
23.28747	494.6086
23.28979	494.6225
23.29195	494.65
23.29147	494.6691
23.30139	494.6639
23.301	494.6696
23.29921	494.6712
23.30199	494.6966
23.30341	494.7007
23.30438	494.7142
23.30966	494.7199
23.31252	494.7235
23.31308	494.723
23.31082	494.7391
23.31089	494.7753
23.31776	494.7535
23.32157	494.7634
23.31834	494.7593
23.32195	494.8054
23.31914	494.8059
23.32633	494.8137
23.3277	494.8184
23.32679	494.8209
23.32862	494.8535
23.33166	494.8478
23.33118	494.8618
23.33875	494.8567
23.33913	494.8665
23.33796	494.8567
23.33879	494.9023
23.33905	494.8862
23.34318	494.9178
23.34478	494.9017
23.34592	494.937
23.349	494.9437
23.34654	494.9597
23.35562	494.9592
23.35079	494.9633
23.3528	494.9856
23.35534	494.9919
23.35961	495.0105
23.36767	495.0193
23.3711	495.0198
23.36951	495.0178
23.36608	495.0328
23.36901	495.025
23.36837	495.0602
23.36958	495.0442
23.37412	495.067
23.377	495.067
23.37771	495.0794
23.37875	495.0934
23.37802	495.0986
23.38121	495.1286
23.3874	495.1374
23.38987	495.1245
23.38889	495.1411
23.39072	495.1483
23.39339	495.169
23.39669	495.1571
23.39688	495.1581
23.39906	495.1861
23.40223	495.1908
23.40417	495.1866
23.40181	495.1954
23.40304	495.2001
23.4043	495.2213
23.40879	495.21
23.4103	495.2384
23.40938	495.2576
23.41031	495.2664
23.41508	495.2768
23.41666	495.3115
23.41887	495.2954
23.42055	495.3115
23.4244	495.2985
23.42525	495.3192
23.42578	495.3275
23.42598	495.313
23.42815	495.3384
23.43011	495.3353
23.43576	495.3343
23.43461	495.3581
23.43522	495.3586
23.4365	495.368
23.4385	495.3965
23.44018	495.4042
23.44104	495.4161
23.4415	495.4296
23.44544	495.4327
23.44713	495.4441
23.44914	495.4379
23.45156	495.4591
23.45524	495.4555
23.45681	495.4954
23.45801	495.4793
23.46008	495.4948
23.45968	495.4954
23.46146	495.4948
23.46671	495.5078
23.4692	495.5228
23.46821	495.5368
23.47266	495.541
23.47444	495.5622
23.4764	495.5643
23.47843	495.5861
23.47865	495.584
23.48121	495.6083
23.48135	495.5974
23.48409	495.6151
23.48627	495.6223
23.48729	495.6373
23.49053	495.644
23.49424	495.6409
23.49314	495.6627
23.49428	495.6669
23.49447	495.6689
23.49737	495.6855
23.49794	495.684
23.50205	495.7062
23.50419	495.7124
23.50528	495.7135
23.50585	495.7606
23.50825	495.7627
23.51406	495.7627
23.51649	495.7534
23.51678	495.7917
23.52045	495.7736
23.52008	495.7896
23.52149	495.785
23.52173	495.814
23.52503	495.8233
23.52766	495.8342
23.52797	495.8492
23.52804	495.8554
23.5306	495.8528
23.53466	495.8658
23.53621	495.8813
23.53836	495.8994
23.54077	495.9072
23.5409	495.9337
23.54399	495.9315
23.54501	495.9486
23.54693	495.9445
23.5463	495.9688
23.54846	495.9585
23.55104	495.9595
23.5527	495.9756
23.55413	495.9808
23.55421	496.002
23.55866	496.016
23.56294	496.0175
23.56324	496.029
23.5646	496.045
23.56427	496.044
23.5664	496.0642
23.57003	496.0533
23.57267	496.0963
23.57383	496.0849
23.57503	496.0999
23.57889	496.0859
23.57909	496.1248
23.58035	496.1331
23.58264	496.1118
23.5848	496.1232
23.58819	496.1465
23.58925	496.146
23.59019	496.1527
23.59385	496.1471
23.59273	496.1569
23.59564	496.1849
23.59628	496.1693
23.59923	496.1817
23.60055	496.216
23.60294	496.217
23.60075	496.2242
23.6023	496.2439
23.60798	496.2367
23.61116	496.261
23.61182	496.2698
23.61456	496.2563
23.61762	496.2626
23.61607	496.2952
23.6201	496.2849
23.61493	496.2667
23.62346	496.2828
23.6253	496.3103
23.62822	496.3061
23.62842	496.3206
23.63069	496.3418
23.63054	496.361
23.62891	496.3553
23.63132	496.3698
23.64041	496.3931
23.64141	496.3926
23.63917	496.4051
23.64059	496.4294
23.64462	496.4149
23.64444	496.4522
23.6505	496.4195
23.65369	496.4268
23.6503	496.4289
23.65099	496.4537
23.65442	496.4672
23.65545	496.4828
23.65803	496.5003
23.65987	496.5076
23.6627	496.5133
23.66291	496.5309
23.66369	496.5299
23.66748	496.562
23.67066	496.547
23.66997	496.5781
23.67472	496.575
23.67398	496.577
23.67233	496.5967
23.67399	496.5838
23.67673	496.5822
23.67715	496.6133
23.68604	496.6029
23.69025	496.634
23.69214	496.6459
23.69017	496.618
23.69148	496.6314
23.69234	496.6635
23.69169	496.6879
23.6972	496.6812
23.701	496.6931
23.69997	496.7029
23.7008	496.734
23.70087	496.7262
23.7073	496.7371
23.7057	496.7599
23.70994	496.7474
23.71095	496.7568
23.7109	496.7645
23.7144	496.7614
23.71582	496.7822
23.71909	496.7925
23.72044	496.7931
23.72134	496.8184
23.72478	496.7931
23.72442	496.8293
23.7276	496.8241
23.73071	496.835
23.7297	496.8593
23.73405	496.8671
23.73151	496.8863
23.73197	496.8749
23.73948	496.8977
23.73898	496.9029
23.73791	496.9293
23.73972	496.9412
23.74401	496.9324
23.74587	496.9391
23.74826	496.9453
23.75187	496.9443
23.75616	496.9536
23.75816	496.9603
23.75783	496.9857
23.75794	496.9987
23.75766	497.0028
23.75963	497.0236
23.76134	497.0292
23.76155	497.0401
23.76514	497.0526
23.76818	497.0427
23.77191	497.0484
23.7741	497.0443
23.77258	497.0578
23.77271	497.0681
23.7756	497.0754
23.77822	497.0878
23.78125	497.0785
23.78066	497.107
23.7813	497.1163
23.78266	497.1339
23.7871	497.1355
23.78943	497.1598
23.7923	497.1603
23.7937	497.1624
23.79712	497.193
23.79855	497.1914
23.79839	497.2069
23.80082	497.2183
23.80232	497.2069
23.80651	497.194
23.80846	497.2173
23.80541	497.2147
23.81232	497.2297
23.81574	497.2365
23.8112	497.237
23.81277	497.2618
23.81636	497.2779
23.81796	497.28
23.81973	497.2997
23.8202	497.3142
23.82281	497.308
23.82713	497.3075
23.8268	497.3375
23.82785	497.3375
23.82948	497.3427
23.83361	497.3597
23.83371	497.3406
23.83793	497.351
23.83867	497.3981
23.83778	497.3981
23.84536	497.3831
23.84324	497.3955
23.84459	497.4199
23.85041	497.424
23.84932	497.4344
23.85205	497.4359
23.85316	497.4592
23.85749	497.4696
23.85929	497.4778
23.86265	497.4908
23.86356	497.4774
23.86264	497.5017
23.86406	497.5183
23.86511	497.5146
23.86873	497.5209
23.86689	497.5354
23.86675	497.5385
23.86596	497.5509
23.87342	497.5618
23.88483	497.5675
23.88596	497.5877
23.88424	497.5944
23.89333	497.5804
23.89401	497.6089
23.88634	497.6286
23.88588	497.6291
23.88809	497.6307
23.89054	497.6602
23.89275	497.6379
23.89429	497.6535
23.89614	497.6747
23.90091	497.668
23.90089	497.6794
23.9024	497.6794
23.90194	497.696
23.90519	497.6991
23.90571	497.7043
23.90748	497.7208
23.90994	497.7441
23.90832	497.7452
23.91317	497.7478
23.91484	497.7747
23.91388	497.7923
23.91681	497.7939
23.91519	497.8016
23.92137	497.8053
23.92422	497.7996
23.9258	497.827
23.92655	497.8197
23.9266	497.841
23.9314	497.8333
23.93354	497.8224
23.93106	497.8747
23.93439	497.8664
23.93923	497.8809
23.94145	497.8679
23.94093	497.9001
23.94531	497.9057
23.94605	497.9322
23.94577	497.9244
23.95013	497.9431
23.95195	497.94
23.95427	497.9591
23.95454	497.9576
23.95822	497.9705
23.96121	497.9866
23.96133	497.9825
23.96378	497.9995
23.96428	497.9928
23.96553	498.0068
23.97031	497.999
23.9686	498.013
23.96866	498.0446
23.96934	498.0347
23.9718	498.0513
23.97652	498.084
23.98035	498.0959
23.98177	498.0746
23.98162	498.0969
23.98299	498.1016
23.98417	498.127
23.98738	498.1181
23.99078	498.1342
23.99046	498.1347
23.99148	498.1321
23.99461	498.1466
23.99597	498.1736
23.99993	498.1617
24.00083	498.1705
24.00379	498.2026
24.00479	498.2181
24.00521	498.1917
24.00875	498.2134
24.00968	498.2171
24.01242	498.2471
24.01468	498.2471
24.01437	498.2715
24.01621	498.2704
24.01685	498.2756
24.02054	498.2777
24.02127	498.2964
24.02269	498.2906
24.02622	498.301
24.0277	498.3077
24.0273	498.3295
24.03007	498.3414
24.03179	498.3518
24.0321	498.3741
24.03403	498.358
24.03823	498.3813
24.03996	498.401
24.04188	498.4041
24.04185	498.4129
24.04388	498.4336
24.04089	498.4196
24.04803	498.4435
24.04887	498.4497
24.04931	498.4652
24.05039	498.4637
24.05272	498.4839
24.0541	498.4922
24.05713	498.4813
24.05924	498.4844
24.05926	498.5113
24.05861	498.5098
24.05214	498.5295
24.07108	498.5357
24.07663	498.5605
24.07585	498.5471
24.07727	498.5704
24.07347	498.5859
24.07612	498.5983
24.07886	498.5916
24.08034	498.5994
24.07908	498.6175
24.08626	498.6305
24.0886	498.6512
24.08765	498.6403
24.08896	498.646
24.09071	498.6642
24.09502	498.6642
24.09719	498.6559
24.09713	498.6771
24.09696	498.6916
24.10072	498.7149
24.10503	498.7253
24.10529	498.7238
24.10828	498.7377
24.10492	498.7579
24.10785	498.7584
24.11031	498.7584
24.11243	498.7667
24.11546	498.7579
24.1173	498.7646
24.11893	498.7957
24.11832	498.8066
24.12059	498.8046
24.12363	498.8092
24.12501	498.8392
24.12601	498.8149
24.12828	498.8455
24.13183	498.8579
24.13279	498.8491
24.1338	498.8672
24.13699	498.8858
24.13917	498.8848
24.14101	498.89
24.14154	498.918
24.14283	498.8993
24.1443	498.9408
24.14645	498.947
24.14996	498.947
24.15053	498.9454
24.15341	498.9335
24.15213	498.9439
24.15628	498.9739
24.15901	498.9781
24.15962	498.992
24.16237	498.9926
24.16191	498.9983
24.16269	499.0268
24.16516	499.0377
24.17141	499.0299
24.1714	499.0454
24.17244	499.0672
24.17193	499.0775
24.17518	499.0656
24.17988	499.1148
24.17756	499.0754
24.17853	499.0827
24.18225	499.0843
24.18695	499.1158
24.18719	499.1091
24.1882	499.1314
24.1906	499.1392
24.19075	499.1443
24.19266	499.1511
24.19519	499.163
24.1968	499.1791
24.19781	499.1977
24.20308	499.205
24.20388	499.2169
24.20395	499.2195
24.20428	499.2226
24.20744	499.2205
24.21278	499.2252
24.21276	499.2475
24.21215	499.2573
24.21562	499.2822
24.2147	499.2822
24.21753	499.2894
24.22	499.2972
24.22056	499.3044
24.22313	499.32
24.22526	499.3438
24.22793	499.3293
24.23101	499.3412
24.22982	499.3474
24.23216	499.3552
24.23388	499.3692
24.23086	499.3687
24.23746	499.392
24.23969	499.3676
24.24002	499.4039
24.24312	499.4106
24.24758	499.4065
24.24849	499.422
24.24964	499.422
24.25281	499.4375
24.25411	499.4567
24.25606	499.4453
24.25786	499.4453
24.25956	499.4904
24.262	499.4987
24.26467	499.4915
24.26468	499.4992
24.26335	499.5292
24.26941	499.5308
24.26686	499.5225
24.27029	499.5469
24.27418	499.5448
24.27516	499.5577
24.27517	499.5437
24.2773	499.5417
24.27775	499.5521
24.27991	499.5805
24.2816	499.6033
24.28106	499.6096
24.28586	499.6308
24.28991	499.6007
24.29264	499.623
24.29535	499.6469
24.29487	499.6432
24.29732	499.6702
24.30095	499.6675
24.30144	499.6764
24.30422	499.6857
24.30574	499.694
24.3063	499.6935
24.30781	499.7266
24.30613	499.7106
24.31369	499.7126
24.29657	499.7396
24.30621	499.7157
24.31507	499.7297
24.31347	499.7769
24.32022	499.7629
24.32789	499.7919
24.32453	499.7712
24.32884	499.7929
24.33305	499.795
24.30648	499.8157
24.32619	499.8131
24.33131	499.8385
24.33276	499.8328
24.336	499.8514
24.33733	499.8717
24.3407	499.8644
24.3446	499.8691
24.34548	499.8758
24.34353	499.8717
24.34607	499.8644
24.34836	499.9033
24.3507	499.9012
24.35262	499.9152
24.35519	499.9203
24.35492	499.9644
24.35804	499.9633
24.36043	499.9701
24.36139	499.9872
24.36456	499.9721
24.3649	499.9815
24.36623	500.0084
24.36743	499.9986
24.37027	500.0069
24.37533	500.0141
24.37752	500.0281
24.37648	500.0359
24.37752	500.0271
24.3765	500.0374
24.37937	500.0545
24.38249	500.0721
24.38729	500.0706
24.38803	500.0763
24.38721	500.0815
24.39106	500.1146
24.39094	500.0965
24.3859	500.1307
24.38912	500.1265
24.39724	500.1281
24.39633	500.1519
24.40141	500.1359
24.40561	500.1581
24.399	500.1695
24.41104	500.1778
24.41522	500.1835
24.4097	500.2099
24.4118	500.2157
24.41104	500.2017
24.41489	500.2421
24.41821	500.2514
24.41489	500.2566
24.42019	500.2348
24.42096	500.2757
24.42317	500.2659
24.42538	500.2742
24.42688	500.2757
24.43057	500.2923
24.43233	500.3058
24.43305	500.2975
24.43614	500.3192
24.4365	500.3249
24.44097	500.3472
24.44322	500.3358
24.44401	500.37
24.44524	500.369
24.44796	500.3653
24.45048	500.3783
24.44962	500.4026
24.45197	500.4021
24.45413	500.4001
24.4559	500.4042
24.45657	500.4177
24.45721	500.4472
24.45939	500.4358
24.45961	500.4306
24.45963	500.4612
24.46127	500.4441
24.46632	500.4798
24.46843	500.4736
24.4674	500.4695
24.46702	500.4891
24.46956	500.5099
24.47142	500.5119
24.47542	500.5332
24.47788	500.5353
24.48278	500.5513
24.48332	500.5415
24.4833	500.543
24.48346	500.5736
24.48717	500.5824
24.48871	500.5819
24.49096	500.5772
24.49584	500.6042
24.49435	500.6073
24.49578	500.614
24.49765	500.6435
24.49903	500.6254
24.50117	500.6409
24.50378	500.6394
24.50693	500.6632
24.50714	500.6725
24.50797	500.6808
24.51259	500.685
24.51296	500.6943
24.51843	500.7145
24.51759	500.7269
24.52005	500.7378
24.5218	500.7305
24.52535	500.7388
24.52548	500.7394
24.52579	500.7528
24.5284	500.7761
24.52808	500.7627
24.52763	500.7663
24.53272	500.7964
24.53444	500.7989
24.53716	500.8357
24.53671	500.8217
24.54024	500.8311
24.54068	500.8513
24.54686	500.8471
24.54458	500.8688
24.54685	500.8901
24.55069	500.8657
24.55315	500.8751
24.55288	500.8994
24.55402	500.8989
24.55683	500.901
24.55642	500.917
24.56034	500.9088
24.56198	500.9243
24.56439	500.9435
24.56651	500.9331
24.56892	500.958
24.5697	500.9849
24.57186	500.9999
24.57131	500.9989
24.57249	501.0103
24.57443	501.0165
24.5783	501.0393
24.57971	501.0305
24.58031	501.031
24.58149	501.0434
24.58284	501.059
24.5865	501.073
24.58742	501.0864
24.59068	501.0823
24.59231	501.0932
24.59634	501.0968
24.59422	501.1077
24.59855	501.1149
24.59923	501.1305
24.60065	501.1299
24.60414	501.1636
24.60546	501.1823
24.60875	501.1838
24.60933	501.1745
24.61222	501.1734
24.61301	501.1559
24.61317	501.189
24.62011	501.1869
24.61944	501.1983
24.62074	501.2139
24.62218	501.2144
24.62411	501.2268
24.62312	501.2222
24.62883	501.2641
24.62983	501.2486
24.62722	501.2532
24.63091	501.2802
24.6361	501.302
24.64347	501.3009
24.63617	501.3128
24.63794	501.3113
24.63955	501.3247
24.63998	501.3362
24.64322	501.3449
24.64664	501.3423
24.6468	501.3522
24.6509	501.3683
24.65333	501.3636
24.65508	501.3688
24.6567	501.377
24.65712	501.39
24.66016	501.3848
24.66018	501.4019
24.66216	501.4335
24.66415	501.4268
24.66781	501.4372
24.6684	501.4496
24.66779	501.4428
24.67178	501.4703
24.67284	501.4749
24.67406	501.4869
24.67753	501.4957
24.6793	501.4915
24.6819	501.5262
24.68361	501.5345
24.68605	501.5511
24.68827	501.533
24.689	501.5604
24.69258	501.5495
24.69293	501.5754
24.69604	501.6003
24.69646	501.6008
24.69916	501.5858
24.70034	501.6195
24.70038	501.6309
24.70336	501.6283
24.70419	501.6433
24.70698	501.6428
24.70781	501.6459
24.70941	501.6604
24.71292	501.6754
24.71521	501.6521
24.71684	501.6656
24.71791	501.6863
24.71958	501.6754
24.72182	501.7055
24.72271	501.706
24.72511	501.7029
24.72625	501.7189
24.72749	501.7474
24.72988	501.7604
24.73297	501.7702
24.73492	501.7682
24.73545	501.7791
24.73712	501.8117
24.74183	501.794
24.74438	501.8106
24.74083	501.8034
24.74357	501.808
24.74717	501.836
24.74764	501.8313
24.74869	501.8433
24.75157	501.8345
24.75616	501.8656
24.7544	501.8656
24.75811	501.877
24.75968	501.9081
24.76024	501.8873
24.76047	501.9178
24.76206	501.9039
24.76778	501.9236
24.76881	501.9345
24.77035	501.9277
24.77007	501.9438
24.77279	501.938
24.7768	501.9536
24.77746	501.9479
24.78087	501.9764
24.78228	501.9821
24.78173	502.0106
24.78354	501.9971
24.78423	502.0116
24.78571	502.022
24.79045	502.0282
24.78732	502.0349
24.79265	502.053
24.79718	502.0608
24.8032	502.0655
24.80729	502.0841
24.79998	502.095
24.79059	502.0852
24.80098	502.0914
24.80459	502.1106
24.80939	502.1271
24.81193	502.1396
24.80619	502.1442
24.80006	502.1406
24.81401	502.1577
24.81758	502.1603
24.81653	502.182
24.81612	502.194
24.81887	502.2038
24.82178	502.2277
24.82673	502.2323
24.82873	502.2349
24.82942	502.239
24.83088	502.2473
24.83335	502.2504
24.83519	502.2577
24.83566	502.2551
24.83868	502.2701
24.84085	502.2908
24.84119	502.2815
24.84524	502.2883
24.85036	502.3157
24.85019	502.3178
24.84979	502.338
24.85277	502.3359
24.85383	502.351
24.85327	502.3691
24.85592	502.3716
24.85747	502.3794
24.85906	502.3893
24.86229	502.4001
24.86754	502.412
24.86935	502.4266
24.86856	502.425
24.86902	502.4198
24.87009	502.4152
24.8703	502.4478
24.87221	502.4452
24.87179	502.4592
24.87522	502.468
24.88	502.4633
24.88215	502.5068
24.8868	502.5095
24.8848	502.5053
24.89057	502.5084
24.89164	502.5245
24.89061	502.5353
24.89463	502.539
24.89774	502.5348
24.89981	502.5623
24.90425	502.5737
24.90285	502.5499
24.90427	502.5592
24.9072	502.5897
24.90656	502.583
24.91002	502.5944
24.91244	502.5903
24.91376	502.625
24.91451	502.6276
24.91603	502.6389
24.9192	502.6198
24.9206	502.6431
24.92059	502.6498
24.92359	502.684
24.92168	502.6799
24.92768	502.6758
24.92886	502.7001
24.9309	502.7125
24.93311	502.6835
24.93235	502.6964
24.93547	502.7099
24.9388	502.7162
24.93997	502.7047
24.939	502.7239
24.93977	502.7426
24.94318	502.757
24.94469	502.7638
24.9459	502.7519
24.94583	502.7793
24.95034	502.7747
24.95515	502.8052
24.9594	502.797
24.95836	502.8037
24.95949	502.8114
24.9616	502.813
24.96156	502.8374
24.96519	502.8234
24.96639	502.8425
24.96791	502.8462
24.97273	502.8788
24.97348	502.8829
24.97524	502.8995
24.97878	502.884
24.9817	502.9109
24.979	502.9109
24.98099	502.9146
24.98388	502.9249
24.9846	502.942
24.98631	502.9581
24.98763	502.9684
24.9931	502.9767
24.99481	502.9772
24.9951	502.9762
24.9957	502.9814
24.99781	502.9855
24.99825	502.9871
25.00226	503.0057
25.00548	503.0093
25.00893	503.0104
25.00801	503.0394
25.01237	503.0513
25.01278	503.0632
25.0123	503.0498
25.01564	503.0694
25.01667	503.0917
25.01825	503.0844
25.0209	503.0927
25.02361	503.1181
25.02506	503.101
25.02606	503.1083
25.02856	503.1047
25.03096	503.1259
25.03153	503.1249
25.03369	503.1383
25.0367	503.1425
25.03789	503.1596
25.04323	503.1668
25.04556	503.1637
25.04275	503.1896
25.04383	503.187
25.04592	503.2228
25.0482	503.231
25.04898	503.2481
25.05034	503.2337
25.05232	503.2476
25.05656	503.2492
25.05845	503.2404
25.05831	503.2559
25.06083	503.2637
25.06175	503.2751
25.06232	503.2979
25.06607	503.3
25.06701	503.3217
25.06957	503.315
25.06919	503.3393
25.07306	503.3518
25.07331	503.3388
25.07494	503.3564
25.07544	503.3502
25.07911	503.3787
25.08154	503.3994
25.0842	503.3901
25.08811	503.3906
25.08659	503.4238
25.08947	503.4227
25.08999	503.4082
25.093	503.4393
25.09373	503.432
25.0979	503.43
25.1	503.4471
25.10172	503.4476
25.10335	503.4564
25.10287	503.4781
25.10524	503.4839
25.10614	503.4802
25.10973	503.5067
25.11258	503.5217
25.11189	503.5118
25.11496	503.5326
25.11688	503.5501
25.11946	503.5605
25.12169	503.5678
25.11941	503.5626
25.12419	503.5724
25.12043	503.5688
25.12387	503.5921
25.12877	503.5828
25.13214	503.5875
25.1308	503.6097
25.13295	503.6289
25.13474	503.6444
25.13911	503.6584
25.14152	503.66
25.14292	503.6735
25.14157	503.6838
25.14796	503.6797
25.14825	503.6988
25.15022	503.7118
25.15347	503.7009
25.15384	503.7056
25.15216	503.733
25.1561	503.7397
25.15721	503.7377
25.15846	503.7698
25.16301	503.7714
25.16328	503.7822
25.1648	503.7978
25.1694	503.7895
25.1692	503.7833
25.17082	503.8128
25.17161	503.8361
25.17111	503.8294
25.17589	503.8491
25.17612	503.8511
25.18237	503.8491
25.1781	503.8558
25.17888	503.8734
25.18369	503.863
25.18671	503.8786
25.18256	503.8791
25.1864	503.8879
25.18967	503.9004
25.19036	503.9268
25.1909	503.8983
25.19217	503.9174
25.19826	503.9278
25.19202	503.9392
25.18893	503.963
25.20517	503.9739
25.20485	503.9946
25.20784	503.9817
25.21226	504.0003
25.21329	503.9858
25.21527	504.0216
25.21949	504.0278
25.21947	504.0267
25.22105	504.0174
25.22037	504.0418
25.22063	504.0247
25.22505	504.0583
25.22728	504.0485
25.22967	504.0604
25.22963	504.0873
25.23307	504.0843
25.23532	504.0931
25.23616	504.1127
25.23972	504.1241
25.24132	504.1174
25.24076	504.1402
25.24164	504.1386
25.24558	504.164
25.24726	504.1578
25.24742	504.178
25.2526	504.1873
25.2543	504.1749
25.25525	504.191
25.25649	504.2023
25.25956	504.2231
25.26061	504.2184
25.26119	504.2179
25.26501	504.2345
25.26256	504.2464
25.26364	504.2645
25.26491	504.2827
25.27359	504.2889
25.2724	504.2987
25.27293	504.293
25.27891	504.292
25.28792	504.3029
25.27953	504.3055
25.2802	504.3277
25.28654	504.322
25.28458	504.3417
25.28231	504.3427
25.28873	504.3443
25.29165	504.3484
25.29482	504.3738
25.29409	504.3904
25.29772	504.3987
25.3006	504.3961
25.30323	504.4106
25.30586	504.437
25.30229	504.423
25.30388	504.4546
25.30593	504.4427
25.30846	504.4614
25.3105	504.4525
25.3126	504.4572
25.31097	504.4634
25.31641	504.4785
25.3172	504.4816
25.3205	504.4878
25.32517	504.5111
25.3287	504.5127
25.32598	504.5256
25.31987	504.5375
25.32335	504.5354
25.33123	504.5329
25.3351	504.5603
25.33566	504.5665
25.33661	504.5836
25.33933	504.5904
25.34282	504.5815
25.3429	504.5753
25.34401	504.594
25.34565	504.6106
25.34472	504.6427
25.34507	504.6448
25.34698	504.6349
25.35113	504.6592
25.35363	504.6505
25.35826	504.6753
25.35837	504.6996
25.36156	504.7022
25.35892	504.6971
25.36291	504.7049
25.36613	504.7224
25.36796	504.7162
25.37012	504.7292
25.36943	504.738
25.37251	504.7369
25.37605	504.7473
25.37745	504.754
25.378	504.7738
25.38275	504.7654
25.38371	504.7825
25.38253	504.7872
25.38595	504.7888
25.38845	504.7934
25.39079	504.8069
25.39118	504.8167
25.38929	504.8369
25.39289	504.8473
25.39488	504.855
25.39741	504.8742
25.40052	504.8613
25.39963	504.8892
25.40344	504.8784
25.40475	504.8882
25.40712	504.8815
25.40792	504.8939
25.40962	504.8996
25.41308	504.9126
25.41696	504.9162
25.41578	504.9348
25.41767	504.9462
25.41992	504.9576
25.42208	504.9514
25.42265	504.9582
25.42701	504.9892
25.4279	504.9939
25.42761	505.0053
25.42912	505.0048
25.43229	505.0079
25.43551	505.0312
25.43837	505.0172
25.43994	505.0359
25.43912	505.0488
25.44088	505.0421
25.44491	505.0421
25.44594	505.0416
25.44792	505.0685
25.44741	505.098
25.44903	505.0918
25.45081	505.1079
25.45489	505.1099
25.45612	505.1074
25.45787	505.1105
25.45895	505.1441
25.46246	505.1245
25.46465	505.1286
25.46814	505.1514
25.47201	505.1757
25.47081	505.1649
25.47155	505.1654
25.47458	505.1721
25.47486	505.1876
25.47815	505.1959
25.47835	505.1913
25.4816	505.2027
25.48396	505.2348
25.48594	505.2167
25.48803	505.2343
25.48765	505.2338
25.48726	505.2658
25.49079	505.2752
25.4927	505.2757
25.49531	505.2648
25.49668	505.2731
25.50023	505.2866
25.50187	505.3177
25.50483	505.3218
25.50532	505.3228
25.50914	505.2985
25.50788	505.3182
25.51075	505.3327
25.51196	505.3513
25.51246	505.327
25.51444	505.3721
25.51704	505.3741
25.51954	505.385
25.52206	505.4171
25.52361	505.3799
25.52136	505.4202
25.52213	505.4063
25.52501	505.4259
25.52869	505.4368
25.53052	505.4534
25.53258	505.4601
25.53385	505.4596
25.53387	505.4653
25.53814	505.4741
25.54047	505.4767
25.54095	505.4643
25.5421	505.4964
25.54358	505.5098
25.54849	505.5109
25.55195	505.5275
25.54889	505.5285
25.55252	505.5601
25.5554	505.5518
25.55706	505.5725
25.55907	505.5854
25.56171	505.5767
25.56252	505.5746
25.56353	505.5803
25.56535	505.6015
25.5689	505.6057
25.57102	505.6083
25.57483	505.6409
25.57561	505.6186
25.57661	505.6539
25.57588	505.6456
25.57863	505.6435
25.58207	505.6797
25.58047	505.6834
25.58302	505.6813
25.58665	505.6979
25.58841	505.7041
25.58974	505.701
25.59146	505.7181
25.59604	505.7181
25.59823	505.7166
25.59793	505.7321
25.60108	505.7326
25.60355	505.7435
25.60653	505.7461
25.60718	505.7559
25.60817	505.7813
25.61072	505.7684
25.61152	505.7787
25.61123	505.8
25.61711	505.8026
25.61705	505.8113
25.61728	505.801
25.61891	505.8466
25.62101	505.8372
25.62546	505.843
25.62722	505.8632
25.62696	505.8621
25.62903	505.8776
25.6297	505.8647
25.63261	505.8776
25.63565	505.8896
25.63478	505.9082
25.63758	505.9139
25.64118	505.9118
25.64267	505.6316
25.64462	505.7181
25.64313	505.7787
25.6451	505.8119
25.64768	505.859
25.64898	505.8839
25.6506	505.9036
25.65386	505.9238
25.65797	505.944
25.65895	505.9486
25.66102	505.9828
25.66155	505.9616
25.6619	506.0103
25.66407	506.0191
25.66522	506.0289
25.66503	506.0527
25.66752	506.0367
25.6717	506.0501
25.67505	506.0828
25.67676	506.1056
25.67861	506.0983
25.68021	506.1289
25.68147	506.1398
25.68286	506.1496
25.68445	506.1465
25.68694	506.1486
25.6901	506.1657
25.69126	506.189
25.691	506.1797
25.69468	506.1678
25.69631	506.162
25.69917	506.2066
25.70012	506.2102
25.70286	506.2097
25.70263	506.2304
25.70707	506.2496
25.70621	506.2418
25.70748	506.2548
25.71107	506.2698
25.71308	506.2807
25.71489	506.3029
25.71452	506.3304
25.71894	506.3164
25.72009	506.3133
25.72233	506.3439
25.72311	506.347
25.72498	506.3402
25.72709	506.3459
25.73213	506.3475
25.73068	506.3796
25.73058	506.376
25.73458	506.3936
25.73661	506.3915
25.73927	506.3957
25.74051	506.3967
25.74241	506.4185
25.74643	506.4174
25.74639	506.4236
25.74734	506.4553
25.7496	506.4553
25.75306	506.4485
25.7526	506.4377
25.7558	506.4604
25.75713	506.4698
25.756	506.4641
25.7629	506.478
25.76357	506.4972
25.76628	506.5174
25.76882	506.5055
25.76896	506.5164
25.76982	506.521
25.77256	506.5459
25.77555	506.5392
25.77679	506.5677
25.77275	506.5909
25.77379	506.579
25.77927	506.592
25.78181	506.579
25.78302	506.5972
25.7846	506.6008
25.78925	506.6029
25.7904	506.6003
25.79099	506.6283
25.79118	506.6262
25.79227	506.6454
25.79544	506.6479
25.79815	506.6552
25.80166	506.6624
25.80188	506.6744
25.79568	506.706
25.80203	506.6992
25.80746	506.7153
25.80719	506.7195
25.80641	506.7251
25.81028	506.7298
25.81484	506.7355
25.8168	506.7402
25.81925	506.75
25.82112	506.7686
25.82307	506.7671
25.82199	506.7702
25.82436	506.7904
25.82842	506.7805
25.83316	506.8148
25.83394	506.8272
25.83646	506.8184
25.83461	506.8401
25.83629	506.851
25.8391	506.8629
25.83828	506.8774
25.84092	506.88
25.84275	506.8645
25.84614	506.878
25.84538	506.8867
25.8518	506.8925
25.85303	506.908
25.8548	506.8987
25.85518	506.9064
25.85789	506.9235
25.86014	506.9375
25.85885	506.9443
25.86387	506.9215
25.85978	506.952
25.86359	506.9562
25.8675	506.9717
25.8702	506.9608
25.87165	506.9727
25.87452	506.9987
25.87805	507.0204
25.87531	507.0189
25.87987	507.0096
25.88301	507.0189
25.8848	507.0168
25.88614	507.0318
25.88445	507.0292
25.88798	507.0468
25.88793	507.0499
25.89103	507.0562
25.89318	507.0753
25.8967	507.0867
25.89779	507.1017
25.90065	507.1043
25.90171	507.0919
25.90262	507.1245
25.90331	507.137
25.90168	507.1618
25.90847	507.1551
25.90889	507.1478
25.91619	507.1484
25.92052	507.1572
25.91802	507.152
25.92179	507.1945
25.92091	507.1644
25.92059	507.1908
25.92335	507.21
25.92491	507.2074
25.92687	507.2188
25.92772	507.2421
25.92917	507.2623
25.93384	507.239
25.93442	507.2675
25.9355	507.2608
25.93788	507.2732
25.93688	507.2763
25.9412	507.3038
25.94384	507.2908
25.94515	507.3178
25.9486	507.3012
25.94999	507.3183
25.95274	507.3131
25.95153	507.3245
25.9517	507.3344
25.9538	507.34
25.95712	507.3592
25.96105	507.3639
25.96037	507.3768
25.96222	507.3856
25.9661	507.4069
25.96717	507.4162
25.96981	507.4271
25.9716	507.4431
25.97459	507.4203
25.97572	507.4431
25.97395	507.4467
25.97949	507.4421
25.98141	507.4519
25.98089	507.4726
25.98171	507.4768
25.9854	507.468
25.9869	507.4975
25.9905	507.4923
25.99149	507.5048
25.99349	507.5307
25.9969	507.569
25.99689	507.569
25.99938	507.5509
26.00236	507.5742
26.00166	507.5799
26.0034	507.5768
26.0086	507.5789
26.01063	507.5871
26.01051	507.5939
26.01131	507.6027
26.01217	507.6048
26.01511	507.6167
26.01723	507.6302
26.01871	507.6462
26.01958	507.6395
26.02135	507.6607
26.02243	507.657
26.02602	507.6664
26.02899	507.7016
26.0304	507.6799
26.03029	507.6985
26.0372	507.7027
26.03543	507.7141
26.03637	507.7104
26.03804	507.7234
26.04078	507.74
26.04496	507.7477
26.04523	507.7451
26.04641	507.742
26.04896	507.7483
26.05112	507.7628
26.0518	507.7674
26.05509	507.7628
26.05588	507.7892
26.058	507.814
26.06036	507.7969
26.06248	507.8228
26.06143	507.8451
26.06241	507.8332
26.06225	507.8373
26.06603	507.8498
26.06984	507.8482
26.07101	507.8508
26.07491	507.8607
26.07608	507.8658
26.0776	507.8607
26.07962	507.8845
26.07718	507.8845
26.08077	507.8964
26.0839	507.9093
26.08657	507.9073
26.08962	507.927
26.09055	507.9394
26.09164	507.9425
26.0913	507.9637
26.09428	507.9467
26.09494	507.9756
26.09748	507.9689
26.10174	507.9778
26.10552	507.9669
26.1047	507.9798
26.10772	507.9995
26.10879	507.999
26.11059	508.0181
26.11344	508.0347
26.11469	508.0191
26.11646	508.0638
26.11815	508.0497
26.11843	508.057
26.11806	508.0679
26.12195	508.0735
26.12414	508.0798
26.12983	508.1062
26.12873	508.114
26.13212	508.1051
26.13363	508.1337
26.13069	508.1279
26.13412	508.1394
26.13823	508.1306
26.14138	508.1347
26.14273	508.157
26.14326	508.1476
26.14506	508.1617
26.14657	508.1819
26.1517	508.1958
26.15391	508.2025
26.15719	508.2212
26.15575	508.2233
26.14957	508.2289
26.1521	508.2445
26.15934	508.2357
26.16088	508.2554
26.16336	508.2787
26.16482	508.2823
26.16404	508.2761
26.16765	508.272
26.16968	508.2896
26.16901	508.2942
26.17574	508.2937
26.17596	508.2932
26.17681	508.3129
26.17849	508.3326
26.18103	508.3471
26.18206	508.3439
26.18466	508.3683
26.19079	508.3921
26.19353	508.3761
26.19237	508.3709
26.19337	508.3844
26.19571	508.4056
26.19483	508.4103
26.19671	508.4196
26.19999	508.4196
26.20183	508.4294
26.20644	508.4408
26.20771	508.4393
26.20677	508.4585
26.20977	508.4517
26.21201	508.475
26.21428	508.4579
26.21619	508.5025
26.21411	508.4916
26.21666	508.5067
26.22083	508.5123
26.22374	508.532
26.22419	508.5346
26.22699	508.5356
26.22621	508.5268
26.22708	508.5579
26.22777	508.545
26.23221	508.5724
26.23599	508.5735
26.23751	508.5724
26.2378	508.5714
26.23967	508.5895
26.24298	508.6035
26.24637	508.5952
26.25017	508.6237
26.25304	508.6356
26.2466	508.6211
26.25138	508.6372
26.25373	508.6496
26.25892	508.6859
26.26133	508.6848
26.25689	508.6714
26.25708	508.7045
26.25863	508.6854
26.26334	508.6947
26.26609	508.7123
26.26915	508.6952
26.27159	508.7045
26.27089	508.7268
26.27057	508.7522
26.27169	508.7496
26.27867	508.776
26.27954	508.7641
26.28012	508.7988
26.28553	508.7931
26.28669	508.8293
26.28723	508.8221
26.28701	508.8174
26.29018	508.8252
26.2916	508.8335
26.29174	508.8345
26.293	508.8563
26.297	508.8485
26.29904	508.8563
26.29941	508.8765
26.30334	508.8729
26.30614	508.9003
26.30785	508.9107
26.30708	508.8998
26.3081	508.9065
26.31218	508.9252
26.3138	508.9319
26.31608	508.9159
26.31693	508.9578
26.3199	508.9599
26.32088	508.9449
26.32394	508.9692
26.32754	508.9734
26.33102	508.9739
26.32962	508.99
26.33158	508.9941
26.33337	509.0029
26.33552	509.0164
26.33539	509.006
26.33701	509.0345
26.3381	509.0413
26.33987	509.0521
26.34221	509.0495
26.34419	509.0822
26.34865	509.0816
26.35194	509.0894
26.3528	509.091
26.35407	509.0915
26.35477	509.0956
26.35966	509.1246
26.36137	509.1407
26.36364	509.1324
26.36258	509.1396
26.36323	509.1614
26.36167	509.1365
26.36639	509.1599
26.37171	509.1464
26.37235	509.1749
26.37422	509.1821
26.37708	509.1899
26.37667	509.1971
26.37893	509.2262
26.38096	509.2262
26.38561	509.2298
26.38519	509.2531
26.38868	509.2339
26.38989	509.2495
26.39154	509.2448
26.39363	509.2806
26.39556	509.2728
26.3975	509.2893
26.39875	509.2956
26.39912	509.2863
26.3993	509.3173
26.4022	509.3018
26.40422	509.323
26.40506	509.3422
26.4073	509.3407
26.41188	509.3588
26.41306	509.3536
26.41283	509.3578
26.41601	509.3681
26.41925	509.3852
26.41782	509.3847
26.42083	509.3889
26.41401	509.3992
26.41997	509.4096
26.42658	509.4183
26.42924	509.423
26.43144	509.4406
26.43379	509.4665
26.43495	509.436
26.43773	509.4282
26.43797	509.4551
26.43915	509.4722
26.43961	509.4914
26.44037	509.5121
26.44365	509.5085
26.44731	509.5116
26.44822	509.5396
26.45049	509.5302
26.45143	509.5214
26.45186	509.5536
26.45347	509.5681
26.4581	509.5266
26.45959	509.5717
26.46056	509.5738
26.46468	509.5613
26.46547	509.5903
26.4654	509.5851
26.47035	509.6095
26.46812	509.6043
26.47272	509.6266
26.47283	509.6318
26.47479	509.625
26.47755	509.6365
26.47911	509.666
26.481	509.6665
26.48299	509.6717
26.4847	509.6841
26.48636	509.6971
26.4919	509.6841
26.4932	509.7002
26.48793	509.6991
26.49099	509.7204
26.4944	509.7111
26.49576	509.723
26.49574	509.7375
26.49245	509.7488
26.50167	509.7634
26.50789	509.7644
26.50803	509.7706
26.50789	509.7908
26.50764	509.7784
26.50957	509.7986
26.51259	509.7872
26.51602	509.8235
26.51925	509.8167
26.51982	509.8255
26.52178	509.8126
26.52241	509.8338
26.52452	509.8229
26.52746	509.8566
26.52969	509.8582
26.53374	509.8623
26.53424	509.8758
26.53892	509.8887
26.53805	509.898
26.53428	509.9095
26.53291	509.9214
26.53583	509.9286
26.54016	509.9255
26.54564	509.9384
26.54718	509.9716
26.54947	509.9493
26.54882	509.9462
26.5508	509.9784
26.54959	509.9716
26.55218	509.9726
26.55616	509.9747
26.55686	510.0095
26.5606	509.9955
26.56137	510.0105
26.56425	510.0286
26.56525	510.04
26.56701	510.0291
26.57277	510.0493
26.57293	510.0669
26.57842	510.0617
26.57998	510.0773
26.57249	510.0825
26.57745	510.0794
26.58062	510.0985
26.58613	510.1229
26.58476	510.112
26.58773	510.1208
26.58694	510.1394
26.59308	510.1451
26.59536	510.1462
26.59345	510.1529
26.6009	510.1508
26.60042	510.1711
26.59922	510.2057
26.6009	510.1917
26.60439	510.212
26.59345	510.2182
26.5983	510.2073
26.61611	510.2228
26.61679	510.2192
26.61097	510.2415
26.61191	510.2477
26.61545	510.2462
26.61698	510.2612
26.61585	510.2622
26.62139	510.2741
26.6253	510.2715
26.62675	510.2907
26.62792	510.2969
26.63002	510.3067
26.63322	510.3327
26.63368	510.3234
26.63402	510.3244
26.63672	510.3389
26.63784	510.3487
26.64045	510.3534
26.64293	510.3596
26.6465	510.3875
26.64923	510.3637
26.64947	510.3752
26.65276	510.385
26.65441	510.3845
26.65684	510.3891
26.65639	510.4046
26.6587	510.4135
26.66235	510.4233
26.66233	510.4435
26.66315	510.4549
26.66307	510.4539
26.66914	510.4689
26.67093	510.4762
26.67076	510.4679
26.67221	510.4974
26.67369	510.5005
26.67526	510.487
26.67878	510.4979
26.67801	510.5021
26.67859	510.5192
26.68149	510.5274
26.68748	510.5352
26.68824	510.542
26.68852	510.5663
26.6896	510.5627
26.69303	510.5596
26.69395	510.5953
26.69755	510.5865
26.69625	510.5963
26.69829	510.6274
26.70075	510.628
26.7042	510.6233
26.706	510.643
26.70763	510.6347
26.70847	510.6482
26.70906	510.6482
26.71516	510.6492
26.7191	510.6471
26.72182	510.6642
26.71883	510.6813
26.71842	510.6829
26.71933	510.6917
26.72493	510.6942
26.72878	510.7176
26.72561	510.729
26.73019	510.7284
26.72341	510.7248
26.73041	510.7538
26.73103	510.7601
26.73527	510.7787
26.73846	510.7714
26.73806	510.7891
26.73603	510.773
26.73867	510.7891
26.7424	510.7911
26.74499	510.8004
26.74485	510.8118
26.74872	510.8123
26.75098	510.8062
26.74994	510.8123
26.75637	510.8584
26.75797	510.845
26.75817	510.8683
26.76248	510.8714
26.76445	510.8797
26.76572	510.8818
26.76599	510.8802
26.76879	510.8813
26.76934	510.9041
26.77078	510.9154
26.7701	510.9082
26.77046	510.9372
26.77382	510.9217
26.78108	510.9424
26.78006	510.9538
26.78096	510.9631
26.7831	510.9668
26.78722	510.9641
26.78705	510.9958
26.79107	510.9932
26.79352	511.0045
26.79443	511.0071
26.7941	511.0175
26.79511	511.0041
26.79842	511.0294
26.80469	511.0325
26.80629	511.0418
26.79927	511.0579
26.80507	511.0434
26.80387	511.0709
26.81428	511.0724
26.81268	511.0745
26.81268	511.0709
26.81562	511.0947
26.81771	511.0973
26.81821	511.1144
26.81989	511.1221
26.82259	511.133
26.82558	511.1444
26.8265	511.1594
26.8316	511.1688
26.83084	511.162
26.83595	511.1807
26.83679	511.1729
26.83709	511.1822
26.83704	511.1615
26.83893	511.1791
26.83887	511.2102
26.84232	511.2138
26.84376	511.233
26.84538	511.2325
26.84736	511.2402
26.84912	511.2646
26.85044	511.2558
26.85442	511.2807
26.85625	511.2916
26.85852	511.2869
26.85925	511.3122
26.86117	511.3164
26.86239	511.318
26.86504	511.3226
26.86606	511.3392
26.86825	511.3459
26.86912	511.3361
26.87105	511.3568
26.87436	511.3464
26.8766	511.3527
26.87691	511.3718
26.88042	511.3874
26.88094	511.3775
26.8803	511.4107
26.88369	511.4117
26.88902	511.4153
26.88733	511.4236
26.88756	511.4288
26.89266	511.4444
26.89344	511.4423
26.89743	511.449
26.89877	511.4438
26.89994	511.4609
26.90151	511.449
26.90368	511.4765
26.90606	511.477
26.90738	511.4879
26.9081	511.4874
26.90993	511.5086
26.9116	511.5045
26.91495	511.5247
26.9184	511.5479
26.91887	511.5469
26.92068	511.5505
26.92288	511.5521
26.92214	511.562
26.92373	511.5713
26.92907	511.5811
26.92909	511.5868
26.92941	511.5764
26.93409	511.5956
26.93361	511.6122
26.93599	511.6039
26.93936	511.6194
26.94149	511.6313
26.94077	511.6298
26.94314	511.6485
26.94616	511.6485
26.94745	511.6738
26.9491	511.6588
26.95031	511.6795
26.95316	511.6686
26.95473	511.6914
26.95709	511.7059
26.95801	511.7054
26.96059	511.7324
26.96233	511.7163
26.96604	511.7298
26.96697	511.7298
26.96802	511.735
26.97014	511.7619
26.97441	511.7536
26.97417	511.7454
26.97356	511.7722
26.97666	511.7873
26.97766	511.8147
26.98004	511.8137
26.9839	511.8059
26.98573	511.8256
26.98874	511.8163
26.98884	511.8215
26.98961	511.8608
26.99071	511.8375
26.9961	511.8552
26.9963	511.8552
26.99715	511.8769
26.998	511.8831
27.00101	511.8852
27.0039	511.8784
27.00292	511.9059
27.00431	511.9121
27.00713	511.8976
27.01026	511.9178
27.01221	511.9261
27.01497	511.9505
27.01941	511.9474
27.02082	511.9551
27.02096	511.9676
27.02279	511.966
27.02707	511.9722
27.02806	511.9841
27.0276	511.9888
27.02932	511.9867
27.03301	511.9831
27.03491	512.0121
27.03766	511.995
27.03755	512.0453
27.03933	512.0256
27.04227	512.0385
27.04306	512.0427
27.04568	512.0541
27.04626	512.0681
27.04726	512.0629
27.04638	512.0836
27.05155	512.1012
27.05117	512.1002
27.05524	512.1043
27.05789	512.1059
27.05976	512.1339
27.06159	512.1318
27.06266	512.1313
27.06377	512.1365
27.06371	512.1473
27.06315	512.1722
27.06773	512.1696
27.06977	512.1794
27.07293	512.1763
27.07481	512.1779
27.07655	512.2017
27.07706	512.2183
27.07872	512.2354
27.08302	512.2302
27.08698	512.2431
27.08954	512.2567
27.08839	512.2437
27.09087	512.2546
27.09284	512.2686
27.09106	512.2737
27.09376	512.2753
27.09697	512.2607
27.09905	512.2975
27.09903	512.2934
27.10184	512.2939
27.105	512.3239
27.11012	512.3224
27.10685	512.3348
27.11005	512.3488
27.11361	512.3638
27.11794	512.3628
27.11849	512.3721
27.11879	512.3768
27.1214	512.3825
27.12567	512.398
27.11681	512.4037
27.12264	512.4017
27.11884	512.4099
27.12076	512.4167
27.13198	512.4323
27.13413	512.4333
27.13636	512.4457
27.13848	512.4535
27.13673	512.4581
27.14149	512.4706
27.14087	512.4861
27.14502	512.4944
27.14524	512.511
27.14559	512.5115
27.14843	512.5162
27.15205	512.525
27.15253	512.5306
27.15506	512.5286
27.15614	512.5498
27.15904	512.5586
27.16094	512.5498
27.16396	512.571
27.16386	512.5742
27.16655	512.5742
27.16746	512.6125
27.16993	512.5856
27.17295	512.6125
27.1741	512.6239
27.17865	512.6177
27.17846	512.6187
27.17902	512.6405
27.17996	512.6467
27.18218	512.6503
27.18691	512.6716
27.1879	512.6462
27.18744	512.6695
27.19095	512.6835
27.19201	512.6685
27.19215	512.6912
27.19183	512.698
27.19693	512.7006
27.20237	512.6923
27.20339	512.7301
27.20499	512.727
27.20676	512.7322
27.20831	512.7316
27.20888	512.7575
27.21175	512.77
27.21158	512.7586
27.21471	512.7757
27.21619	512.7922
27.21857	512.7969
27.22073	512.7969
27.22265	512.7913
27.22384	512.8135
27.22602	512.8151
27.22812	512.8166
27.22593	512.8301
27.23151	512.8368
27.23056	512.8342
27.23413	512.8554
27.23569	512.871
27.23938	512.8762
27.24089	512.8865
27.24183	512.8798
27.24401	512.8892
27.24707	512.8938
27.24678	512.9186
27.24843	512.8948
27.25092	512.929
27.25402	512.8932
27.2545	512.9207
27.2573	512.9393
27.25887	512.9518
27.26016	512.9601
27.26386	512.9684
27.26506	512.9839
27.26617	512.9917
27.2683	513.0067
27.26965	513.0093
27.27116	513.0217
27.27243	513.0446
27.27593	513.0321
27.27531	513.0233
27.27769	513.0492
27.27599	513.0627
27.27613	513.0668
27.28298	513.0746
27.28581	513.0688
27.28798	513.0715
27.28914	513.0917
27.29094	513.1077
27.29323	513.085
27.29422	513.1098
27.297	513.1186
27.29946	513.1295
27.29993	513.1481
27.30056	513.1383
27.30376	513.1663
27.30519	513.1611
27.30496	513.1787
27.30858	513.1854
27.31266	513.1865
27.31654	513.1911
27.31527	513.1973
27.31732	513.1927
27.31839	513.202
27.32287	513.2212
27.3218	513.2098
27.32538	513.1968
27.32803	513.2502
27.32938	513.2564
27.33044	513.26
27.33129	513.257
27.33147	513.2637
27.33387	513.2963
27.33776	513.2818
27.3392	513.288
27.34066	513.3092
27.34378	513.2968
27.34745	513.317
27.3493	513.3284
27.34945	513.302
27.3525	513.3527
27.35363	513.3263
27.35449	513.343
27.35681	513.3538
27.35769	513.3693
27.35971	513.3792
27.36261	513.389
27.3627	513.3922
27.36522	513.3937
27.36741	513.4045
27.36892	513.4279
27.37121	513.4325
27.37335	513.444
27.37441	513.433
27.37709	513.4559
27.37845	513.4517
27.38045	513.4393
27.37904	513.4859
27.38221	513.4667
27.3842	513.473
27.38639	513.4885
27.38963	513.4771
27.39137	513.502
27.39479	513.5056
27.39675	513.5107
27.39621	513.5154
27.39878	513.548
27.40047	513.5646
27.40162	513.5491
27.40372	513.5807
27.40473	513.5657
27.40585	513.5848
27.41127	513.5905
27.41098	513.5921
27.41311	513.6128
27.41269	513.5973
27.41445	513.6216
27.4178	513.6092
27.42074	513.6097
27.42607	513.6252
27.42522	513.6315
27.42315	513.6486
27.42459	513.6569
27.42828	513.674
27.42914	513.6807
27.43262	513.6998
27.43694	513.7024
27.4362	513.6993
27.43681	513.7148
27.43834	513.7263
27.44263	513.7216
27.44564	513.7439
27.44314	513.7288
27.44263	513.7604
27.44817	513.733
27.45265	513.7558
27.45324	513.7584
27.45424	513.7625
27.45822	513.7775
27.46218	513.776
27.46397	513.8035
27.46575	513.8123
27.46899	513.8242
27.46504	513.8325
27.467	513.8309
27.4709	513.8475
27.47424	513.8485
27.47408	513.8692
27.47352	513.8625
27.47725	513.8646
27.47873	513.8947
27.48177	513.8931
27.48274	513.9086
27.48402	513.8904
27.48458	513.8951
27.48999	513.92
27.49058	513.9231
27.4941	513.9537
27.49428	513.9552
27.49887	513.9474
27.50103	513.9786
27.4998	513.9733
27.50617	513.9847
27.50593	513.9951
27.50436	513.9868
27.50714	513.9972
27.51024	514.0158
27.51103	514.0049
27.51478	514.0106
27.51529	514.0045
27.51612	514.036
27.51861	514.0407
27.52256	514.0573
27.52023	514.0671
27.52327	514.0645
27.52466	514.0868
27.52706	514.0909
27.52811	514.0858
27.53069	514.106
27.53323	514.106
27.53537	514.1432
27.53509	514.1231
27.54004	514.1184
27.54176	514.1194
27.54354	514.1453
27.54759	514.15
27.5514	514.1567
27.55202	514.1733
27.55044	514.1599
27.55311	514.1821
27.55254	514.1769
27.55446	514.1997
27.55608	514.2059
27.5596	514.2194
27.56075	514.221
27.56423	514.2344
27.56782	514.2375
27.56855	514.2432
27.57078	514.235
27.57096	514.2634
27.57272	514.2717
27.57344	514.2634
27.57656	514.2811
27.57861	514.2624
27.5811	514.2894
27.58364	514.293
27.58158	514.3044
27.5861	514.2982
27.58512	514.3127
27.59013	514.3308
27.59115	514.3463
27.59567	514.3474
27.59734	514.352
27.60081	514.3681
27.60117	514.3702
27.60111	514.4017
27.6022	514.3997
27.60391	514.3935
27.60492	514.4017
27.60614	514.3878
27.61143	514.4421
27.61114	514.4199
27.61386	514.4116
27.61618	514.437
27.61729	514.4365
27.61631	514.4453
27.62057	514.4464
27.62056	514.4758
27.61912	514.4852
27.62341	514.5272
27.62712	514.4965
27.62927	514.5188
27.63066	514.5183
27.63342	514.511
27.63574	514.4997
27.63717	514.5339
27.63925	514.5333
27.64391	514.552
27.6454	514.5422
27.64499	514.5535
27.64552	514.5909
27.64981	514.5618
27.65205	514.5944
27.6543	514.6059
27.6547	514.6053
27.66019	514.6245
27.66136	514.6017
27.66255	514.61
27.66575	514.6395
27.66519	514.6364
27.6675	514.6514
27.67038	514.6556
27.67138	514.666
27.67325	514.667
27.67588	514.6665
27.67761	514.6893
27.67883	514.6685
27.68023	514.6846
27.68223	514.7064
27.68257	514.7064
27.68629	514.7157
27.68603	514.7193
27.686	514.7281
27.68879	514.7193
27.69018	514.7607
27.69348	514.7597
27.69361	514.7592
27.69838	514.7582
27.69938	514.7499
27.70111	514.7649
27.70055	514.7887
27.70496	514.797
27.70558	514.7918
27.70824	514.8011
27.70995	514.8043
27.71223	514.8157
27.71372	514.8234
27.71637	514.84
27.71937	514.8291
27.7224	514.8711
27.72414	514.8467
27.72437	514.8768
27.72674	514.8897
27.73065	514.8732
27.73212	514.9042
27.7345	514.9022
27.73555	514.8959
27.73726	514.9048
27.7394	514.9265
27.74209	514.9338
27.74425	514.939
27.74622	514.9488
27.74301	514.9441
27.74545	514.9498
27.74578	514.9763
27.7503	514.9794
27.75086	514.9659
27.75211	514.9856
27.75533	514.9902
27.75649	514.9975
27.7582	515.0213
27.75883	515.0219
27.76628	515.0363
27.76655	515.0255
27.76724	515.0405
27.77051	515.0311
27.77122	515.0503
27.7713	515.0514
27.77571	515.054
27.77944	515.0555
27.77864	515.0659
27.77904	515.0695
27.78162	515.1011
27.78464	515.1042
27.78542	515.1083
27.78717	515.1171
27.78711	515.1208
27.78808	515.1171
27.79147	515.1441
27.79452	515.1555
27.79587	515.1632
27.797	515.1948
27.80071	515.1622
27.80306	515.1658
27.80348	515.1705
27.80647	515.1793
27.80819	515.186
27.81003	515.1954
27.81063	515.1923
27.81126	515.2337
27.81582	515.2254
27.81962	515.2487
27.82082	515.2555
27.81978	515.2549
27.8174	515.257
27.82012	515.2648
27.82298	515.2778
27.8268	515.3047
27.82942	515.2985
27.82692	515.3005
27.82952	515.2969
27.83343	515.3244
27.83576	515.3192
27.83825	515.3145
27.84539	515.3275
27.84522	515.3353
27.8439	515.3534
27.84649	515.3627
27.85061	515.3668
27.8528	515.3699
27.85348	515.3668
27.85483	515.4155
27.85495	515.4036
27.85623	515.4036
27.85912	515.4052
27.86241	515.4363
27.86362	515.428
27.86624	515.4321
27.8671	515.4305
27.86693	515.4487
27.87088	515.4559
27.87237	515.457
27.87544	515.4689
27.87646	515.4782
27.87778	515.4709
27.88087	515.4777
27.88167	515.5051
27.88457	515.5036
27.88573	515.516
27.88609	515.5295
27.88868	515.5492
27.89001	515.53
27.89381	515.5455
27.89616	515.5476
27.8969	515.5782
27.89501	515.5704
27.89739	515.5756
27.90298	515.5678
27.90548	515.5886
27.90625	515.5849
27.91031	515.5953
27.91108	515.6046
27.90979	515.6232
27.9118	515.6306
27.91488	515.6403
27.91581	515.6627
27.91752	515.6694
27.92159	515.6766
27.92225	515.6725
27.92277	515.6776
27.92484	515.6911
27.92763	515.6865
27.92846	515.7051
27.92964	515.701
27.93264	515.7015
27.93446	515.7165
27.93556	515.7134
27.94055	515.7393
27.94146	515.7424
27.94331	515.7502
27.94289	515.7818
27.94577	515.7652
27.94772	515.7859
27.95022	515.7989
27.95121	515.8056
27.95163	515.8072
27.95564	515.8087
27.95769	515.8284
27.96012	515.8273
27.95973	515.8206
27.96475	515.8475
27.9659	515.8497
27.9672	515.8398
27.96782	515.8372
27.96811	515.8522
27.9693	515.889
27.97285	515.8724
27.97726	515.9103
27.97898	515.903
27.97952	515.9222
27.98467	515.9237
27.98188	515.9191
27.98641	515.9387
27.98599	515.9454
27.98908	515.9501
27.99356	515.9703
27.99551	515.9589
27.99541	515.9631
27.99582	515.9709
27.99799	515.9703
28.00378	515.976
28.00343	516.0076
28.00438	515.9818
28.0033	516.0424
28.0081	516.0211
28.00882	516.0434
28.01078	515.8248
28.01251	515.8559
28.01567	515.9247
28.0167	515.9517
28.01829	515.9869
28.01997	516.0056
28.02244	516.0232
28.02447	515.9744
28.02635	515.9744
28.02835	515.976
28.0282	515.9724
28.02927	515.9703
28.03378	515.9709
28.03406	515.9719
28.03503	516.1371
28.03674	516.1459
28.03945	516.1765
28.043	516.204
28.0459	516.189
28.04575	516.1962
28.04704	516.204
28.05089	516.2221
28.05164	516.2242
28.05318	516.2418
28.05623	516.2423
28.05458	516.2402
28.05636	516.2516
28.05858	516.2651
28.06164	516.2858
28.06233	516.2884
28.06577	516.2822
28.06777	516.3164
28.06874	516.3086
28.06912	516.3195
28.07638	516.3376
28.0751	516.3464
28.07827	516.3459
28.07832	516.3407
28.08091	516.3671
28.08223	516.3744
28.08385	516.3853
28.08689	516.405
28.08776	516.3738
28.08796	516.3785
28.09271	516.3863
28.09422	516.3992
28.09528	516.407
28.09767	516.4293
28.09962	516.4247
28.10295	516.4547
28.10403	516.4407
28.10598	516.4547
28.10937	516.4666
28.1094	516.4785
28.11081	516.4837
28.11272	516.5044
28.11553	516.5023
28.11491	516.5262
28.11862	516.5215
28.11828	516.5148
28.12	516.5127
28.12215	516.5153
28.12196	516.5283
28.12637	516.5541
28.13231	516.5568
28.13497	516.564
28.13515	516.5666
28.13656	516.5795
28.13883	516.6096
28.13905	516.5707
28.14034	516.6091
28.14265	516.6003
28.14695	516.6376
28.1468	516.621
28.15062	516.6464
28.15127	516.6432
28.15105	516.6547
28.15212	516.6526
28.15594	516.6557
28.15842	516.6764
28.16093	516.6629
28.16135	516.6712
28.16455	516.6847
28.16724	516.679
28.16815	516.6924
28.16887	516.7101
28.17188	516.7126
28.17395	516.7313
28.17495	516.7297
28.17732	516.7542
28.17948	516.7551
28.18062	516.7468
28.18322	516.765
28.18568	516.7759
28.18813	516.7582
28.18886	516.7733
28.19066	516.7733
28.19124	516.7707
28.19309	516.78
28.1989	516.7888
28.19769	516.8199
28.19751	516.8096
28.19836	516.8307
28.20366	516.8447
28.20393	516.8438
28.20489	516.8634
28.20767	516.8805
28.20531	516.8738
28.20889	516.8759
28.21405	516.8882
28.216	516.8976
28.21566	516.8691
28.2206	516.9147
28.22512	516.9028
28.22445	516.9178
28.22537	516.9188
28.23003	516.9106
28.2309	516.9365
28.23304	516.9432
28.23048	516.9608
28.23384	516.9665
28.23686	516.9598
28.23833	516.9738
28.23814	516.9898
28.2399	516.9914
28.2423	517.0095
28.24322	517.0074
28.24635	517.0079
28.24985	517.0142
28.2551	517.0416
28.2518	517.0209
28.25418	517.0256
28.25678	517.0297
28.25986	517.0468
28.26028	517.0639
28.26257	517.0577
28.26163	517.0779
28.26668	517.095
28.26952	517.1172
28.26895	517.0815
28.27035	517.1328
28.27445	517.0976
28.27561	517.1323
28.27771	517.1183
28.27808	517.1468
28.2829	517.152
28.28463	517.1623
28.28588	517.1551
28.28806	517.138
28.28845	517.1618
28.29108	517.1758
28.29306	517.2006
28.29554	517.1975
28.29668	517.2074
28.29803	517.2131
28.29899	517.225
28.30083	517.241
28.30266	517.2333
28.30412	517.2556
28.30601	517.253
28.30666	517.2607
28.31326	517.2515
28.31368	517.2659
28.31535	517.2726
28.31643	517.2913
28.31638	517.3006
28.3203	517.3047
28.32367	517.2924
28.32567	517.2918
28.32544	517.325
28.3265	517.3307
28.3301	517.3115
28.33077	517.3395
28.33239	517.3457
28.33732	517.3462
28.33895	517.3607
28.33917	517.3649
28.34157	517.3737
28.34142	517.3784
28.34305	517.3939
28.34463	517.3799
28.34578	517.3918
28.34982	517.4042
28.35079	517.4156
28.35386	517.4244
28.35699	517.4244
28.35867	517.3964
28.35924	517.4203
28.35931	517.4229
28.36179	517.4441
28.36446	517.4421
28.36613	517.4664
28.3664	517.4799
28.37305	517.4882
28.37124	517.4814
28.37269	517.4768
28.37621	517.5151
28.37728	517.5026
28.38024	517.5219
28.38044	517.5115
28.38435	517.5099
28.3868	517.527
28.38634	517.5172
28.38743	517.511
28.39032	517.541
28.39145	517.541
28.39089	517.558
28.39373	517.57
28.39677	517.5907
28.39898	517.5975
28.40351	517.5638
28.40275	517.5959
28.40352	517.6161
28.40824	517.5995
28.41761	517.6166
28.42762	517.6063
28.42258	517.6094
28.41625	517.6234
28.41858	517.6353
28.41942	517.6498
28.42576	517.6415
28.41192	517.6456
28.41795	517.6653
28.42589	517.6902
28.4269	517.6917
28.43124	517.7042
28.43491	517.7047
28.4315	517.7026
28.43428	517.7383
28.44251	517.7301
28.43994	517.7565
28.43698	517.7352
28.44009	517.7508
28.44415	517.7539
28.449	517.7544
28.44871	517.7725
28.44763	517.7829
28.44677	517.7787
28.45157	517.7964
28.45797	517.8109
28.45728	517.8109
28.46065	517.8176
28.46376	517.8316
28.46598	517.8477
28.46706	517.8518
28.46442	517.8477
28.46612	517.8502
28.46994	517.8766
28.47376	517.8632
28.47506	517.887
28.47385	517.8798
28.47182	517.8741
28.47646	517.887
28.4779	517.8824
28.48476	517.913
28.48541	517.8932
28.48877	517.9191
28.48989	517.9218
28.49242	517.9305
28.49293	517.9368
28.49266	517.9326
28.49472	517.9658
28.49861	517.9575
28.49612	517.9642
28.49989	517.9808
28.50313	517.9907
28.50607	518.0021
28.50807	518.0031
28.50846	517.9958
28.51072	518.0103
28.50971	518.0269
28.51437	518.0134
28.51492	518.017
28.51369	518.0243
28.51513	518.0264
28.51956	518.0445
28.52104	518.0621
28.52436	518.0787
28.52793	518.0662
28.53003	518.0994
28.53467	518.0854
28.53579	518.0854
28.53345	518.1093
28.53421	518.0969
28.53826	518.1005
28.539	518.1383
28.54277	518.1243
28.54489	518.1238
28.54845	518.1373
28.55055	518.129
28.55236	518.1616
28.55097	518.1486
28.55347	518.1512
28.55509	518.1631
28.5564	518.1813
28.56189	518.1818
28.56349	518.1984
28.56542	518.2196
28.56497	518.1948
28.5691	518.2082
28.56814	518.2232
28.57134	518.2211
28.57243	518.2186
28.57295	518.2289
28.5732	518.2486
28.57751	518.2631
28.58184	518.2714
28.58527	518.2652
28.58733	518.2693
28.58836	518.2833
28.58728	518.2973
28.58809	518.3004
28.59331	518.3066
28.59233	518.3377
28.59545	518.3465
28.60046	518.3455
28.59654	518.3538
28.60339	518.3496
28.60628	518.3517
28.59876	518.3683
28.59853	518.3698
28.60744	518.374
28.60616	518.3776
28.60667	518.3911
28.61209	518.3921
28.61548	518.4081
28.61788	518.4232
28.61883	518.4159
28.62153	518.4445
28.61689	518.4517
28.6179	518.4656
28.62145	518.4589
28.62957	518.4641
28.63911	518.4776
28.63237	518.4781
28.62828	518.489
28.63588	518.4947
28.63983	518.4937
28.64262	518.505
28.64286	518.5071
28.64255	518.5408
28.64096	518.5113
28.64488	518.532
28.64823	518.5428
28.65045	518.5522
28.65195	518.5475
28.65283	518.5791
28.65532	518.5657
28.6582	518.6008
28.65832	518.5973
28.66093	518.6014
28.66166	518.605
28.66455	518.6324
28.66738	518.6144
28.66702	518.6309
28.66973	518.6449
28.67088	518.6361
28.67442	518.6376
28.67686	518.6729
28.68043	518.6439
28.68297	518.6486
28.68154	518.6703
28.68421	518.6812
28.68381	518.6895
28.68734	518.7076
28.69096	518.7097
28.69149	518.7133
28.69423	518.7278
28.69349	518.7267
28.69493	518.7376
28.69856	518.7444
28.70088	518.7465
28.7001	518.7422
28.70126	518.7563
28.70357	518.7786
28.70671	518.7687
28.70738	518.7806
28.7093	518.7806
28.71108	518.8091
28.71385	518.8003
28.71691	518.8127
28.71839	518.8184
28.72016	518.8252
28.72088	518.8386
28.72303	518.8371
28.72829	518.8428
28.72771	518.8516
28.72753	518.8386
28.73008	518.8666
28.7331	518.8707
28.73704	518.8655
28.73938	518.8806
28.74069	518.892
28.74178	518.879
28.74621	518.9122
28.74346	518.9132
28.74509	518.9143
28.74837	518.9179
28.75115	518.9371
28.75187	518.9531
28.75578	518.9474
28.76087	518.9619
28.76399	518.9697
28.76169	518.9661
28.75998	518.9785
28.76226	519.0002
28.76335	518.9883
28.76884	518.9987
28.77121	519.0137
28.77451	519.0117
28.77521	519.0184
28.77605	519.0236
28.7767	519.05
28.77832	519.0386
28.77785	519.0391
28.78178	519.0562
28.78526	519.064
28.78727	519.0692
28.78612	519.0868
28.78947	519.0941
28.79516	519.1028
28.79157	519.0961
28.79371	519.1116
28.79152	519.1235
28.80175	519.1168
28.81148	519.1334
28.8051	519.1474
28.80875	519.1443
28.80939	519.1599
28.80817	519.1686
28.81302	519.1722
28.81552	519.1588
28.81387	519.1754
28.81107	519.2028
28.81817	519.1718
28.82158	519.2012
28.82116	519.2158
28.82038	519.2028
28.82294	519.2261
28.82715	519.2256
28.82862	519.2349
28.83028	519.2313
28.83529	519.2484
28.83779	519.2256
28.83906	519.2469
28.83857	519.2697
28.84385	519.2717
28.84305	519.2784
28.84358	519.2878
28.845	519.2955
28.84776	519.2986
28.8505	519.3126
28.85249	519.3209
28.85348	519.3152
28.85535	519.3427
28.85588	519.3525
28.85742	519.3453
28.8605	519.352
28.8645	519.367
28.86531	519.3593
28.86719	519.38
28.8677	519.3738
28.86974	519.3857
28.87314	519.3934
28.87644	519.3882
28.87656	519.4172
28.87362	519.4209
28.87725	519.4209
28.88197	519.453
28.88402	519.4421
28.88556	519.4453
28.8864	519.453
28.88721	519.4742
28.89255	519.481
28.89055	519.4696
28.89289	519.4986
28.89645	519.4867
28.89889	519.4877
28.90431	519.5059
28.90528	519.5121
28.90868	519.5152
28.90744	519.5229
28.91076	519.5173
28.90372	519.5442
28.90408	519.5587
28.91112	519.5546
28.91496	519.5577
28.91516	519.5877
28.9205	519.5955
28.92441	519.5872
28.92341	519.6074
28.92843	519.6002
28.92834	519.6121
28.9158	519.6048
28.91951	519.6214
28.92939	519.611
28.92448	519.6203
28.93417	519.6328
28.94409	519.6525
28.94094	519.6514
28.94295	519.6613
28.94281	519.67
28.94559	519.6613
28.94672	519.6561
28.9482	519.6836
28.9466	519.6779
28.95096	519.697
28.9553	519.7214
28.95704	519.7437
28.95692	519.7178
28.96058	519.7338
28.96081	519.7462
28.96385	519.741
28.96652	519.7421
28.97029	519.7493
28.96914	519.7457
28.96912	519.7581
28.97435	519.7545
28.97625	519.7939
28.97815	519.8053
28.97911	519.7918
28.98148	519.7986
28.98454	519.8074
28.98517	519.8374
28.98715	519.8188
28.99003	519.8291
28.98989	519.8301
28.99353	519.8389
28.99491	519.8566
28.99531	519.8649
28.99627	519.8654
28.99909	519.8638
28.9989	519.884
29.00237	519.8871
29.00573	519.8996
29.00701	519.898
29.00956	519.9276
29.01136	519.9224
29.01102	519.9462
29.01547	519.9203
29.01657	519.9415
29.01583	519.9426
29.01939	519.9395
29.0211	519.9524
29.02397	519.9467
29.02383	519.9711
29.02388	519.983
29.03223	519.9918
29.03401	519.9907
29.03369	519.998
29.03222	519.9923
29.03466	520.0166
29.03841	520.0255
29.03992	520.0172
29.04318	520.0405
29.04315	520.0461
29.04834	520.0503
29.04555	520.0488
29.04723	520.0539
29.04963	520.0788
29.05569	520.0591
29.05402	520.0865
29.05723	520.0798
29.06024	520.0855
29.06338	520.1031
29.06243	520.0886
29.05985	520.1088
29.0622	520.1254
29.06572	520.1202
29.06809	520.1399
29.07054	520.1342
29.07065	520.1611
29.0745	520.1664
29.07644	520.1565
29.07962	520.1596
29.08044	520.1902
29.07992	520.1902
29.08353	520.1964
29.08611	520.1927
29.08623	520.2073
29.08767	520.2078
29.09055	520.2296
29.09156	520.2446
29.09166	520.244
29.09595	520.2409
29.09923	520.2575
29.09922	520.2606
29.1016	520.2508
29.10611	520.2829
29.10604	520.3129
29.10625	520.3062
29.11298	520.2938
29.1111	520.3233
29.11204	520.3171
29.1133	520.3321
29.11722	520.3347
29.11813	520.3554
29.11912	520.3378
29.12235	520.3404
29.12331	520.3611
29.12146	520.3564
29.12464	520.3777
29.12813	520.3643
29.13229	520.3679
29.12981	520.3876
29.13531	520.4
29.14159	520.4098
29.14324	520.4212
29.14297	520.4181
29.14292	520.4207
29.14079	520.4466
29.13691	520.4476
29.14384	520.4653
29.14884	520.4543
29.14724	520.4523
29.15316	520.4792
29.15593	520.4689
29.15611	520.4901
29.16065	520.4927
29.16286	520.4922
29.16434	520.501
29.16634	520.4927
29.16636	520.5264
29.17034	520.5352
29.17123	520.5217
29.17414	520.5574
29.17776	520.5482
29.17834	520.5621
29.18073	520.5704
29.18161	520.5699
29.18398	520.5694
29.18616	520.5974
29.18602	520.5895
29.18863	520.5974
29.19272	520.6186
29.19269	520.6201
29.19432	520.6253
29.19754	520.6279
29.19965	520.6367
29.20073	520.6465
29.20273	520.6626
29.20417	520.6838
29.20479	520.6776
29.20701	520.6838
29.20793	520.6932
29.21063	520.6932
29.21362	520.6963
29.21462	520.7118
29.21705	520.7242
29.2199	520.7263
29.22237	520.7398
29.22458	520.7321
29.22548	520.7336
29.22465	520.7424
29.2248	520.7646
29.2289	520.7621
29.23374	520.7667
29.23545	520.7854
29.2347	520.7771
29.23721	520.7983
29.24379	520.7906
29.24178	520.8232
29.24172	520.7983
29.24159	520.8507
29.24503	520.8439
29.2492	520.8542
29.25039	520.847
29.25369	520.8522
29.25591	520.8765
29.25397	520.8724
29.25507	520.8864
29.25669	520.8797
29.26087	520.8849
29.26529	520.9097
29.26509	520.917
29.26983	520.916
29.27123	520.9393
29.27056	520.9263
29.27255	520.9211
29.27619	520.9496
29.27891	520.9568
29.27941	520.9558
29.28213	520.9512
29.28253	520.9589
29.28466	520.9584
29.28715	520.9957
29.28821	520.9895
29.29018	520.9885
29.29276	521.0123
29.29614	521.0211
29.29705	520.9999
29.29913	521.0298
29.29982	521.0387
29.30198	521.0579
29.3043	521.0604
29.30475	521.0636
29.30465	521.0491
29.30809	521.0931
29.31027	521.0853
29.31292	521.0895
29.31349	521.1128
29.31647	521.0936
29.31775	521.1076
29.31964	521.1237
29.32143	521.0962
29.32199	521.119
29.32636	521.1247
29.32661	521.1382
29.32918	521.1428
29.33113	521.1558
29.33102	521.1599
29.3359	521.1418
29.33695	521.1656
29.33804	521.1718
29.34076	521.1848
29.34319	521.1926
29.34485	521.1931
29.34637	521.2055
29.34909	521.1905
29.35169	521.2241
29.34815	521.2112
29.35179	521.2299
29.35604	521.2272
29.35863	521.2381
29.35593	521.2469
29.36048	521.2661
29.36408	521.2635
29.3657	521.2552
29.36814	521.2682
29.37086	521.2915
29.37341	521.2869
29.3742	521.3205
29.37581	521.2915
29.37415	521.322
29.37442	521.3511
29.37665	521.3246
29.38147	521.3459
29.38367	521.3381
29.38621	521.3562
29.38867	521.3698
29.38787	521.3568
29.39172	521.3562
29.39401	521.3796
29.39598	521.3738
29.39902	521.3925
29.39657	521.3997
29.40205	521.4179
29.40332	521.435
29.40445	521.4288
29.40601	521.4396
29.40856	521.437
29.40908	521.4573
29.41588	521.45
29.41419	521.4547
29.41134	521.4713
29.41559	521.4821
29.42198	521.4873
29.42132	521.4827
29.42568	521.509
29.4252	521.5039
29.42814	521.5122
29.42851	521.5231
29.43232	521.5272
29.43613	521.5339
29.43296	521.5438
29.43593	521.5609
29.43754	521.5568
29.44074	521.5888
29.44242	521.5681
29.44497	521.5707
29.44731	521.5961
29.44887	521.6028
29.44821	521.6054
29.44712	521.6121
29.45241	521.6116
29.45761	521.6147
29.45534	521.6277
29.46034	521.6556
29.45913	521.6505
29.46225	521.6567
29.45958	521.6842
29.47225	521.6951
29.47327	521.6898
29.47193	521.6981
29.47472	521.7069
29.47435	521.7251
29.47495	521.7162
29.48049	521.7106
29.48207	521.7313
29.48247	521.7427
29.4852	521.7349
29.48534	521.7302
29.48249	521.751
29.49269	521.7427
29.49261	521.7706
29.49147	521.7686
29.49302	521.7779
29.49634	521.8064
29.49583	521.7857
29.4977	521.8048
29.502	521.8148
29.50174	521.8033
29.50565	521.8188
29.51019	521.8339
29.5111	521.824
29.513	521.8318
29.51324	521.8551
29.51563	521.8312
29.51736	521.8598
29.51994	521.8474
29.52314	521.8676
29.52473	521.8593
29.52503	521.8738
29.52646	521.8732
29.52977	521.9069
29.52611	521.8929
29.52983	521.895
29.52808	521.9323
29.53389	521.908
29.53958	521.9354
29.53985	521.9546
29.54243	521.939
29.5379	521.9489
29.53945	521.9385
29.54516	521.9546
29.54989	521.9753
29.54751	521.9633
29.55269	521.9706
29.5513	521.9753
29.55393	521.9857
29.56009	521.9908
29.55852	522.0152
29.56144	522.0188
29.56412	522.0354
29.56695	522.054
29.56579	522.0494
29.57304	522.0608
29.5726	522.0721
29.56962	522.0525
29.57295	522.0551
29.57736	522.0779
29.57844	522.0892
29.58103	522.0804
29.58171	522.097
29.58299	522.1136
29.59098	522.1085
29.59292	522.11
29.58884	522.125
29.59023	522.1411
29.59262	522.126
29.59478	522.1566
29.60115	522.1664
29.60368	522.1597
29.60383	522.1691
29.60423	522.1753
29.60569	522.1794
29.60849	522.1778
29.60964	522.1898
29.61347	522.2053
29.61603	522.2126
29.61836	522.2126
29.61924	522.2141
29.62149	522.2255
29.61547	522.2441
29.61992	522.239
29.62464	522.2379
29.62348	522.2648
29.62641	522.2877
29.63059	522.2789
29.6346	522.3151
29.63815	522.3083
29.63497	522.3094
29.6388	522.3234
29.64394	522.3239
29.64458	522.3172
29.64436	522.3462
29.64665	522.3151
29.65493	522.326
29.65287	522.3214
29.65069	522.3488
29.65311	522.3358
29.65765	522.3503
29.6495	522.3441
29.65697	522.369
29.65962	522.3716
29.65993	522.3882
29.65948	522.4
29.66064	522.4166
29.66518	522.4187
29.66639	522.4291
29.66942	522.412
29.674	522.4239
29.67817	522.4426
29.67857	522.4451
29.67859	522.4395
29.67891	522.4591
29.68054	522.4669
29.68358	522.4674
29.68508	522.4954
29.687	522.4808
29.68959	522.4943
29.69044	522.5197
29.69155	522.5187
29.69378	522.5317
29.70107	522.5378
29.70132	522.514
29.70342	522.5523
29.70518	522.5467
29.71315	522.5544
29.71539	522.5513
29.71276	522.5751
29.70877	522.5747
29.71394	522.5762
29.71838	522.5654
29.72016	522.5969
29.72159	522.5938
29.72387	522.6073
29.72161	522.6083
29.71542	522.6114
29.72384	522.6244
29.72761	522.6462
29.73226	522.6425
29.73159	522.6467
29.733	522.6508
29.73648	522.6586
29.73344	522.6761
29.73225	522.6679
29.73835	522.686
29.74172	522.6767
29.74436	522.6782
29.74624	522.6813
29.74686	522.7057
29.75025	522.6948
29.75169	522.7223
29.75257	522.7368
29.75349	522.7208
29.75551	522.7585
29.75849	522.7466
29.75997	522.7663
29.76354	522.7632
29.76437	522.7783
29.76455	522.7938
29.76786	522.7958
29.77099	522.785
29.77334	522.799
29.7717	522.8088
29.7778	522.8171
29.77863	522.8239
29.78045	522.8192
29.78131	522.8367
29.78535	522.8575
29.78464	522.8585
29.78617	522.8513
29.78724	522.8585
29.78955	522.8787
29.79098	522.8813
29.79222	522.8865
29.79474	522.8989
29.79744	522.8969
29.80252	522.9031
29.80212	522.9171
29.80132	522.9321
29.80327	522.9502
29.80744	522.942
29.80853	522.9285
29.80852	522.9399
29.81054	522.9528
29.81188	522.9445
29.81596	522.9476
29.81924	522.9865
29.81981	522.9994
29.82011	522.9803
29.82369	523.0087
29.82525	523.0181
29.82733	523.0289
29.83016	523.0057
29.83016	523.03
29.83117	523.0455
29.83432	523.044
29.83551	523.0569
29.84084	523.0564
29.84315	523.0627
29.84327	523.0549
29.84342	523.0522
29.84659	523.0839
29.84968	523.0807
29.85191	523.0927
29.85295	523.0958
29.8529	523.1133
29.85638	523.1217
29.85762	523.146
29.8599	523.1289
29.86125	523.1497
29.86167	523.1388
29.86728	523.1517
29.86568	523.1455
29.86782	523.1636
29.87097	523.1517
29.87078	523.1895
29.87206	523.1895
29.87435	523.1823
29.87326	523.2155
29.8733	523.1921
29.8788	523.2237
29.88189	523.2196
29.88577	523.2382
29.88662	523.2398
29.88904	523.2268
29.88775	523.2554
29.89011	523.2688
29.89401	523.2652
29.8986	523.2646
29.89904	523.2843
29.90117	523.2656
29.90194	523.2874
29.90139	523.2994
29.90481	523.3185
29.90805	523.3107
29.91025	523.3061
29.91264	523.3284
29.91378	523.3253
29.91612	523.3211
29.91624	523.3293
29.91761	523.3455
29.91945	523.3533
29.92269	523.3698
29.92714	523.3817
29.92651	523.374
29.92936	523.361
29.93051	523.3875
29.93459	523.3926
29.93609	523.4164
29.93697	523.4128
29.93734	523.4024
29.93917	523.3998
29.94245	523.404
29.94464	523.4283
29.94545	523.4144
29.94743	523.2015
29.95066	523.2636
29.95359	523.3149
29.95596	523.334
29.95774	523.36
29.95741	523.3952
29.95947	523.4226
29.96152	523.446
29.96379	523.4651
29.96408	523.4501
29.96609	523.4719
29.96735	523.4973
29.97038	523.4812
29.97225	523.5056
29.9739	523.5205
29.97651	523.5273
29.97776	523.5185
29.97765	523.5216
29.98169	523.5568
29.98349	523.5625
29.98439	523.5708
29.9856	523.5594
29.9904	523.6039
29.99275	523.5993
29.99517	523.5998
29.99676	523.6097
29.99764	523.6128
29.99895	523.6293
30.00175	523.6215
30.00525	523.6376
30.00586	523.6449
30.00784	523.6319
30.00917	523.6449
30.00849	523.6501
30.01037	523.6646
30.01242	523.6827
30.01314	523.6672
30.02156	523.6821
30.02282	523.6941
30.02162	523.7029
30.02385	523.707
30.02456	523.7153
30.02732	523.7236
30.029	523.7309
30.03059	523.7465
30.03266	523.7391
30.03373	523.7381
30.03408	523.7391
30.04044	523.749
30.03934	523.7469
30.04144	523.7645
30.04475	523.7609
30.04504	523.7822
30.04885	523.7889
30.04679	523.8024
30.04797	523.8002
30.0538	523.8153
30.05758	523.8024
30.0573	523.8417
30.05574	523.8267
30.06162	523.8521
30.0675	523.8428
30.06714	523.85
30.06674	523.8459
30.06598	523.85
30.06664	523.8655
30.07338	523.8785
30.07174	523.8666
30.07461	523.8775
30.0784	523.9112
30.07733	523.9225
30.07901	523.9075
30.0822	523.9376
30.08261	523.9324
30.08295	523.9474
30.08947	523.9583
30.0931	523.9749
30.09049	523.9578
30.09801	523.9671
30.09748	523.9769
30.09826	523.9805
30.10197	523.9894
30.10402	523.9836
30.10385	523.979
30.10264	523.9992
30.10647	524.0148
30.10815	524.0091
30.11265	524.0111
30.11333	524.0127
30.11691	524.0582
30.11895	524.051
30.12057	524.0464
30.12134	524.0531
30.12291	524.0811
30.12484	524.0728
30.12579	524.0904
30.12978	524.0997
30.12648	524.0822
30.13108	524.0966
30.13442	524.1002
30.13538	524.0764
30.13843	524.1235
30.13809	524.1137
30.13782	524.1024
30.14472	524.1183
30.14595	524.1365
30.14764	524.1427
30.14898	524.1463
30.14991	524.1552
30.15224	524.1816
30.15661	524.1686
30.15777	524.1785
30.15874	524.1919
30.1598	524.209
30.16028	524.2183
30.16424	524.1888
30.16589	524.2126
30.17048	524.2241
30.17201	524.2277
30.17273	524.2546
30.17423	524.2489
30.17459	524.2505
30.17695	524.2567
30.17786	524.252
30.18174	524.2753
30.18316	524.2769
30.18379	524.2831
30.1854	524.2795
30.18903	524.3074
30.19056	524.2955
30.19068	524.3085
30.19332	524.3442
30.19841	524.3391
30.19633	524.337
30.19787	524.3339
30.19782	524.3442
30.20181	524.3313
30.20383	524.3561
30.20626	524.3603
30.20591	524.365
30.21027	524.3872
30.21299	524.3774
30.21167	524.395
30.21593	524.41
30.21818	524.4225
30.21998	524.4271
30.22355	524.4281
30.22406	524.452
30.22407	524.4297
30.22696	524.4286
30.23188	524.453
30.23129	524.4432
30.23427	524.454
30.23729	524.4509
30.23777	524.4639
30.24102	524.4872
30.2409	524.4722
30.24158	524.4763
30.24322	524.4857
30.24786	524.5188
30.24797	524.5022
30.24854	524.5359
30.25388	524.5431
30.25806	524.5328
30.25692	524.5349
30.25671	524.5732
30.2636	524.5416
30.26284	524.5571
30.26284	524.5598
30.26659	524.5825
30.26741	524.5804
30.26513	524.5908
30.26979	524.6063
30.27577	524.6079
30.27568	524.6027
30.27884	524.6074
30.27904	524.6348
30.28107	524.627
30.28378	524.6478
30.28407	524.6581
30.28452	524.653
30.28531	524.6541
30.28537	524.6597
30.29234	524.6711
30.29424	524.6541
30.29909	524.6789
30.30047	524.6846
30.30083	524.6773
30.30161	524.6882
30.30719	524.7063
30.3035	524.712
30.30492	524.7073
30.30722	524.7136
30.30832	524.7379
30.3095	524.7617
30.31105	524.7405
30.31429	524.7529
30.32038	524.7535
30.31671	524.7809
30.32173	524.7892
30.32511	524.7768
30.32618	524.8022
30.32859	524.7886
30.32761	524.7886
30.33263	524.811
30.33127	524.813
30.32946	524.8079
30.3338	524.8182
30.34196	524.813
30.34493	524.8322
30.33768	524.8488
30.34356	524.8716
30.35807	524.8871
30.35787	524.8928
30.35467	524.884
30.35244	524.8912
30.35429	524.9203
30.35506	524.9192
30.3574	524.9177
30.35811	524.9146
30.36381	524.9244
30.36414	524.9322
30.36195	524.9384
30.35798	524.9514
30.35543	524.941
30.37086	524.9478
30.3753	524.9684
30.37464	524.9819
30.37771	524.9788
30.38013	524.9855
30.38275	524.9933
30.38174	525.0264
30.38399	525.0093
30.38815	525.0135
30.38953	525.0358
30.39187	525.0233
30.39453	525.028
30.39469	525.0374
30.39193	525.0332
30.39615	525.0503
30.40071	525.0652
30.40045	525.0637
30.40341	525.0757
30.40406	525.0632
30.40167	525.0974
30.40958	525.0814
30.41294	525.1202
30.41089	525.1228
30.41239	525.1161
30.41669	525.1436
30.41907	525.1518
30.42729	525.1544
30.43065	525.1523
30.4349	525.1549
30.43382	525.1498
30.43321	525.1508
30.43321	525.1596
30.43379	525.1849
30.43655	525.1824
30.43769	525.1658
30.43953	525.2005
30.44276	525.213
30.4474	525.215
30.44755	525.2186
30.44601	525.2145
30.44749	525.2383
30.44903	525.2493
30.4522	525.2611
30.45309	525.2554
30.45515	525.2404
30.45686	525.2792
30.46104	525.2632
30.46094	525.2601
30.46118	525.3015
30.4605	525.299
30.46327	525.3041
30.46871	525.2855
30.47195	525.3165
30.47178	525.3223
30.47374	525.3207
30.47507	525.3383
30.47992	525.3388
30.4803	525.3616
30.48141	525.359
30.48253	525.3787
30.48537	525.3466
30.48674	525.3782
30.49008	525.3849
30.49396	525.3808
30.49569	525.3973
30.49383	525.4077
30.49785	525.4077
30.49497	525.3963
30.4999	525.402
30.50142	525.416
30.50344	525.43
30.50508	525.4404
30.50508	525.4512
30.50971	525.4595
30.5121	525.474
30.5115	525.4735
30.5126	525.4828
30.51461	525.4911
30.51656	525.4927
30.52102	525.501
30.52233	525.5134
30.52582	525.5315
30.52843	525.5279
30.53082	525.5181
30.5295	525.5274
30.53316	525.5361
30.53516	525.5357
30.53604	525.5408
30.53505	525.5756
30.53768	525.5601
30.54139	525.5632
30.54469	525.5823
30.54756	525.5823
30.54959	525.6108
30.54918	525.5906
30.55071	525.5983
30.5506	525.6169
30.55169	525.6113
30.55572	525.6169
30.5574	525.6216
30.56059	525.6382
30.56515	525.6491
30.56471	525.6589
30.56586	525.6434
30.56905	525.6782
30.57357	525.6657
30.57466	525.6724
30.57406	525.6745
30.57529	525.675
30.57791	525.6771
30.58091	525.7087
30.58048	525.7144
30.57956	525.7393
30.57973	525.733
30.58802	525.7155
30.58873	525.7273
30.59559	525.7548
30.59465	525.747
30.59303	525.732
30.59427	525.7476
30.59681	525.7563
30.60122	525.7703
30.6039	525.7792
30.60431	525.7719
30.60411	525.7941
30.60667	525.8066
30.60992	525.8004
30.61103	525.8174
30.61433	525.8248
30.61394	525.8263
30.61435	525.8408
30.61839	525.8547
30.62347	525.8403
30.62595	525.8475
30.62897	525.8506
30.62826	525.8423
30.62857	525.8621
30.62967	525.8641
30.63313	525.8822
30.63424	525.8931
30.6399	525.8978
30.6412	525.9081
30.64315	525.9153
30.64378	525.9325
30.6443	525.9169
30.64521	525.9444
30.64794	525.9278
30.65049	525.9537
30.65365	525.9542
30.65472	525.9564
30.65548	525.9584
30.65842	525.9667
30.66037	525.9677
30.6635	525.9744
30.66332	525.9905
30.66492	525.9807
30.66479	525.9993
30.6694	525.9828
30.67236	526.0143
30.67347	526.0267
30.67755	526.0449
30.67776	526.035
30.67863	526.0408
30.68218	526.0361
30.68335	526.0505
30.68499	526.0387
30.68535	526.0667
30.68776	526.062
30.68959	526.0884
30.68972	526.076
30.69212	526.0661
30.69355	526.0734
30.69889	526.0739
30.70144	526.0947
30.70165	526.1045
30.70642	526.1112
30.70637	526.121
30.70688	526.1257
30.70945	526.1444
30.71192	526.1381
30.71247	526.1563
30.71693	526.1558
30.7179	526.1547
30.71921	526.1806
30.72083	526.1671
30.72183	526.1739
30.72555	526.1749
30.72835	526.1873
30.72814	526.1853
30.73172	526.1842
30.73377	526.1941
30.7367	526.2112
30.74286	526.1982
30.74082	526.2381
30.74125	526.2438
30.73877	526.2428
30.74351	526.2361
30.74557	526.2521
30.74582	526.2501
30.74961	526.2827
30.75169	526.278
30.75071	526.2723
30.74973	526.2878
30.75476	526.2967
30.75683	526.2925
30.75689	526.3122
30.75872	526.3096
30.76357	526.3065
30.76298	526.3256
30.76692	526.3324
30.76993	526.3749
30.77255	526.3562
30.77541	526.3453
30.77446	526.3698
30.7747	526.3795
30.77896	526.3702
30.77983	526.3853
30.78336	526.3904
30.78641	526.4086
30.78619	526.4064
30.79184	526.4158
30.79263	526.4148
30.79222	526.4402
30.79518	526.4153
30.79657	526.4251
30.79901	526.4464
30.79871	526.4427
30.80267	526.4521
30.80325	526.4697
30.80055	526.4738
30.80107	526.4708
30.8053	526.5028
30.81367	526.509
30.81479	526.509
30.81325	526.5184
30.81716	526.5314
30.82002	526.521
30.82238	526.5189
30.82714	526.5204
30.82661	526.5292
30.8261	526.5308
30.82761	526.5385
30.83015	526.5583
30.83364	526.5277
30.83558	526.5624
30.83627	526.5598
30.84047	526.5811
30.84283	526.5748
30.84334	526.5935
30.84736	526.6053
30.84739	526.6153
30.84509	526.6022
30.84417	526.6246
30.84993	526.6053
30.8527	526.6282
30.85349	526.6427
30.85516	526.6406
30.85698	526.6406
30.85946	526.6582
30.86187	526.6769
30.86425	526.6712
30.86606	526.6748
30.86385	526.6784
30.8685	526.6945
30.87013	526.7142
30.87584	526.6981
30.87621	526.7017
30.87996	526.7209
30.88027	526.7494
30.8809	526.7375
30.88081	526.7359
30.88313	526.7551
30.88662	526.7489
30.88937	526.7681
30.88874	526.7541
30.88861	526.765
30.89483	526.7587
30.89614	526.7727
30.90012	526.7965
30.90349	526.7878
30.90397	526.7852
30.9058	526.7996
30.90667	526.8178
30.90465	526.8453
30.90779	526.8282
30.91157	526.8577
30.90898	526.8478
30.912	526.8789
30.92357	526.8748
30.92242	526.8566
30.92248	526.8551
30.92282	526.8525
30.92439	526.8862
30.92808	526.8862
30.92472	526.8997
30.9253	526.8929
30.92992	526.9048
30.93448	526.9095
30.93681	526.9219
30.93998	526.9276
30.94443	526.9478
30.94499	526.9494
30.94515	526.9566
30.94821	526.9752
30.9472	526.9908
30.95138	526.9742
30.95241	526.9887
30.95025	526.9681
30.95266	526.9789
30.95566	527.01
30.95733	526.9778
30.9603	526.9944
30.96382	527.0126
30.96563	527.0172
30.96638	527.0286
30.96678	527.0343
30.9725	527.0432
30.9704	527.054
30.97396	527.0566
30.97639	527.0706
30.97813	527.097
30.97998	527.0836
30.9842	527.0742
30.9861	527.0815
30.98498	527.0902
30.98584	527.1063
30.98946	527.0986
30.99463	527.0846
30.99465	527.1167
30.99422	527.1042
30.99815	527.1204
30.99656	527.113
30.99549	527.1271
31.0149	527.1535
31.00626	527.1493
31.00485	527.1706
31.00714	527.1737
31.01038	527.1819
31.01209	527.2084
31.01604	527.1949
31.02021	527.1882
31.01273	527.1954
31.02101	527.2136
31.0253	527.2208
31.02501	527.2177
31.02825	527.2156
31.02919	527.2286
31.03294	527.2244
31.03336	527.2415
31.03025	527.2421
31.02722	527.2524
31.03277	527.2794
31.03981	527.2871
31.04366	527.2897
31.04522	527.2985
31.03625	527.3058
31.05006	527.3022
31.05089	527.2881
31.05106	527.3094
31.05195	527.325
31.05661	527.3275
31.05747	527.327
31.05607	527.342
31.05619	527.3503
31.06206	527.3337
31.06335	527.3643
31.06474	527.3539
31.06791	527.3752
31.0731	527.3581
31.07137	527.3529
31.07449	527.3871
31.0757	527.3948
31.07525	527.3933
31.07555	527.4161
31.07909	527.4156
31.07945	527.4161
31.07912	527.4088
31.08475	527.4125
31.08534	527.4321
31.08484	527.4446
31.08577	527.4492
31.08652	527.4456
31.09521	527.4638
31.09584	527.4554
31.09765	527.4643
31.09846	527.4927
31.10192	527.4918
31.10409	527.4855
31.10614	527.4896
31.10732	527.5026
31.10924	527.5404
31.113	527.5269
31.11149	527.5182
31.11054	527.5265
31.11266	527.5331
31.11688	527.5265
31.12227	527.5233
31.12498	527.5668
31.12642	527.5513
31.12642	527.5674
31.12698	527.5643
31.12746	527.5742
31.13135	527.5906
31.13307	527.6047
31.13655	527.6119
31.13695	527.6
31.13819	527.6301
31.142	527.6274
31.14512	527.6248
31.14389	527.643
31.15161	527.6637
31.15018	527.6714
31.15078	527.671
31.15302	527.6622
31.15456	527.6611
31.15878	527.5565
31.16121	527.3083
31.1623	527.4472
31.16173	527.4803
31.16522	527.5198
31.16834	527.5461
31.16954	527.587
31.17144	527.6197
31.17253	527.6451
31.17351	527.6565
31.17435	527.6772
31.17632	527.6839
31.18126	527.6953
31.18021	527.7067
31.18519	527.7295
31.18501	527.7461
31.1875	527.7538
31.19064	527.7621
31.19178	527.7689
31.19609	527.7642
31.19512	527.7927
31.19598	527.7828
31.1973	527.8228
31.20091	527.8046
31.20229	527.829
31.20384	527.8508
31.20498	527.845
31.20509	527.8559
31.20973	527.859
31.21346	527.8668
31.21349	527.8828
31.21281	527.8663
31.2178	527.874
31.22267	527.8834
31.22409	527.8834
31.2217	527.9098
31.224	527.8943
31.22844	527.9124
31.22812	527.9263
31.2305	527.9383
31.23284	527.9202
31.23248	527.9575
31.23408	527.9347
31.23513	527.9559
31.23486	527.9429
31.23306	527.9745
31.24054	527.974
31.24444	527.9595
31.24817	527.9813
31.24957	527.9999
31.25519	527.9937
31.25508	527.9968
31.25806	527.9968
31.25778	528.0155
31.26011	528.032
31.26402	528.0206
31.26391	528.0346
31.26369	528.0507
31.26391	528.0424
31.26522	528.0584
31.27047	528.0699
31.27316	528.0677
31.2771	528.0631
31.27941	528.0755
31.27973	528.0947
31.28097	528.0807
31.28198	528.1185
31.28291	528.1093
31.28708	528.1061
31.28951	528.1237
31.28949	528.1154
31.29088	528.1331
31.29378	528.1066
31.29432	528.1377
31.29714	528.1454
31.29851	528.145
31.30029	528.1662
31.298	528.1605
31.30024	528.1797
31.30598	528.174
31.30682	528.1874
31.3076	528.1791
31.31117	528.1911
31.31606	528.2118
31.31772	528.1854
31.31946	528.2216
31.32167	528.2076
31.31803	528.2185
31.32063	528.2097
31.32608	528.2253
31.32596	528.2476
31.32813	528.2573
31.33074	528.2532
31.3325	528.2766
31.33746	528.2678
31.33546	528.2875
31.3392	528.2957
31.33977	528.304
31.34062	528.3046
31.34449	528.3071
31.34867	528.3066
31.34794	528.347
31.34888	528.3221
31.34829	528.3289
31.35404	528.3403
31.35809	528.3299
31.35651	528.361
31.35758	528.3537
31.35993	528.3636
31.36269	528.3781
31.36593	528.3812
31.36547	528.3885
31.36771	528.3693
31.37075	528.3998
31.37383	528.4107
31.37618	528.4025
31.37849	528.4345
31.3819	528.4268
31.38498	528.418
31.38443	528.4185
31.38417	528.446
31.38548	528.4454
31.38618	528.4568
31.38942	528.4646
31.39059	528.4656
31.39111	528.4713
31.39346	528.489
31.39763	528.4998
31.40005	528.5035
31.3994	528.5065
31.40051	528.5004
31.40301	528.5107
31.40835	528.5335
31.40697	528.5335
31.40783	528.5424
31.41314	528.5397
31.4158	528.5361
31.41679	528.549
31.41882	528.563
31.42108	528.5703
31.42212	528.5583
31.42524	528.5786
31.42891	528.5532
31.43033	528.5946
31.42976	528.5879
31.43596	528.5822
31.43266	528.593
31.43246	528.6163
31.4365	528.6387
31.44001	528.6154
31.43909	528.6418
31.43994	528.6163
31.4425	528.6428
31.44858	528.6314
31.44811	528.6485
31.44793	528.6578
31.45398	528.6713
31.45786	528.6873
31.45779	528.6863
31.45894	528.6749
31.46254	528.6848
31.46614	528.7008
31.46861	528.6998
31.46764	528.707
31.47079	528.7257
31.4685	528.72
31.47074	528.7215
31.47059	528.7402
31.4746	528.7593
31.47374	528.7568
31.47814	528.7609
31.47978	528.7552
31.48109	528.7443
31.48331	528.7925
31.48567	528.7755
31.4859	528.7791
31.49088	528.7997
31.4917	528.8054
31.49164	528.7852
31.49196	528.835
31.49378	528.8552
31.49738	528.8329
31.49826	528.8489
31.50126	528.8459
31.50519	528.8479
31.50766	528.8428
31.50898	528.8588
31.50881	528.8821
31.5103	528.8795
31.51361	528.8832
31.51514	528.8697
31.5227	528.8832
31.51619	528.8972
31.52177	528.9054
31.53578	528.9101
31.52816	528.9091
31.52789	528.9313
31.53	528.9432
31.53056	528.9495
31.53141	528.9531
31.53469	528.9811
31.53721	528.979
31.53802	528.9924
31.53957	528.9728
31.54402	528.9655
31.54642	529.0065
31.54717	529.009
31.54888	529.0308
31.54897	529.0049
31.54817	529.024
31.55581	529.053
31.55731	529.037
31.55609	529.0355
31.55929	529.0401
31.56104	529.0567
31.56421	529.0723
31.56498	529.0748
31.56603	529.0712
31.56373	529.0857
31.56596	529.0971
31.57129	529.1033
31.57482	529.0992
31.57414	529.1163
31.57753	529.1225
31.57867	529.1225
31.57963	529.1147
31.58154	529.1271
31.58446	529.1302
31.58838	529.1396
31.58714	529.1453
31.58977	529.1463
31.59092	529.1634
31.59401	529.1789
31.59624	529.1945
31.59746	529.192
31.59806	529.1966
31.60262	529.2142
31.60675	529.21
31.60971	529.2266
31.61109	529.2064
31.61371	529.1987
31.61179	529.2204
31.61302	529.2214
31.6167	529.2152
31.61896	529.2488
31.62268	529.2572
31.62342	529.2748
31.62558	529.2598
31.62522	529.2945
31.62569	529.295
31.62934	529.3178
31.63231	529.3022
31.63353	529.3224
31.6327	529.2991
31.63608	529.3038
31.63639	529.3141
31.63686	529.3312
31.64289	529.3261
31.64434	529.3427
31.64872	529.3665
31.64845	529.3577
31.64927	529.3447
31.65204	529.3618
31.65222	529.3685
31.65392	529.3649
31.65501	529.4022
31.65883	529.3878
31.65845	529.412
31.66286	529.4173
31.66551	529.4328
31.66815	529.4147
31.66997	529.4167
31.67211	529.4385
31.6722	529.4437
31.67449	529.4375
31.67714	529.4375
31.67885	529.4633
31.67814	529.4504
31.68179	529.452
31.68287	529.4701
31.68432	529.4841
31.68621	529.4804
31.68769	529.4763
31.69147	529.5084
31.69442	529.5059
31.69839	529.5219
31.70021	529.525
31.70073	529.5131
31.70091	529.553
31.70322	529.5441
31.70569	529.5483
31.70991	529.5665
31.71403	529.5432
31.71126	529.5634
31.71043	529.5571
31.71106	529.5612
31.71346	529.5747
31.71493	529.5706
31.72079	529.5753
31.72525	529.5975
31.72428	529.5991
31.72538	529.6125
31.72683	529.6084
31.72923	529.6053
31.72897	529.6276
31.73146	529.6327
31.73346	529.64
31.73449	529.64
31.73617	529.6395
31.73817	529.6591
31.74134	529.6498
31.73887	529.6576
31.74055	529.6591
31.74233	529.6736
31.74964	529.6799
31.75222	529.6882
31.76092	529.6747
31.75734	529.7156
31.75943	529.7042
31.76487	529.711
31.76363	529.7286
31.76378	529.712
31.76649	529.7312
31.7659	529.7384
31.76905	529.7452
31.77264	529.7399
31.7732	529.7452
31.77581	529.7675
31.77737	529.7581
31.77944	529.7788
31.78049	529.7581
31.78399	529.7814
31.78609	529.7964
31.78646	529.7969
31.78767	529.8021
31.79097	529.8145
31.79196	529.8145
31.79547	529.8436
31.79747	529.8332
31.79608	529.8409
31.79783	529.8596
31.80292	529.8658
31.80541	529.8654
31.80561	529.8602
31.80764	529.8571
31.81421	529.8829
31.81067	529.8819
31.81396	529.8695
31.81516	529.8674
31.81669	529.9208
31.81903	529.9042
31.82108	529.9192
31.82065	529.9316
31.82254	529.9379
31.82519	529.9477
31.82883	529.9487
31.8311	529.9529
31.8347	529.956
31.83724	529.956
31.83732	529.9627
31.83647	529.9637
31.83741	529.972
31.84216	529.9606
31.84156	529.9892
31.84451	529.9845
31.8475	529.9814
31.85159	529.985
31.85244	530.0234
31.85233	530.0192
31.85853	530.013
31.85931	530.029
31.85755	530.0472
31.85859	530.0523
31.86253	530.0498
31.86426	530.056
31.86618	530.042
31.86901	530.07
31.86927	530.0782
31.87057	530.0694
31.87364	530.0855
31.87659	530.0756
31.87732	530.0829
31.87622	530.0891
31.88296	530.1052
31.8853	530.1264
31.88632	530.1145
31.88676	530.116
31.88946	530.1197
31.89344	530.1539
31.89538	530.1415
31.89724	530.1611
31.89643	530.1549
31.90018	530.1611
31.90075	530.1637
31.90495	530.1725
31.90633	530.173
31.90579	530.173
31.90863	530.1881
31.9093	530.1653
31.91105	530.1793
31.91484	530.1761
31.91669	530.2072
31.9189	530.2
31.92218	530.2114
31.92318	530.2249
31.92249	530.2181
31.92483	530.2461
31.92774	530.2197
31.9302	530.2399
31.93135	530.2611
31.93322	530.2424
31.93503	530.2668
31.9384	530.272
31.94028	530.2694
31.9398	530.2751
31.94354	530.2745
31.94638	530.2745
31.94636	530.2767
31.94681	530.3036
31.95207	530.3057
31.95284	530.3207
31.9521	530.3233
31.95651	530.3145
31.96091	530.3248
31.96106	530.3351
31.96359	530.3367
31.96523	530.3591
31.96398	530.3575
31.96678	530.3538
31.96945	530.3502
31.97137	530.3559
31.9705	530.36
31.97415	530.3683
31.9764	530.3668
31.97951	530.3896
31.98161	530.3922
31.98388	530.3896
31.98493	530.4135
31.98828	530.3922
31.9912	530.4181
31.99095	530.444
31.99294	530.4336
31.99462	530.46
31.99672	530.4523
31.99878	530.4574
32.00006	530.4554
32.00304	530.4797
32.00494	530.4621
32.00402	530.4548
32.0072	530.4709
32.00868	530.4688
32.01221	530.4937
32.01279	530.4828
32.01608	530.4792
32.01638	530.516
32.01849	530.5274
32.02068	530.5388
32.02306	530.5419
32.0279	530.5429
32.02768	530.5574
32.03094	530.5403
32.03276	530.5439
32.03836	530.56
32.03717	530.5662
32.03824	530.5683
32.03547	530.576
32.0417	530.5797
32.04033	530.5854
32.04274	530.5958
32.0461	530.6248
32.04416	530.59
32.04778	530.6118
32.04985	530.6273
32.05426	530.6584
32.05931	530.646
32.06227	530.66
32.0602	530.6693
32.05947	530.674
32.06307	530.6652
32.06749	530.6652
32.06722	530.6497
32.07003	530.6833
32.07132	530.689
32.07324	530.6874
32.0779	530.6994
32.07894	530.6999
32.08194	530.7149
32.08036	530.7087
32.08007	530.7165
32.08315	530.7237
32.08756	530.7392
32.08696	530.7444
32.08814	530.7424
32.09081	530.7579
32.08977	530.7729
32.09605	530.7636
32.09853	530.7911
32.0991	530.7817
32.10133	530.7864
32.10551	530.8051
32.10765	530.788
32.10696	530.8035
32.1088	530.7926
32.11361	530.7952
32.1144	530.818
32.11525	530.8216
32.11789	530.8309
32.11993	530.8257
32.11986	530.8433
32.12397	530.8589
32.12376	530.8776
32.12744	530.8879
32.13084	530.8786
32.13136	530.875
32.13096	530.8921
32.13363	530.8983
32.13802	530.8962
32.13878	530.9034
32.14016	530.904
32.14491	530.9304
32.14595	530.933
32.14724	530.9268
32.14863	530.9402
32.1488	530.9397
32.14992	530.9542
32.15133	530.9703
32.15543	530.948
32.1596	530.9785
32.15756	530.9853
32.16219	530.9775
32.16697	531.0154
32.16737	530.9962
32.16847	531.0133
32.16701	531.0045
32.17059	531.0143
32.17442	531.0304
32.1755	531.0366
32.17797	531.0065
32.18097	531.0444
32.18135	531.0402
32.18399	531.0588
32.18344	531.0453
32.18275	531.0671
32.18861	531.063
32.19067	531.0853
32.19369	531.0869
32.19296	531.1117
32.19701	531.1273
32.20083	531.1169
32.20068	531.134
32.19978	531.123
32.20077	531.119
32.20496	531.1169
32.2067	531.1298
32.20718	531.1097
32.21161	531.1324
32.21088	531.1459
32.21354	531.1257
32.21749	531.1532
32.21914	531.1774
32.2193	531.1992
32.21895	531.1806
32.22345	531.1956
32.22486	531.2045
32.22781	531.2091
32.23072	531.2173
32.23146	531.2225
32.23429	531.2396
32.23553	531.2153
32.23618	531.2225
32.23833	531.2454
32.23906	531.2355
32.24363	531.2474
32.24532	531.2458
32.2474	531.25
32.24965	531.2604
32.25209	531.2671
32.25113	531.2946
32.25677	531.2951
32.25826	531.3002
32.26021	531.2941
32.26154	531.321
32.26357	531.3246
32.2629	531.3116
32.26468	531.3293
32.26771	531.3397
32.26751	531.3308
32.26929	531.336
32.26999	531.3401
32.27262	531.3645
32.27563	531.3505
32.27949	531.3469
32.28386	531.3961
32.28595	531.3712
32.2886	531.3873
32.28887	531.4152
32.29277	531.395
32.2886	531.4391
32.29201	531.4267
32.29305	531.4525
32.29488	531.4189
32.29603	531.4422
32.30072	531.4422
32.30459	531.4474
32.30547	531.4567
32.30927	531.4531
32.30845	531.4629
32.31009	531.4758
32.30899	531.4587
32.31155	531.4863
32.31469	531.494
32.31678	531.5013
32.3191	531.493
32.31891	531.5184
32.32239	531.523
32.32272	531.5323
32.32795	531.5344
32.32861	531.5515
32.33093	531.5474
32.33364	531.5557
32.33442	531.5613
32.33524	531.5728
32.33721	531.5748
32.33822	531.5898
32.34555	531.579
32.34613	531.5914
32.34748	531.5909
32.35046	531.5945
32.35025	531.6007
32.35148	531.6121
32.35349	531.6499
32.35757	531.639
32.35099	531.6219
32.3554	531.6416
32.36032	531.6489
32.36481	531.6588
32.36517	531.6785
32.36826	531.666
32.37104	531.6644
32.367	531.7038
32.37188	531.6872
32.37236	531.6956
32.37555	531.6909
32.37161	531.6945
32.38411	531.7023
32.38763	531.7297
32.36953	531.7043
32.39594	531.7261
32.39432	531.7209
32.3925	531.7623
32.39413	531.754
32.39236	531.7504
32.39393	531.7831
32.39643	531.754
32.39943	531.7758
32.40215	531.7846
32.40408	531.7882
32.40643	531.7846
32.40788	531.7928
32.41041	531.7919
32.41175	531.7955
32.41581	531.8126
32.41817	531.8121
32.41771	531.8095
32.42112	531.8452
32.42365	531.8473
32.42463	531.8519
32.42476	531.8359
32.42722	531.8395
32.4275	531.8743
32.42904	531.8675
32.43351	531.8675
32.4341	531.8774
32.43335	531.8975
32.43838	531.9069
32.43965	531.9001
32.44318	531.8975
32.44436	531.9063
32.443	531.9245
32.44475	531.9405
32.44921	531.9462
32.4537	531.952
32.4566	531.9514
32.45682	531.9498
32.45724	531.97
32.45996	531.9659
32.46158	531.9742
32.46333	531.9789
32.46344	531.9799
32.46693	531.9871
32.47227	531.996
32.4731	532.0058
32.47448	532.0022
32.47079	531.9924
32.473	532.0172
32.47908	531.9866
32.48433	532.0229
32.48614	532.0219
32.4865	532.0275
32.48891	532.0524
32.49289	532.0535
32.49217	532.0571
32.49437	532.0654
32.49561	532.0835
32.49537	532.0716
32.50084	532.069
32.50304	532.1027
32.50304	532.1058
32.50599	532.0939
32.50613	532.1063
32.5091	532.0975
32.51021	532.1115
32.51187	532.1125
32.51308	532.1177
32.5156	532.1301
32.51775	532.1534
32.52153	532.1622
32.52285	532.1633
32.52471	532.1503
32.52439	532.1721
32.52734	532.1736
32.5288	532.1898
32.53244	532.1954
32.53452	532.1918
32.53856	532.1845
32.53791	532.212
32.54004	532.2187
32.54101	532.2037
32.54319	532.2171
32.54315	532.2332
32.54495	532.2302
32.54587	532.2379
32.55239	532.2358
32.55404	532.2576
32.55548	532.2498
32.55593	532.2566
32.55737	532.2607
32.55937	532.27
32.56032	532.2923
32.56422	532.2892
32.56535	532.2917
32.56816	532.269
32.5695	532.314
32.56883	532.3073
32.57056	532.3083
32.57537	532.3068
32.57817	532.3342
32.5832	532.3161
32.5822	532.3192
32.58368	532.343
32.58456	532.3374
32.58321	532.3363
32.58586	532.3581
32.58878	532.3694
32.59255	532.3731
32.59566	532.3752
32.59752	532.3912
32.59971	532.3938
32.60144	532.4042
32.60448	532.4197
32.60778	532.414
32.60991	532.399
32.6092	532.4094
32.60971	532.415
32.61226	532.4291
32.61533	532.4186
32.61433	532.4549
32.61604	532.4415
32.61868	532.4498
32.6227	532.4767
32.62357	532.458
32.62415	532.486
32.62553	532.486
32.62934	532.4897
32.62898	532.5073
32.63131	532.4839
32.63223	532.4783
32.6342	532.5275
32.63902	532.5114
32.63882	532.5186
32.64156	532.5161
32.64405	532.5306
32.64863	532.5466
32.647	532.5316
32.64823	532.5446
32.65294	532.5648
32.65284	532.5632
32.65544	532.5777
32.65499	532.5705
32.65655	532.5818
32.66093	532.5989
32.66242	532.5912
32.66468	532.5989
32.66858	532.6078
32.67089	532.6005
32.67064	532.6036
32.67596	532.6285
32.67897	532.629
32.67816	532.6336
32.6787	532.6378
32.67903	532.6367
32.68195	532.6559
32.68415	532.6399
32.68613	532.6663
32.68734	532.6674
32.6883	532.6777
32.69027	532.7036
32.69711	532.6912
32.69663	532.701
32.69916	532.6932
32.70105	532.7197
32.70023	532.7233
32.70541	532.7285
32.70627	532.7222
32.70821	532.7124
32.70901	532.7404
32.71098	532.744
32.71466	532.7466
32.71316	532.7543
32.71226	532.7617
32.71664	532.7823
32.72109	532.7751
32.72213	532.7828
32.72618	532.8145
32.72552	532.8057
32.72707	532.799
32.72998	532.8315
32.73368	532.8269
32.73228	532.829
32.73606	532.8258
32.73868	532.8331
32.73727	532.8398
32.73837	532.8315
32.74042	532.8538
32.7463	532.8564
32.74785	532.8564
32.7507	532.8589
32.75351	532.8818
32.75574	532.8745
32.7543	532.8875
32.75458	532.9031
32.75714	532.918
32.76025	532.9171
32.76511	532.9087
32.76467	532.9238
32.76759	532.918
32.76877	532.9243
32.77285	532.9222
32.7748	532.9528
32.77579	532.9595
32.78024	532.9688
32.7802	532.946
32.77911	532.9496
32.78164	532.9502
32.78195	532.9844
32.78674	532.9926
32.79121	532.974
32.79379	532.9937
32.79544	532.9973
32.79324	533.0035
32.7961	533.0118
32.7979	533.0305
32.799	533.0206
32.80182	533.0439
32.80055	533.017
32.80371	533.0414
32.80632	533.033
32.81122	533.0481
32.8122	533.0392
32.81174	533.0683
32.81676	533.0616
32.81738	533.0983
32.82123	533.0776
32.8245	533.0994
32.82397	533.103
32.82387	533.1066
32.82656	533.1082
32.8263	533.1176
32.82846	533.1191
32.8347	533.1398
32.83443	533.1652
32.83714	533.132
32.83756	533.1371
32.8387	533.1263
32.84089	533.1533
32.84228	533.1667
32.84616	533.1677
32.84674	533.1662
32.84865	533.1895
32.85363	533.2009
32.85229	533.1984
32.85197	533.1931
32.85548	533.2278
32.86073	533.2289
32.86387	533.2273
32.8639	533.2201
32.86484	533.248
32.86767	533.2418
32.8698	533.2356
32.86884	533.2584
32.87681	533.2563
32.87431	533.2574
32.86352	533.2512
32.86464	533.2692
32.88214	533.2859
32.88476	533.2714
32.88762	533.2889
32.88786	533.2978
32.88534	533.3185
32.88756	533.3159
32.89094	533.3102
32.89286	533.3278
32.89553	533.3372
32.89531	533.3506
32.89488	533.35
32.90297	533.3578
32.90557	533.3527
32.9039	533.3563
32.90548	533.3532
32.91004	533.3506
32.9113	533.3496
32.91286	533.3687
32.9164	533.3832
32.9157	533.3781
32.91671	533.3998
32.91839	533.3884
32.92181	533.404
32.92514	533.4237
32.92776	533.4355
32.92684	533.4174
32.92994	533.4392
32.9331	533.434
32.93317	533.4418
32.93422	533.4366
32.9389	533.4526
32.94009	533.477
32.94241	533.4526
32.94509	533.4791
32.94698	533.4688
32.94919	533.4946
32.94871	533.4921
32.95247	533.4905
32.95339	533.5029
32.95561	533.5216
32.95795	533.5184
32.95864	533.5154
32.96201	533.535
32.96308	533.533
32.96584	533.5303
32.9667	533.535
32.97157	533.5438
32.97441	533.5496
32.97294	533.5578
32.97473	533.5692
32.97569	533.5599
32.97935	533.5609
32.98093	533.5734
32.98334	533.5723
32.98236	533.5847
32.98568	533.6138
32.98917	533.6257
32.99016	533.6293
32.99269	533.6277
32.99431	533.6495
32.99677	533.6537
32.9978	533.6355
32.99928	533.6542
33.0019	533.6599
33.00442	533.6391
33.00873	533.6552
33.0064	533.6593
33.00832	533.6729
33.0114	533.6759
33.0145	533.6821
33.01477	533.6718
33.01742	533.678
33.01905	533.678
33.01917	533.705
33.02406	533.7189
33.02529	533.7448
33.02824	533.7256
33.02992	533.7314
33.03094	533.7355
33.03085	533.7443
33.03518	533.7474
33.03851	533.7557
33.03861	533.7463
33.03991	533.7692
33.04215	533.7754
33.0459	533.7899
33.04729	533.7754
33.04852	533.7863
33.04996	533.7914
33.05362	533.8096
33.05478	533.8194
33.05481	533.8215
33.05737	533.8262
33.06082	533.8489
33.06203	533.8572
33.0656	533.8489
33.06764	533.8577
33.06809	533.8536
33.06905	533.8448
33.06972	533.8614
33.0709	533.8666
33.07304	533.8697
33.07671	533.8986
33.07988	533.8868
33.08231	533.8857
33.08617	533.8935
33.08661	533.895
33.08628	533.9359
33.08833	533.9225
33.09101	533.9448
33.09158	533.9324
33.09315	533.9459
33.0975	533.9639
33.09764	533.9666
33.09877	533.9603
33.10116	533.965
33.10663	533.9608
33.10773	533.9779
33.10976	533.9748
33.10972	533.9847
33.11081	533.967
33.11339	533.9945
33.11595	533.9929
33.11802	534.0018
33.12155	534.0111
33.12218	534.0308
33.12362	534.0173
33.12646	534.037
33.12828	534.0323
33.12921	534.0422
33.13297	534.0649
33.13445	534.0422
33.13708	534.0526
33.13655	534.0676
33.13853	534.0804
33.13884	534.066
33.14189	534.0934
33.14507	534.0873
33.14705	534.1053
33.14851	534.0888
33.15394	534.0934
33.1542	534.1168
33.15576	534.1137
33.15676	534.1246
33.1611	534.1261
33.15917	534.1271
33.16172	534.1499
33.16371	534.1525
33.16663	534.151
33.17081	534.1686
33.1714	534.1628
33.16887	534.1649
33.17448	534.1717
33.17568	534.1628
33.17781	534.1697
33.18103	534.1831
33.18132	534.1836
33.18184	534.1862
33.18168	534.2079
33.18513	534.2074
33.18709	534.2261
33.18815	534.2432
33.19221	534.2349
33.19702	534.2421
33.19702	534.2504
33.19898	534.2504
33.20137	534.265
33.20704	534.2607
33.20778	534.2691
33.20516	534.2711
33.21049	534.2892
33.21457	534.2722
33.21301	534.2722
33.21506	534.2856
33.21953	534.2883
33.2291	534.2888
33.22838	534.298
33.22979	534.3069
33.2389	534.324
33.23463	534.3369
33.23226	534.3499
33.22914	534.3297
33.23219	534.3509
33.23292	534.3608
33.2336	534.3675
33.235	534.3624
33.23447	534.3514
33.23993	534.3701
33.24347	534.3613
33.24132	534.381
33.24907	534.3918
33.24469	534.382
33.25288	534.3981
33.2434	534.3959
33.25274	534.4131
33.25772	534.4131
33.25907	534.4276
33.25928	534.4431
33.26049	534.4499
33.26439	534.4504
33.26591	534.4649
33.26679	534.4628
33.27067	534.4752
33.27169	534.4685
33.27547	534.4643
33.27666	534.4674
33.27706	534.4778
33.27969	534.4737
33.2808	534.4969
33.28307	534.5053
33.28301	534.5007
33.28754	534.5156
33.2917	534.5208
33.292	534.5276
33.29205	534.5498
33.29636	534.5493
33.29674	534.5638
33.29772	534.5679
33.30072	534.5669
33.30403	534.5582
33.30477	534.5493
33.30613	534.5799
33.31197	534.5684
33.31224	534.5628
33.3132	534.5882
33.31422	534.5706
33.31735	534.598
33.31647	534.5933
33.31843	534.5991
33.32058	534.613
33.32386	534.6364
33.32552	534.6265
33.32864	534.6612
33.33143	534.6592
33.33068	534.6514
33.33164	534.6602
33.33568	534.6658
33.33662	534.6561
33.33915	534.6876
33.34172	534.6855
33.34534	534.6938
33.34564	534.6927
33.34559	534.6788
33.34798	534.6949
33.34976	534.7234
33.35169	534.7125
33.35392	534.7214
33.35572	534.7311
33.35742	534.7472
33.35933	534.7587
33.36158	534.7503
33.36253	534.7627
33.36512	534.7508
33.36748	534.7456
33.36764	534.7648
33.36941	534.7487
33.37594	534.7819
33.37621	534.7913
33.37899	534.7803
33.38011	534.7855
33.3815	534.7819
33.38488	534.8006
33.38598	534.8223
33.38735	534.8301
33.38827	534.8524
33.38821	534.8301
33.39388	534.8441
33.39806	534.8575
33.39929	534.8431
33.40212	534.8643
33.40136	534.8788
33.40388	534.8886
33.40614	534.8798
33.4082	534.8788
33.4115	534.883
33.41399	534.8896
33.41125	534.8839
33.41484	534.8824
33.4143	534.9099
33.41613	534.9057
33.42126	534.9218
33.42486	534.9384
33.42316	534.9487
33.42409	534.9435
33.4268	534.943
33.42622	534.9576
33.42969	534.9586
33.43325	534.9642
33.43145	534.9709
33.44102	534.9933
33.44389	534.9902
33.44424	534.9777
33.44399	534.9798
33.44327	534.9958
33.45028	535.0001
33.45412	534.9958
33.45945	535.0182
33.45999	535.0378
33.45768	535.0248
33.45681	535.0471
33.45816	535.042
33.46126	535.0383
33.46422	535.0777
33.46531	535.0741
33.46505	535.0694
33.46907	535.0627
33.47132	535.0694
33.47335	535.0844
33.47263	535.1088
33.47415	535.0788
33.47706	535.0901
33.48014	535.0881
33.48027	535.1181
33.47965	535.117
33.48218	535.13
33.48449	535.1254
33.48628	535.1409
33.49105	535.1554
33.49267	535.145
33.49433	535.1627
33.49672	535.1818
33.49815	535.1948
33.50024	535.1714
33.50372	535.1699
33.50493	535.1907
33.5075	535.1725
33.50946	535.1818
33.51046	535.1994
33.51333	535.2051
33.5154	535.202
33.51678	535.2087
33.52052	535.2119
33.52291	535.2362
33.52405	535.2332
33.52155	535.2621
33.52504	535.2502
33.53023	535.2579
33.52859	535.2756
33.53195	535.287
33.53418	535.2901
33.53394	535.2673
33.53546	535.2984
33.53972	535.3093
33.54306	535.2699
33.54275	535.3015
33.54551	535.3093
33.54914	535.3217
33.54979	535.3326
33.55198	535.3346
33.55227	535.3486
33.55599	535.3248
33.55529	535.3408
33.56052	535.3564
33.56316	535.3616
33.56695	535.3641
33.56875	535.3652
33.57153	535.3688
33.57024	535.389
33.56919	535.3952
33.57428	535.3999
33.576	535.388
33.57417	535.3766
33.57904	535.4072
33.58046	535.4092
33.58084	535.4083
33.58382	535.4052
33.589	535.4232
33.58993	535.4413
33.59141	535.4351
33.59443	535.4456
33.59281	535.4574
33.59539	535.4554
33.601	535.46
33.60162	535.4807
33.60211	535.4729
33.60407	535.4802
33.60647	535.4802
33.61117	535.4781
33.61269	535.4916
33.6158	535.4714
33.6144	535.5024
33.61377	535.5031
33.61622	535.4921
33.61829	535.5134
33.62135	535.1683
33.62263	535.2518
33.62539	535.33
33.62874	535.358
33.63352	535.4005
33.63658	535.4243
33.63666	535.4424
33.64148	535.4911
33.63899	535.4988
33.63427	535.4807
33.6367	535.5196
33.63966	535.5357
33.64538	535.5439
33.6469	535.5553
33.64915	535.5621
33.65337	535.6019
33.65146	535.6056
33.65617	535.6102
33.65709	535.6185
33.65863	535.6284
33.66136	535.6392
33.66561	535.6439
33.66585	535.6449
33.66599	535.646
33.66895	535.6724
33.67066	535.6719
33.67173	535.66
33.67396	535.6687
33.67762	535.6693
33.67857	535.6916
33.67976	535.6916
33.67924	535.676
33.67992	535.6843
33.6855	535.6978
33.68743	535.7061
33.68947	535.7418
33.69317	535.7315
33.69312	535.7247
33.69386	535.7428
33.69574	535.7491
33.69854	535.7615
33.70422	535.7646
33.70532	535.7729
33.70302	535.7595
33.70389	535.7662
33.70855	535.7739
33.7132	535.7786
33.71417	535.7646
33.71417	535.7672
33.71601	535.7703
33.72266	535.8061
33.72208	535.8071
33.72619	535.8113
33.72681	535.8206
33.72883	535.8252
33.73079	535.8237
33.73344	535.8356
33.73421	535.8412
33.73439	535.8221
33.73577	535.8583
33.73725	535.834
33.73418	535.8547
33.73874	535.8542
33.74197	535.8506
33.74427	535.8527
33.74713	535.89
33.7491	535.861
33.75185	535.8589
33.75342	535.8745
33.75885	535.8874
33.75681	535.9034
33.75663	535.9189
33.75726	535.9164
33.76495	535.9283
33.76797	535.9205
33.7673	535.9283
33.76886	535.9189
33.76865	535.9298
33.77134	535.9267
33.77155	535.9216
33.7725	535.9604
33.77542	535.9434
33.77796	535.9708
33.7802	535.9651
33.78474	535.9677
33.78754	535.9853
33.78834	535.9801
33.79171	535.9858
33.79375	535.9822
33.7956	535.9988
33.79667	536.0086
33.79679	536.0106
33.79926	536.0158
33.80013	536.0241
33.80357	536.0366
33.80391	536.0324
33.80688	536.0532
33.80979	536.0366
33.81124	536.0479
33.81202	536.0479
33.81829	536.0573
33.81799	536.0599
33.8172	536.0718
33.82032	536.0579
33.82319	536.0889
33.82439	536.0961
33.82487	536.0848
33.82399	536.1018
33.82844	536.1065
33.83121	536.121
33.8351	536.1246
33.83551	536.12
33.8373	536.1324
33.83936	536.15
33.84097	536.152
33.84319	536.1542
33.84598	536.1563
33.84719	536.1547
33.8492	536.1645
33.85235	536.1697
33.85546	536.1925
33.85501	536.1738
33.85689	536.1977
33.85716	536.206
33.86024	536.2261
33.86558	536.2282
33.86705	536.2226
33.86589	536.2252
33.86726	536.2179
33.86927	536.2324
33.87293	536.2396
33.87454	536.2515
33.87629	536.2578
33.88121	536.2484
33.88354	536.2686
33.88544	536.2899
33.88408	536.2755
33.88596	536.277
33.88778	536.2883
33.8905	536.2841
33.89135	536.3023
33.89243	536.3189
33.89509	536.3148
33.899	536.3225
33.90057	536.3447
33.9017	536.351
33.903	536.3478
33.90301	536.3422
33.90513	536.3516
33.90906	536.3417
33.91319	536.3624
33.9088	536.3494
33.91331	536.3598
33.91851	536.3707
33.92033	536.3909
33.91732	536.3795
33.92499	536.378
33.92441	536.4028
33.92603	536.408
33.92657	536.4153
33.9286	536.425
33.93191	536.4153
33.93331	536.4266
33.93349	536.4464
33.93614	536.4515
33.93869	536.4603
33.94131	536.4784
33.94355	536.4629
33.9416	536.4603
33.94429	536.4862
33.94821	536.4883
33.95192	536.4681
33.95251	536.4805
33.95371	536.509
33.95528	536.5168
33.96016	536.5235
33.96335	536.5173
33.96523	536.5427
33.96457	536.5168
33.96583	536.5292
33.96862	536.5344
33.97058	536.5452
33.97295	536.5468
33.97173	536.5654
33.97571	536.5732
33.97869	536.5805
33.98094	536.5707
33.98096	536.5841
33.98344	536.595
33.98529	536.594
33.98944	536.5961
33.99026	536.5976
33.99203	536.6251
33.9922	536.6318
33.99486	536.6385
33.99612	536.6297
33.99871	536.6369
34.00151	536.6484
34.00355	536.6297
34.00652	536.6733
34.00883	536.6556
34.00972	536.6608
34.0121	536.6655
34.01269	536.6737
34.01447	536.6888
34.01726	536.6768
34.0192	536.6841
34.02318	536.7022
34.02141	536.7084
34.02352	536.7141
34.02592	536.7245
34.02765	536.7514
34.02979	536.7566
34.02863	536.7379
34.03291	536.767
34.03543	536.7566
34.03622	536.7592
34.0417	536.7612
34.04274	536.7815
34.04404	536.796
34.04424	536.7769
34.0475	536.7861
34.04777	536.7965
34.05214	536.8047
34.05357	536.8007
34.05538	536.8085
34.05993	536.8297
34.06001	536.8374
34.06305	536.854
34.06388	536.855
34.06486	536.8675
34.06708	536.8654
34.06694	536.8685
34.0711	536.8622
34.07464	536.8831
34.07439	536.8711
34.07989	536.868
34.07671	536.8716
34.07484	536.8867
34.07994	536.8877
34.07473	536.899
34.08684	536.8975
34.08821	536.9048
34.09164	536.9095
34.09322	536.9219
34.09454	536.9333
34.09683	536.9395
34.09805	536.9623
34.10072	536.9406
34.10562	536.955
34.10694	536.9617
34.10881	536.9799
34.10978	536.9727
34.10904	536.9897
34.11098	536.9959
34.1123	536.9903
34.11547	536.9617
34.11749	536.9763
34.12191	536.9695
34.12184	537.0084
34.12508	537.0022
34.1277	537.0234
34.12762	537.0379
34.13152	537.0213
34.12984	537.0602
34.13518	537.0369
34.1334	537.0571
34.13697	537.0627
34.14077	537.0431
34.13955	537.0861
34.14392	537.0809
34.1464	537.0814
34.14898	537.0789
34.14637	537.0695
34.1514	537.0892
34.15348	537.1063
34.15112	537.1063
34.1556	537.1022
34.15878	537.1317
34.15881	537.128
34.16377	537.1389
34.16455	537.157
34.16462	537.1364
34.16384	537.1478
34.16743	537.1731
34.17397	537.1586
34.17406	537.1628
34.17522	537.1674
34.1764	537.1648
34.18098	537.1881
34.18351	537.1954
34.18249	537.1768
34.18408	537.1928
34.18596	537.1881
34.18985	537.2125
34.19287	537.2156
34.19164	537.2244
34.19715	537.2327
34.19801	537.2596
34.19861	537.2462
34.20211	537.241
34.20435	537.2632
34.20206	537.2674
34.20784	537.2767
34.20844	537.2845
34.21118	537.2787
34.21336	537.2861
34.21272	537.2809
34.21578	537.3016
34.21885	537.3068
34.21922	537.2907
34.22231	537.3145
34.22633	537.3218
34.22644	537.316
34.22972	537.3332
34.23139	537.3467
34.23384	537.3658
34.23657	537.3518
34.23907	537.3757
34.23981	537.3441
34.24131	537.372
34.24621	537.3653
34.2474	537.385
34.24832	537.3875
34.24926	537.4042
34.2498	537.4021
34.25336	537.3953
34.25625	537.4031
34.25706	537.4161
34.25879	537.4171
34.2601	537.4233
34.26137	537.4321
34.26617	537.4342
34.26656	537.4305
34.26916	537.4394
34.27153	537.4543
34.27115	537.4783
34.27259	537.4736
34.27539	537.4481
34.27926	537.4586
34.28033	537.4523
34.28087	537.4637
34.28561	537.457
34.28687	537.4772
34.28709	537.488
34.29057	537.4814
34.29235	537.4745
34.29328	537.5083
34.29606	537.5109
34.29784	537.5125
34.30067	537.5295
34.30036	537.5223
34.30495	537.5145
34.30623	537.5249
34.30974	537.5544
34.30735	537.5529
34.31099	537.5476
34.31469	537.5658
34.31945	537.5549
34.32041	537.5295
34.32016	537.5709
34.32211	537.5767
34.32487	537.5658
34.32516	537.5735
34.32975	537.5762
34.33114	537.5771
34.33264	537.6005
34.33454	537.6051
34.33123	537.6124
34.33706	537.6062
34.34111	537.6186
34.33755	537.6321
34.34182	537.6171
34.34586	537.6243
34.34402	537.6311
34.34586	537.6539
34.35324	537.6508
34.35581	537.6673
34.35427	537.6476
34.3583	537.6601
34.35909	537.6627
34.36046	537.6741
34.36086	537.6777
34.36375	537.6921
34.36578	537.6973
34.36902	537.6912
34.36888	537.702
34.37046	537.7196
34.37427	537.7092
34.37626	537.7052
34.3799	537.7181
34.37943	537.7242
34.38191	537.7264
34.38397	537.7346
34.38498	537.7321
34.38586	537.7601
34.38552	537.7507
34.38809	537.745
34.39044	537.7678
34.3946	537.7585
34.39635	537.7901
34.39799	537.7626
34.4003	537.7974
34.40166	537.7989
34.40372	537.7901
34.40747	537.8031
34.41028	537.8212
34.41136	537.8336
34.41237	537.8186
34.41307	537.8253
34.4164	537.8378
34.41858	537.8232
34.42078	537.8382
34.42362	537.8351
34.42552	537.8378
34.42608	537.8258
34.4297	537.86
34.43109	537.8517
34.4328	537.8652
34.4334	537.8751
34.43454	537.8797
34.43688	537.8864
34.43926	537.905
34.43866	537.889
34.44082	537.8932
34.44519	537.903
34.44599	537.9045
34.4481	537.8792
34.44989	537.9196
34.45156	537.9222
34.45442	537.9227
34.45589	537.9243
34.45699	537.9403
34.46134	537.947
34.46202	537.9756
34.46567	537.959
34.46731	537.961
34.4642	537.961
34.46914	537.9647
34.47746	537.9548
34.47945	538.002
34.48251	537.9947
34.48278	537.9797
34.48273	537.9968
34.48433	537.9963
34.48726	538.002
34.48645	538.0045
34.48696	538.0164
34.48999	538.0242
34.491	538.0237
34.49517	538.0331
34.49675	538.0262
34.4973	538.0362
34.49942	538.0496
34.50209	538.0538
34.50148	538.0605
34.50442	538.0704
34.50968	538.0709
34.5085	538.0864
34.51016	538.0853
34.51178	538.0724
34.51358	538.0828
34.51478	538.0947
34.51804	538.088
34.52108	538.0993
34.52268	538.1133
34.52525	538.1252
34.52742	538.1102
34.52903	538.1185
34.5312	538.149
34.53545	538.1481
34.53671	538.1599
34.53756	538.174
34.54196	538.1656
34.54138	538.1749
34.54194	538.178
34.54345	538.1745
34.54389	538.1677
34.54689	538.217
34.55064	538.205
34.55236	538.1895
34.55875	538.2185
34.55989	538.2289
34.55907	538.2382
34.56027	538.2236
34.56165	538.2366
34.56556	538.2346
34.56482	538.2584
34.5664	538.2724
34.56847	538.2656
34.57047	538.2662
34.57229	538.2811
34.576	538.2713
34.57783	538.2998
34.57883	538.2776
34.58205	538.2796
34.58576	538.304
34.58747	538.288
34.58761	538.2998
34.5896	538.2988
34.5915	538.3335
34.59257	538.3091
34.59561	538.3107
34.59707	538.3304
34.59862	538.3309
34.60162	538.3573
34.60337	538.3578
34.60471	538.3796
34.60438	538.3657
34.60855	538.3738
34.60935	538.3812
34.61235	538.3925
34.6146	538.3899
34.61646	538.3859
34.61946	538.4143
34.62015	538.4014
34.62263	538.4402
34.62535	538.4221
34.62709	538.4045
34.62751	538.42
34.63108	538.4247
34.63191	538.4427
34.63348	538.4496
34.63585	538.4387
34.64122	538.4594
34.6396	538.4583
34.64233	538.48
34.6439	538.476
34.64212	538.4972
34.64449	538.4853
34.64933	538.4687
34.65142	538.4957
34.65389	538.4878
34.65547	538.5101
34.65758	538.5143
34.66091	538.5189
34.66159	538.5231
34.66121	538.5324
34.6642	538.565
34.66637	538.5531
34.6702	538.5707
34.66975	538.546
34.67182	538.565
34.67588	538.5698
34.67518	538.5624
34.67771	538.5899
34.67863	538.5966
34.68361	538.5826
34.68512	538.5858
34.68624	538.593
34.68821	538.6122
34.69129	538.6132
34.69113	538.6205
34.69217	538.6226
34.69614	538.6401
34.69845	538.6309
34.70068	538.6428
34.70237	538.6842
34.70466	538.6697
34.70649	538.6884
34.70654	538.6805
34.70933	538.6801
34.71124	538.6863
34.71389	538.7127
34.71632	538.7059
34.7175	538.6976
34.71855	538.694
34.72231	538.6976
34.7221	538.7096
34.72541	538.7085
34.72675	538.6982
34.73002	538.721
34.73187	538.7411
34.73349	538.736
34.7348	538.7521
34.73678	538.7422
34.74026	538.778
34.74266	538.7671
34.74266	538.7691
34.74461	538.7764
34.74634	538.794
34.75138	538.7822
34.75058	538.7977
34.75388	538.8075
34.75257	538.8148
34.7559	538.8121
34.75889	538.8225
34.76032	538.8204
34.7622	538.822
34.76459	538.838
34.766	538.837
34.76836	538.851
34.76924	538.865
34.77161	538.8448
34.77473	538.8635
34.77432	538.8836
34.7761	538.881
34.77757	538.893
34.78043	538.893
34.7854	538.8785
34.78632	538.8795
34.79556	538.8971
34.79607	538.8795
34.79789	538.9095
34.79504	538.9142
34.79691	538.9303
34.798	538.9261
34.79904	538.9189
34.80168	538.9464
34.8017	538.9432
34.80668	538.9515
34.8033	538.9577
34.81103	538.9608
34.81274	538.9655
34.81311	538.9924
34.80804	538.9722
34.80548	538.9738
34.81299	538.9976
34.8181	538.9955
34.82247	538.9841
34.8255	538.9862
34.82548	539.0002
34.82825	538.9862
34.83024	539.0106
34.83175	539.0193
34.83821	539.0261
34.83816	539.0225
34.83871	539.0504
34.84201	539.053
34.8428	539.081
34.8425	539.0675
34.8462	539.0629
34.84772	539.0768
34.84958	539.0675
34.84898	539.0914
34.85481	539.0872
34.85668	539.0872
34.85717	539.0914
34.86096	539.1074
34.86197	539.0939
34.86302	539.1163
34.86453	539.1235
34.86788	539.1141
34.86836	539.1204
34.87159	539.1343
34.87387	539.1442
34.87624	539.1411
34.87672	539.1654
34.87973	539.1478
34.88008	539.1685
34.88317	539.1582
34.88602	539.1669
34.88248	539.1773
34.89108	539.1872
34.89591	539.1747
34.89543	539.1835
34.89621	539.1841
34.89726	539.1887
34.9012	539.1986
34.89999	539.1965
34.902	539.2064
34.90427	539.2359
34.90571	539.2395
34.90903	539.2302
34.91236	539.2504
34.91269	539.252
34.91302	539.2613
34.9143	539.2654
34.91663	539.2587
34.91911	539.2654
34.92295	539.2753
34.92379	539.267
34.92658	539.2758
34.92971	539.2753
34.92981	539.2924
34.93039	539.2835
34.93272	539.3084
34.93439	539.3141
34.93689	539.3193
34.93999	539.3214
34.94263	539.3535
34.94505	539.3281
34.9449	539.3561
34.94795	539.3374
34.94919	539.3623
34.95233	539.3658
34.95464	539.3623
34.95551	539.3643
34.95521	539.3794
34.96034	539.383
34.96127	539.3851
34.96465	539.3871
34.9658	539.4069
34.9679	539.4146
34.96853	539.4048
34.97048	539.3996
34.97098	539.4442
34.9735	539.4379
34.9749	539.426
34.97648	539.4648
34.97995	539.4343
34.98229	539.4462
34.9835	539.4622
34.9854	539.483
34.98722	539.4669
34.99271	539.4644
34.99122	539.4789
34.99488	539.4768
34.99691	539.4763
34.99866	539.5011
35.00246	539.4897
35.00229	539.5073
35.00293	539.5317
35.00554	539.5312
35.01046	539.5052
35.01118	539.5167
35.0121	539.541
35.01671	539.5581
35.0163	539.5617
35.02121	539.5664
35.02081	539.5461
35.02275	539.5716
35.02548	539.5659
35.02814	539.5601
35.02979	539.5601
35.03054	539.5685
35.03361	539.5928
35.0345	539.5985
35.036	539.5912
35.03689	539.6042
35.03993	539.6363
35.04089	539.6198
35.04434	539.6254
35.04663	539.6342
35.04467	539.6529
35.04714	539.6483
35.0517	539.6591
35.05234	539.6415
35.05439	539.6494
35.05711	539.6545
35.05729	539.6752
35.06077	539.671
35.06449	539.6778
35.06543	539.6813
35.06825	539.6897
35.06956	539.6933
35.07142	539.7083
35.07266	539.7358
35.07505	539.7208
35.07637	539.7146
35.07875	539.728
35.08099	539.7249
35.08512	539.7369
35.08736	539.7466
35.08893	539.7389
35.09102	539.741
35.09314	539.743
35.09421	539.755
35.09506	539.7482
35.09536	539.755
35.09817	539.7762
35.09938	539.7632
35.10321	539.7819
35.10575	539.7757
35.10776	539.7726
35.10984	539.7823
35.11282	539.8119
35.11477	539.8165
35.1189	539.8316
35.121	539.8254
35.11927	539.842
35.11974	539.8348
35.12238	539.8575
35.12458	539.8601
35.1271	539.857
35.13078	539.8492
35.13181	539.8441
35.13069	539.8534
35.13659	539.8622
35.13871	539.8611
35.13883	539.8725
35.13992	539.8886
35.14114	539.9036
35.14265	539.8974
35.14568	539.9238
35.1452	539.9269
35.15104	539.9435
35.15176	539.9388
35.1544	539.9462
35.1567	539.9528
35.16039	539.944
35.16176	539.9482
35.1628	539.9653
35.16627	539.9648
35.16699	539.9626
35.16661	539.9757
35.16845	539.9772
35.17135	539.9797
35.17158	539.9953
35.17491	540.0068
35.17662	540.0124
35.18014	540.0139
35.17939	540.0202
35.1837	540.0238
35.18871	540.0264
35.18901	540.0212
35.18917	540.0254
35.19172	540.0316
35.19577	540.0378
35.19631	540.0487
35.19632	540.0352
35.20201	540.0642
35.20188	540.0652
35.20327	540.0403
35.20651	540.058
35.20939	540.0829
35.21183	540.0829
35.2127	540.0688
35.2135	540.0963
35.21708	540.0938
35.22015	540.1083
35.22118	540.1248
35.22147	540.1165
35.22244	540.129
35.22292	540.1279
35.22452	540.1269
35.23025	540.129
35.23217	540.1321
35.23399	540.1342
35.23399	540.1481
35.2365	540.1429
35.241	540.16
35.24263	540.1523
35.24559	540.1627
35.24366	540.1678
35.24589	540.1689
35.24968	540.1735
35.25003	540.1911
35.25537	540.2036
35.25561	540.1989
35.25734	540.2046
35.25984	540.2092
35.26375	540.2134
35.26379	540.2212
35.26172	540.217
35.2651	540.2051
35.26887	540.2201
35.27368	540.2461
35.27691	540.2361
35.27593	540.2595
35.2776	540.2637
35.27966	540.2725
35.27959	540.2606
35.28007	540.2559
35.28229	540.2823
35.2863	540.2983
35.2894	540.2958
35.29266	540.2973
35.2935	540.299
35.29572	540.3102
35.29794	540.3076
35.29566	540.3185
35.29695	540.316
35.30352	540.3149
35.3065	540.3289
35.30393	540.316
35.30227	540.3356
35.30798	540.33
35.3115	540.3253
35.31547	540.3383
35.3196	540.3512
35.32104	540.3657
35.32058	540.3708
35.32202	540.3682
35.32436	540.3942
35.32312	540.3787
35.32128	540.3911
35.32639	540.3859
35.32377	540.3813
35.3292	540.3895
35.33245	540.4
35.33596	540.3921
35.34192	540.3978
35.34726	540.4247
35.34187	540.416
35.3409	540.4128
35.34594	540.4335
35.34965	540.4335
35.35124	540.4372
35.35424	540.473
35.34942	540.4755
35.35863	540.4755
35.36547	540.4631
35.36292	540.4615
35.36076	540.4854
35.36231	540.4901
35.36035	540.4761
35.36639	540.4537
35.36819	540.4683
35.3665	540.4948
35.37145	540.4921
35.37466	540.5092
35.37713	540.5014
35.38059	540.5092
35.3829	540.5217
35.38339	540.5149
35.38755	540.5367
35.38729	540.5424
35.3938	540.5527
35.39463	540.5429
35.39357	540.5616
35.39686	540.5651
35.39809	540.546
35.39979	540.5481
35.40168	540.5563
35.40577	540.5812
35.40499	540.5631
35.40427	540.5858
35.41574	540.576
35.40728	540.5823
35.41257	540.5776
35.41776	540.5838
35.41778	540.6154
35.41928	540.6165
35.4229	540.6216
35.42256	540.6324
35.42345	540.6371
35.42823	540.6537
35.42941	540.661
35.43124	540.648
35.43188	540.675
35.43455	540.6558
35.4374	540.66
35.43988	540.6589
35.44373	540.689
35.44583	540.6698
35.44645	540.6848
35.44969	540.6931
35.44825	540.6946
35.44999	540.6906
35.45058	540.7335
35.45237	540.7117
35.4555	540.718
35.45893	540.7278
35.45928	540.7361
35.46067	540.7382
35.46502	540.7625
35.46558	540.7543
35.46575	540.7501
35.46794	540.7465
35.47136	540.7817
35.47456	540.7672
35.47782	540.7656
35.47619	540.7827
35.47658	540.7921
35.48	540.7925
35.48532	540.804
35.48634	540.7967
35.48942	540.7982
35.49061	540.804
35.49188	540.8133
35.49398	540.8216
35.49811	540.819
35.49833	540.8289
35.49938	540.8366
35.50168	540.8289
35.50137	540.8345
35.50291	540.8345
35.50618	540.8423
35.5082	540.8522
35.50885	540.835
35.51201	540.8542
35.51381	540.8516
35.51834	540.8904
35.52221	540.8868
35.52177	540.8873
35.52386	540.9112
35.52504	540.9075
35.52757	540.9081
35.53014	540.9221
35.53111	540.9252
35.53304	540.9391
35.53512	540.9236
35.53691	540.9308
35.53947	540.9391
35.53867	540.9402
35.54056	540.9417
35.54548	540.9334
35.54785	540.9464
35.54832	540.9583
35.55091	540.9708
35.55321	540.9687
35.55346	540.9858
35.55675	540.993
35.55767	541.0091
35.55647	541.0034
35.55748	541.0112
35.56222	541.0154
35.56497	540.9956
35.56815	541.0417
35.56795	541.0106
35.57028	541.0376
35.57218	541.0361
35.57719	541.0319
35.57898	541.0345
35.58086	541.0474
35.57889	541.0604
35.58142	541.0521
35.58413	541.0593
35.589	541.0526
35.5889	541.0806
35.59098	541.0878
35.59444	541.0842
35.59597	541.0853
35.59819	541.0764
35.60086	541.1049
35.60139	541.1033
35.6017	541.1205
35.60365	541.1111
35.60714	541.1086
35.61149	541.1241
35.61194	541.1153
35.61627	541.1153
35.61853	541.1349
35.61599	541.1365
35.61752	541.1475
35.62189	541.165
35.62091	541.1733
35.62496	541.1759
35.62626	541.1754
35.62978	541.1977
35.62943	541.1821
35.63292	541.1832
35.63447	541.193
35.63627	541.194
35.63809	541.1961
35.64098	541.1909
35.64413	541.1956
35.6455	541.2152
35.64684	541.1966
35.64833	541.2173
35.65275	541.2272
35.65266	541.2215
35.65764	541.2215
35.65668	541.2376
35.65777	541.2567
35.66002	541.2603
35.6624	541.2567
35.66418	541.2562
35.6647	541.2753
35.66545	541.2718
35.66869	541.2749
35.67067	541.278
35.67255	541.2836
35.67629	541.2831
35.67838	541.2842
35.68	541.3022
35.68264	541.3209
35.68323	541.3251
35.68505	541.3044
35.68763	541.3271
35.69235	541.353
35.69308	541.3386
35.69341	541.3608
35.69463	541.3479
35.69923	541.3629
35.69987	541.3806
35.70139	541.3567
35.70407	541.3857
35.70544	541.3682
35.70694	541.3841
35.7078	541.3872
35.71127	541.3976
35.71335	541.4064
35.71462	541.4033
35.71911	541.4001
35.72037	541.4075
35.72017	541.4292
35.72303	541.423
35.72723	541.4323
35.72914	541.4246
35.73051	541.4515
35.73151	541.4525
35.73393	541.4619
35.73459	541.467
35.73694	541.4691
35.74012	541.4504
35.74128	541.4753
35.74125	541.4608
35.74422	541.4634
35.74537	541.4696
35.7476	541.4851
35.75139	541.4857
35.75377	541.4981
35.75545	541.4955
35.7564	541.5152
35.75889	541.5225
35.76084	541.5178
35.76197	541.5225
35.7654	541.5422
35.76823	541.5235
35.76788	541.5276
35.76828	541.551
35.77005	541.5432
35.77307	541.5442
35.77456	541.5504
35.77927	541.5701
35.77939	541.5779
35.77877	541.5602
35.7806	541.5939
35.78422	541.5779
35.78841	541.5981
35.7885	541.5919
35.79162	541.5975
35.79189	541.6059
35.79595	541.6235
35.79938	541.6214
35.79988	541.6281
35.80012	541.6302
35.80331	541.6307
35.8035	541.6411
35.80579	541.6343
35.81093	541.6255
35.81284	541.6458
35.81203	541.6499
35.81533	541.6587
35.81604	541.6525
35.81821	541.6603
35.82228	541.6624
35.82524	541.6992
35.82492	541.682
35.82841	541.6954
35.83076	541.7084
35.83158	541.7079
35.8345	541.7167
35.83467	541.7245
35.83506	541.7281
35.83835	541.7437
35.84115	541.7395
35.84306	541.7359
35.84532	541.7172
35.84714	541.7261
35.84745	541.725
35.84866	541.7385
35.85124	541.7385
35.85454	541.7634
35.85578	541.7768
35.85867	541.7944
35.86142	541.7722
35.86341	541.7805
35.86415	541.7845
35.86557	541.8048
35.86887	541.7913
35.87065	541.824
35.872	541.8157
35.87702	541.7971
35.87719	541.8182
35.87904	541.8182
35.87867	541.8203
35.88356	541.8281
35.88538	541.8405
35.88485	541.8426
35.88728	541.8535
35.89057	541.8566
35.89008	541.8809
35.89318	541.8582
35.89642	541.8788
35.89561	541.8804
35.90023	541.8835
35.90207	541.8928
35.90707	541.897
35.90891	541.9042
35.90958	541.8986
35.90956	541.9188
35.90997	541.9058
35.91255	541.9068
35.91535	541.9214
35.91546	541.911
35.91918	541.9354
35.91998	541.9441
35.92289	541.941
35.9236	541.9618
35.92546	541.9627
35.93093	541.9369
35.93218	541.9747
35.93308	541.9576
35.93511	541.9913
35.93892	542.0068
35.93815	541.9861
35.94379	542.0016
35.9446	542.0084
35.94481	542.0016
35.94704	542.0146
35.94817	542.0172
35.95045	542.0094
35.95355	542.0203
35.95524	542.0052
35.95338	542.0161
35.95786	542.0296
35.96488	542.0551
35.9655	542.0607
35.97076	542.0679
35.96914	542.0695
35.96827	542.0684
35.97139	542.0815
35.97496	542.1119
35.97196	542.087
35.97695	542.1031
35.97905	542.0917
35.98005	542.1073
35.98111	542.1021
35.98435	542.1161
35.98624	542.1213
35.99057	542.1068
35.99337	542.1281
35.99442	541.9285
35.99619	541.868
35.99817	541.9384
35.9963	541.9825
35.99876	542.0286
36.00298	542.0446
36.00299	542.0726
36.00384	542.0855
36.00711	542.0954
36.00964	542.1021
36.01159	542.1265
36.01158	542.1441
36.01563	542.1648
36.02116	542.1622
36.01979	542.1783
36.02105	542.1964
36.02667	542.1855
36.02809	542.2161
36.02277	542.2114
36.03082	542.2192
36.0331	542.2456
36.03327	542.2544
36.03242	542.2405
36.03813	542.2695
36.0413	542.2731
36.04087	542.2726
36.04403	542.271
36.04789	542.298
36.04873	542.2684
36.05104	542.2839
36.05397	542.272
36.05386	542.2907
36.05386	542.2995
36.05615	542.3021
36.05985	542.3083
36.06072	542.3083
36.06182	542.3161
36.06493	542.3207
36.06482	542.3218
36.06639	542.3519
36.07362	542.3399
36.07536	542.3637
36.07683	542.3441
36.07535	542.3415
36.079	542.3503
36.08303	542.3575
36.08258	542.3752
36.08303	542.3917
36.0872	542.3741
36.09106	542.3808
36.09138	542.3849
36.09155	542.3912
36.09544	542.413
36.0967	542.4094
36.09925	542.4274
36.10102	542.4047
36.10116	542.4103
36.10428	542.4414
36.1062	542.429
36.10912	542.4249
36.1111	542.4238
36.11388	542.4352
36.11482	542.4445
36.11591	542.4238
36.11729	542.4539
36.11986	542.4467
36.1193	542.4585
36.12321	542.444
36.12814	542.4662
36.13061	542.4539
36.13189	542.4668
36.13455	542.4802
36.13446	542.4979
36.13548	542.5098
36.13884	542.5104
36.13978	542.5201
36.1434	542.528
36.14744	542.5248
36.14906	542.5161
36.14911	542.5295
36.14943	542.5201
36.15172	542.5399
36.15192	542.5264
36.15263	542.529
36.15522	542.5439
36.15564	542.5554
36.15945	542.5549
36.16766	542.5368
36.17056	542.5528
36.17142	542.5725
36.17692	542.5543
36.17643	542.5859
36.17463	542.6129
36.174	542.6124
36.17864	542.585
36.18084	542.6149
36.18263	542.6171
36.18297	542.6217
36.18621	542.6269
36.18804	542.6108
36.1885	542.6238
36.19122	542.6465
36.19402	542.6378
36.19598	542.6465
36.19541	542.6512
36.19821	542.6667
36.20328	542.66
36.20285	542.6626
36.20481	542.6709
36.2065	542.6885
36.20752	542.6808
36.21024	542.6947
36.21272	542.6932
36.21484	542.6901
36.21798	542.7031
36.21846	542.7047
36.22093	542.7113
36.22372	542.7429
36.22739	542.7186
36.22593	542.7341
36.22713	542.7242
36.22928	542.7435
36.23232	542.7538
36.2378	542.7844
36.2377	542.7621
36.24148	542.761
36.24244	542.7678
36.24078	542.7761
36.24139	542.7844
36.2443	542.7808
36.24843	542.7745
36.25116	542.7994
36.25336	542.7957
36.25488	542.7797
36.2554	542.8019
36.25518	542.8015
36.25967	542.8144
36.26144	542.8361
36.26244	542.8134
36.26458	542.8376
36.26855	542.8528
36.27084	542.8507
36.27212	542.8678
36.27789	542.8455
36.28025	542.8703
36.28165	542.8823
36.28582	542.8901
36.28594	542.8828
36.27854	542.8994
36.28718	542.8875
36.2934	542.9077
36.29305	542.8978
36.29304	542.9056
36.29303	542.9222
36.2949	542.9289
36.29589	542.9247
36.29987	542.9294
36.30331	542.9429
36.30397	542.9439
36.30907	542.9553
36.31178	542.9579
36.31247	542.9429
36.3132	542.9569
36.31224	542.9843
36.31584	542.9776
36.31594	542.9766
36.31782	542.9828
36.32187	542.9812
36.3251	542.9776
36.33019	543.0071
36.32955	542.9993
36.32951	543.003
36.32962	543.0211
36.33173	543.0154
36.33466	543.0144
36.33613	543.0356
36.33835	543.0185
36.34164	543.0356
36.34327	543.0351
36.34569	543.0656
36.34776	543.0418
36.35015	543.0718
36.3512	543.0522
36.35311	543.0718
36.35351	543.0703
36.35704	543.0677
36.36023	543.0745
36.36307	543.0812
36.3655	543.0956
36.3673	543.1025
36.36884	543.1112
36.36857	543.105
36.36964	543.1154
36.371	543.1298
36.37351	543.1537
36.37279	543.1407
36.37582	543.1569
36.37648	543.145
36.37899	543.1656
36.38152	543.1615
36.38309	543.1724
36.38604	543.1672
36.38929	543.1641
36.39375	543.1755
36.39565	543.1869
36.39667	543.2107
36.39674	543.1957
36.39962	543.2143
36.40242	543.2004
36.40298	543.2211
36.40563	543.2175
36.40673	543.2464
36.41019	543.2303
36.41218	543.2599
36.41577	543.2475
36.41705	543.2651
36.41732	543.2667
36.41934	543.262
36.42342	543.2672
36.42364	543.2656
36.42468	543.2802
36.42731	543.2734
36.43155	543.2925
36.43491	543.278
36.43681	543.2874
36.43691	543.2952
36.43888	543.3081
36.43935	543.3226
36.44286	543.3201
36.44776	543.3185
36.44772	543.3185
36.44841	543.3465
36.44899	543.3465
36.45012	543.3516
36.4539	543.3408
36.45599	543.3439
36.45918	543.3682
36.45996	543.3671
36.46128	543.3568
36.46093	543.3723
36.46475	543.3474
36.4659	543.3842
36.46796	543.3827
36.46941	543.3931
36.47155	543.3889
36.47377	543.4086
36.47426	543.4138
36.47772	543.4215
36.48087	543.4158
36.48034	543.4262
36.47633	543.4236
36.48363	543.4257
36.48366	543.4308
36.48965	543.4479
36.49308	543.4402
36.49483	543.4479
36.49776	543.4609
36.50188	543.4717
36.50275	543.4739
36.50322	543.4749
36.50447	543.4926
36.50512	543.4874
36.5061	543.4879
36.51087	543.5008
36.51269	543.4987
36.51621	543.4956
36.516	543.5159
36.51476	543.5267
36.51704	543.5241
36.52049	543.5117
36.52378	543.5272
36.52562	543.5049
36.52612	543.5184
36.52755	543.5391
36.53014	543.551
36.53151	543.5293
36.53828	543.537
36.53973	543.5578
36.54119	543.5624
36.53902	543.5563
36.54019	543.5785
36.54421	543.5775
36.54638	543.5785
36.54836	543.5966
36.55337	543.5889
36.55377	543.5988
36.55746	543.6138
36.56157	543.6054
36.55719	543.6147
36.55882	543.6075
36.56153	543.6116
36.56591	543.6096
36.56599	543.6226
36.56651	543.6153
36.56768	543.623
36.57068	543.6442
36.57513	543.6313
36.57652	543.6671
36.57837	543.6635
36.5815	543.6603
36.58118	543.6815
36.58541	543.6749
36.58691	543.6878
36.58539	543.678
36.59169	543.6806
36.59317	543.6935
36.59199	543.7183
36.59652	543.6857
36.59978	543.7039
36.60069	543.6806
36.6077	543.6997
36.60048	543.7173
36.60705	543.7205
36.61371	543.7277
36.61508	543.7297
36.61483	543.7334
36.61783	543.7287
36.61964	543.7697
36.62015	543.751
36.62183	543.7495
36.62529	543.7546
36.62435	543.7629
36.62699	543.7655
36.63209	543.7728
36.63134	543.7598
36.6325	543.7769
36.637	543.7748
36.64057	543.7898
36.64	543.7748
36.63176	543.8028
36.63531	543.795
36.64389	543.7977
36.64418	543.808
36.64983	543.8188
36.65157	543.8318
36.65402	543.8494
36.65438	543.8469
36.65798	543.851
36.66007	543.8442
36.66203	543.8753
36.66259	543.8593
36.66318	543.8608
36.66682	543.8505
36.66936	543.8644
36.67297	543.866
36.6731	543.8857
36.67614	543.8784
36.67625	543.8888
36.67793	543.9033
36.6801	543.8991
36.68547	543.9209
36.68749	543.9172
36.68781	543.9085
36.68999	543.9271
36.69077	543.9349
36.6925	543.9333
36.69606	543.9333
36.69726	543.9255
36.69818	543.9463
36.6978	543.9437
36.70131	543.9468
36.70619	543.9421
36.70778	543.9623
36.70772	543.9494
36.70885	543.9712
36.70976	543.9675
36.71313	543.9913
36.71718	543.9981
36.71851	543.9893
36.72058	543.9867
36.72264	544.0151
36.72553	544.0188
36.72738	544.007
36.7294	544.0391
36.73066	544.0256
36.73169	544.0411
36.734	544.0261
36.73402	544.038
36.73833	544.0199
36.74155	544.0354
36.74466	544.0463
36.74751	544.0443
36.75	544.0499
36.7509	544.0566
36.74791	544.0742
36.75113	544.1058
36.75349	544.0945
36.75444	544.0707
36.75479	544.0872
36.75843	544.1017
36.76307	544.11
36.76473	544.1132
36.76657	544.0986
36.76865	544.1162
36.77058	544.1089
36.77106	544.1172
36.77246	544.1167
36.77551	544.1132
36.77983	544.124
36.77828	544.137
36.77927	544.1411
36.78343	544.1509
36.78475	544.1431
36.783	544.1628
36.79078	544.167
36.79607	544.1763
36.79495	544.169
36.79633	544.1696
36.79947	544.1862
36.79236	544.181
36.80835	544.1887
36.80714	544.1908
36.80316	544.1862
36.80026	544.1919
36.8131	544.2183
36.81052	544.2131
36.81318	544.2157
36.81433	544.2203
36.81588	544.2208
36.81937	544.2535
36.82111	544.241
36.82382	544.2369
36.82192	544.2576
36.82407	544.254
36.82808	544.2317
36.83146	544.2596
36.83232	544.2742
36.83386	544.2696
36.83612	544.2752
36.83851	544.2752
36.83775	544.2711
36.8392	544.2887
36.84381	544.2929
36.84311	544.298
36.84439	544.3042
36.84904	544.3162
36.84797	544.311
36.85308	544.3348
36.85641	544.3467
36.86203	544.342
36.86336	544.3447
36.86159	544.34
36.86293	544.3586
36.86609	544.3472
36.86673	544.3431
36.87057	544.3778
36.87096	544.3586
36.87361	544.3747
36.87747	544.3633
36.87846	544.3571
36.87937	544.3586
36.88122	544.3762
36.88518	544.3732
36.89009	544.4042
36.88964	544.3965
36.89217	544.4135
36.89502	544.4032
36.88787	544.4275
36.89532	544.425
36.89672	544.4193
36.89802	544.4312
36.9004	544.4327
36.90874	544.4343
36.91236	544.4457
36.92027	544.4338
36.91227	544.4617
36.91462	544.4654
36.91558	544.4612
36.91455	544.4669
36.92072	544.4969
36.92318	544.485
36.92201	544.4841
36.92472	544.4788
36.92896	544.5042
36.9283	544.4985
36.92846	544.5218
36.93159	544.5198
36.93426	544.5214
36.9377	544.5338
36.9407	544.5286
36.94268	544.512
36.94176	544.5167
36.94291	544.5275
36.94615	544.5394
36.9486	544.5394
36.9511	544.5374
36.95219	544.5446
36.95528	544.5612
36.95507	544.5467
36.95749	544.5773
36.95671	544.5653
36.959	544.5871
36.9614	544.6073
36.96511	544.6016
36.96732	544.5907
36.96917	544.5959
36.97192	544.6047
36.97335	544.6089
36.97724	544.6146
36.97844	544.6031
36.97952	544.6213
36.98211	544.6
36.98459	544.6317
36.98629	544.6275
36.98676	544.6446
36.99154	544.641
36.99281	544.6431
36.99355	544.67
36.99682	544.6799
36.99751	544.671
36.99854	544.6679
37.00109	544.6761
37.00338	544.6705
37.00454	544.6861
37.00836	544.6907
37.00715	544.7021
37.01088	544.7031
37.01264	544.7068
37.01269	544.7062
37.01642	544.7125
37.01624	544.713
37.01897	544.7244
37.02389	544.7306
37.02695	544.7425
37.0272	544.7513
37.03043	544.7663
37.02919	544.7549
37.03256	544.7643
37.03367	544.758
37.03711	544.7585
37.03844	544.7628
37.0417	544.7694
37.04974	544.8016
37.05193	544.7648
37.04899	544.7912
37.0501	544.786
37.05135	544.7751
37.05522	544.7938
37.05146	544.7953
37.0552	544.8041
37.05711	544.8005
37.06151	544.8269
37.06302	544.8368
37.06564	544.8326
37.06392	544.8368
37.06748	544.842
37.06992	544.871
37.07186	544.8528
37.07418	544.8481
37.07671	544.871
37.07734	544.8715
37.08011	544.8508
37.08356	544.8964
37.08455	544.8704
37.08523	544.8772
37.08918	544.8928
37.0918	544.8896
37.0927	544.901
37.09206	544.901
37.0956	544.9227
37.09803	544.9227
37.10001	544.9279
37.10177	544.9487
37.10177	544.9559
37.10463	544.9476
37.10891	544.9492
37.1104	544.945
37.11018	544.9528
37.11494	544.9595
37.11771	544.9673
37.11875	544.9865
37.11996	544.986
37.12071	544.9818
37.12532	544.9932
37.12774	544.9756
37.12798	545.0036
37.12959	545.0078
37.1332	545.0109
37.13435	544.9943
37.13713	545.0087
37.14003	545.0129
37.14035	545.0078
37.14211	545.0181
37.14105	545.0289
37.14708	545.0295
37.14922	545.0378
37.15094	545.0435
37.15307	545.0352
37.15379	545.0445
37.1577	545.0642
37.15662	545.0724
37.15546	545.0642
37.16303	545.0678
37.1664	545.0693
37.16676	545.0782
37.16869	545.1026
37.17072	545.0906
37.17397	545.0973
37.17369	545.0922
37.17586	545.0984
37.17689	545.1129
37.18086	545.1093
37.18264	545.1268
37.18705	545.115
37.1874	545.1088
37.18636	545.1284
37.19171	545.1414
37.19134	545.1372
37.19407	545.1735
37.19882	545.1606
37.19928	545.1544
37.20151	545.1636
37.20052	545.1703
37.20243	545.1865
37.20546	545.1787
37.21101	545.1813
37.20972	545.202
37.2101	545.2014
37.21219	545.2087
37.21602	545.2005
37.21826	545.2222
37.2197	545.2175
37.22231	545.216
37.22493	545.2067
37.22694	545.2378
37.22727	545.2388
37.22858	545.2238
37.23062	545.2574
37.23355	545.2631
37.2369	545.275
37.23936	545.2776
37.24208	545.2875
37.24155	545.2724
37.24336	545.2875
37.24464	545.2818
37.24849	545.2988
37.25172	545.2962
37.25201	545.3024
37.25476	545.2885
37.25576	545.3087
37.25858	545.3102
37.26274	545.3257
37.26305	545.3191
37.26434	545.3279
37.26282	545.3242
37.26737	545.3423
37.27018	545.3533
37.27147	545.361
37.27456	545.3668
37.27611	545.3875
37.27897	545.3719
37.28174	545.3859
37.28175	545.3636
37.28326	545.3569
37.28541	545.3864
37.28701	545.3838
37.29155	545.3942
37.29377	545.3848
37.29129	545.3957
37.29284	545.4025
37.29649	545.4211
37.29904	545.4139
37.29948	545.4274
37.30195	545.431
37.30703	545.4367
37.31198	545.4387
37.32347	545.4356
37.31757	545.4506
37.31712	545.4475
37.31975	545.4657
37.32357	545.4672
37.29621	545.4579
37.31647	545.4693
37.32208	545.4713
37.32803	545.4672
37.33626	545.4698
37.33232	545.4967
37.33008	545.4848
37.33398	545.4977
37.33383	545.5258
37.335	545.5149
37.34082	545.5206
37.33978	545.5164
37.34046	545.5304
37.34326	545.5496
37.34656	545.5433
37.3487	545.5372
37.35062	545.5573
37.35165	545.5418
37.35422	545.5636
37.35902	545.5626
37.36189	545.5517
37.36473	545.5723
37.36869	545.5745
37.36462	545.5548
37.36913	545.5646
37.36813	545.6024
37.36982	545.6061
37.37439	545.6122
37.37711	545.6061
37.37836	545.6174
37.37925	545.6309
37.38002	545.6501
37.38317	545.6434
37.3849	545.6241
37.38735	545.6366
37.38937	545.633
37.39005	545.6345
37.39447	545.6366
37.39751	545.6377
37.40197	545.6516
37.40071	545.6568
37.39982	545.6486
37.40263	545.6667
37.40411	545.6776
37.40824	545.6936
37.41039	545.6848
37.41086	545.6941
37.4099	545.7101
37.41075	545.7019
37.41486	545.6951
37.41978	545.7216
37.424	545.7216
37.42288	545.722
37.42521	545.7391
37.42783	545.7366
37.42799	545.7444
37.42833	545.7366
37.43137	545.7422
37.43233	545.7433
37.43542	545.7578
37.43944	545.7775
37.44064	545.7687
37.4414	545.7708
37.44659	545.7899
37.44646	545.7951
37.44787	545.7827
37.4495	545.7982
37.44954	545.7915
37.4505	545.8044
37.45157	545.8086
37.45941	545.8044
37.46093	545.8148
37.46345	545.8117
37.46645	545.8199
37.46469	545.8148
37.46819	545.8252
37.47185	545.8278
37.47213	545.849
37.47401	545.8206
37.47631	545.8718
37.47804	545.8744
37.4819	545.8501
37.48318	545.8785
37.48627	545.8588
37.48859	545.8594
37.48816	545.8785
37.48916	545.89
37.48925	545.8827
37.49376	545.8682
37.49607	545.9075
37.50005	545.8765
37.50369	545.9013
37.50394	545.8904
37.50497	545.9029
37.50843	545.9225
37.5116	545.9324
37.51338	545.9303
37.51521	545.9376
37.5159	545.9449
37.52192	545.9515
37.52317	545.9511
37.52557	545.9557
37.52564	545.9672
37.52337	545.9723
37.52065	545.9661
37.52692	545.9687
37.53051	545.9764
37.53561	546.0013
37.53539	545.9956
37.53325	546.006
37.53788	546.0148
37.53878	546.0142
37.54264	546.0195
37.5435	546.0365
37.54198	546.0293
37.54455	546.0484
37.54658	546.0344
37.54925	546.0521
37.55231	546.051
37.55664	546.0557
37.5588	546.0557
37.56235	546.0536
37.56413	546.0428
37.56472	546.0531
37.56679	546.0707
37.5675	546.0759
37.56851	546.0712
37.57068	546.0914
37.57187	546.0981
37.5737	546.0878
37.57409	546.1039
37.57935	546.1013
37.58317	546.1054
37.58291	546.1266
37.58729	546.121
37.59052	546.121
37.5906	546.1303
37.59389	546.1376
37.5937	546.1277
37.59586	546.1349
37.60334	546.1401
37.60614	546.1401
37.60189	546.1417
37.60407	546.1671
37.60503	546.1583
37.60879	546.1707
37.61089	546.1645
37.61223	546.2054
37.61417	546.1904
37.61548	546.1966
37.61636	546.2189
37.62006	546.1998
37.62254	546.2142
37.62459	546.2122
37.62654	546.2184
37.62765	546.2541
37.63062	546.2204
37.63206	546.2261
37.63265	546.2391
37.63723	546.2484
37.63911	546.2375
37.64076	546.2489
37.6425	546.2448
37.64675	546.2728
37.64505	546.2593
37.64818	546.267
37.65017	546.2816
37.65276	546.2893
37.65396	546.295
37.65706	546.2883
37.65954	546.2919
37.6609	546.2867
37.6628	546.2966
37.66387	546.2904
37.66488	546.3105
37.67034	546.3163
37.67054	546.2986
37.67406	546.3074
37.67402	546.2836
37.677	546.3328
37.68185	546.3303
37.68089	546.351
37.68293	546.3354
37.68579	546.3691
37.68537	546.3541
37.68787	546.351
37.69018	546.3748
37.68995	546.3763
37.69899	546.3857
37.69698	546.3815
37.69862	546.3738
37.70253	546.3878
37.70365	546.3603
37.7036	546.3883
37.7053	546.3872
37.70695	546.3992
37.71062	546.4131
37.71347	546.4256
37.71698	546.4157
37.71806	546.4219
37.71682	546.4329
37.71698	546.425
37.72269	546.4406
37.72635	546.4421
37.72823	546.4484
37.7306	546.4354
37.73144	546.4587
37.73447	546.4369
37.73486	546.4333
37.73706	546.4727
37.73995	546.4664
37.7432	546.4649
37.74337	546.4624
37.74685	546.4712
37.74797	546.4857
37.74858	546.5002
37.75251	546.4897
37.75436	546.5079
37.75626	546.5054
37.75624	546.5189
37.75702	546.537
37.75691	546.5012
37.76001	546.5079
37.76269	546.5302
37.76746	546.5317
37.76963	546.5494
37.76886	546.539
37.77114	546.5333
37.77334	546.5385
37.7743	546.5515
37.77539	546.5214
37.77862	546.5763
37.78054	546.5566
37.77848	546.5525
37.77988	546.5758
37.78437	546.5799
37.78764	546.582
37.79361	546.5945
37.79502	546.5908
37.79667	546.6033
37.79838	546.6069
37.80085	546.5945
37.80333	546.5903
37.8052	546.6053
37.80619	546.6042
37.81084	546.5923
37.81126	546.6042
37.81448	546.6203
37.8149	546.6214
37.81447	546.6287
37.81671	546.6203
37.81754	546.6536
37.82073	546.6602
37.82298	546.6458
37.82554	546.6613
37.82993	546.6536
37.83237	546.6835
37.83457	546.6664
37.83264	546.6856
37.83767	546.6675
37.83972	546.6805
37.83903	546.7048
37.84224	546.683
37.84397	546.6909
37.84601	546.7178
37.84907	546.7224
37.85151	546.7229
37.85579	546.739
37.85626	546.7182
37.85809	546.7271
37.85767	546.7394
37.85751	546.7452
37.86239	546.7654
37.86302	546.7546
37.86814	546.7602
37.86845	546.755
37.87199	546.7602
37.87414	546.7643
37.87914	546.7675
37.8768	546.785
37.87819	546.7928
37.8825	546.7654
37.88269	546.7934
37.88309	546.7815
37.88519	546.7872
37.88734	546.7939
37.88774	546.825
37.89214	546.8281
37.89299	546.8317
37.89532	546.8379
37.89889	546.8239
37.9007	546.8576
37.90187	546.84
37.90038	546.8462
37.90438	546.8732
37.91014	546.8503
37.91224	546.869
37.91215	546.8835
37.91067	546.8804
37.91296	546.87
37.91714	546.8794
37.92096	546.87
37.92244	546.8887
37.92346	546.9063
37.92712	546.9312
37.928	546.9078
37.93042	546.9306
37.93353	546.9431
37.93518	546.9504
37.93489	546.9171
37.93891	546.9229
37.94107	546.9405
37.94236	546.9301
37.94448	546.9405
37.94564	546.9446
37.9496	546.9265
37.95105	546.9306
37.95356	546.9524
37.95449	546.9601
37.95647	546.9757
37.95847	546.9762
37.96114	546.9908
37.9646	546.9908
37.96633	547.0068
37.96614	546.999
37.96791	547.0047
37.96933	546.9995
37.97314	547.0037
37.97342	547.0125
37.97637	547.0208
37.98093	547.0073
37.9827	547.012
37.98165	547.025
37.98186	547.0181
37.98489	547.0281
37.98779	547.0228
37.99311	547.0135
37.99461	547.025
37.99609	547.0436
37.99829	547.0571
37.9995	547.043
38.0017	547.0601
38.00745	547.0809
38.0041	547.0726
38.00656	547.0881
38.00805	547.0787
38.01088	547.0669
38.01438	547.0809
38.01621	547.0881
38.02396	547.0793
38.02472	547.0632
38.02306	547.0845
38.02818	547.0933
38.02745	547.112
38.0231	547.1011
38.02654	547.1166
38.03164	547.112
38.03732	547.1275
38.03387	547.1198
38.03564	547.1202
38.03985	547.1223
38.04129	547.1389
38.04527	547.1409
38.04963	547.1425
38.04921	547.1524
38.05019	547.1399
38.0555	547.142
38.0536	547.1539
38.05693	547.1596
38.06097	547.1633
38.06285	547.1502
38.06102	547.171
38.06088	547.1782
38.06453	547.1772
38.06757	547.1766
38.06669	547.2021
38.07127	547.1876
38.07361	547.1876
38.07418	547.2155
38.07613	547.2192
38.07976	547.1953
38.0821	547.2223
38.08129	547.2259
38.08735	547.215
38.0871	547.2352
38.08838	547.2139
38.08904	547.2062
38.09357	547.2451
38.09302	547.2363
38.09605	547.2544
38.09979	547.2772
38.10535	547.2886
38.1049	547.2601
38.10637	547.2684
38.11029	547.2721
38.10954	547.2959
38.1109	547.3015
38.11361	547.3057
38.11523	547.2969
38.11625	547.316
38.12024	547.2994
38.11881	547.3057
38.11971	547.3295
38.12272	547.3156
38.12725	547.3223
38.12963	547.3243
38.13306	547.3254
38.1353	547.3502
38.1363	547.3517
38.13853	547.3591
38.13948	547.3451
38.1421	547.343
38.14588	547.3565
38.14769	547.3575
38.14769	547.3777
38.14972	547.386
38.14811	547.3735
38.15105	547.3793
38.15337	547.3865
38.15834	547.3927
38.16218	547.4005
38.16389	547.4016
38.16625	547.4171
38.16866	547.4191
38.16939	547.4264
38.17181	547.4419
38.17474	547.4315
38.1733	547.4497
38.17347	547.4492
38.17912	547.4725
38.18111	547.4756
38.1813	547.475
38.18328	547.4601
38.18715	547.4803
38.18995	547.4631
38.19252	547.4611
38.1954	547.4611
38.19621	547.4844
38.19836	547.4818
38.20026	547.5077
38.20257	547.4917
38.2026	547.5145
38.20568	547.5109
38.20782	547.5279
38.21033	547.5325
38.21045	547.5222
38.21412	547.5616
38.21634	547.53
38.21783	547.5403
38.22116	547.5414
38.22345	547.5724
38.2237	547.5491
38.22707	547.5611
38.22823	547.5585
38.23128	547.5605
38.234	547.5724
38.22936	547.5637
38.22394	547.5927
38.23545	547.5813
38.24138	547.5896
38.24055	547.6113
38.23756	547.6295
38.24319	547.6036
38.2508	547.6357
38.2481	547.6367
38.24502	547.6434
38.24811	547.631
38.25396	547.6351
38.2573	547.6378
38.25923	547.6342
38.26355	547.6373
38.26355	547.6362
38.26387	547.6677
38.26713	547.6616
38.26948	547.6766
38.27224	547.6812
38.27401	547.6771
38.28527	547.6979
38.28485	547.6984
38.28146	547.6979
38.28062	547.7036
38.2812	547.6994
38.28595	547.7227
38.29018	547.7134
38.28976	547.7232
38.29365	547.7283
38.29279	547.7119
38.2979	547.7279
38.30116	547.7263
38.30099	547.731
38.29976	547.7434
38.30419	547.7377
38.30614	547.7476
38.31018	547.7434
38.30866	547.744
38.30909	547.7517
38.31299	547.7605
38.31617	547.7854
38.31727	547.8046
38.32006	547.8009
38.3215	547.8025
38.32393	547.8149
38.32481	547.8051
38.32705	547.7833
38.32965	547.7999
38.33281	547.7973
38.33474	547.7978
38.33514	547.803
38.3373	547.8212
38.33925	547.8232
38.34253	547.8502
38.3443	547.8367
38.34472	547.8486
38.34773	547.8428
38.35002	547.8636
38.35353	547.8828
38.35431	547.8781
38.35703	547.8776
38.361	547.8802
38.36045	547.8915
38.36242	547.889
38.36409	547.905
38.36393	547.9025
38.36826	547.9034
38.36816	547.8983
38.37063	547.9299
38.37336	547.9128
38.37537	547.9257
38.37787	547.9372
38.3829	547.9559
38.37956	547.9568
38.38495	547.9677
38.38497	547.9615
38.38484	547.9807
38.39	547.9832
38.39019	547.9771
38.39425	547.9656
38.39435	547.9854
38.3974	547.9615
38.40178	547.9662
38.40079	547.9858
38.40467	547.9894
38.40516	547.9869
38.40695	548.0139
38.40937	548.0076
38.41275	548.0175
38.41412	548.0278
38.41776	548.0325
38.41829	548.0511
38.42064	548.046
38.41873	548.0439
38.42424	548.0485
38.42835	548.0538
38.42897	548.0656
38.42854	548.0604
38.43202	548.0589
38.43447	548.0656
38.43467	548.063
38.43782	548.0796
38.43729	548.0693
38.43905	548.0729
38.44571	548.0745
38.45007	548.0873
38.45064	548.1014
38.45193	548.0884
38.45102	548.0873
38.45313	548.1097
38.45526	548.1324
38.4591	548.1304
38.46418	548.1361
38.46426	548.133
38.46072	548.1299
38.46628	548.1517
38.46751	548.1356
38.47031	548.1392
38.47499	548.1548
38.47724	548.1511
38.48268	548.1609
38.48065	547.9186
38.47868	547.8693
38.4819	547.9646
38.48659	547.9988
38.48431	548.0196
38.48499	548.0589
38.48941	548.0837
38.49427	548.0869
38.49369	548.1122
38.49463	548.1486
38.50409	548.1557
38.49924	548.1724
38.50148	548.1744
38.4991	548.189
38.50528	548.1978
38.51001	548.2024
38.50895	548.2143
38.51142	548.2294
38.51383	548.2298
38.51567	548.2402
38.51891	548.2428
38.52192	548.2635
38.52082	548.2806
38.52543	548.2935
38.52723	548.2739
38.52807	548.2961
38.52679	548.3055
38.5302	548.3018
38.53085	548.3195
38.52978	548.3277
38.53858	548.3013
38.54272	548.3102
38.54304	548.3231
38.54965	548.3076
38.55011	548.3257
38.54963	548.3242
38.55009	548.3381
38.5532	548.3635
38.55497	548.3453
38.55801	548.3604
38.56168	548.3724
38.56239	548.3956
38.56242	548.3821
38.5633	548.3982
38.56777	548.4008
38.56939	548.392
38.57177	548.3718
38.57475	548.392
38.5732	548.3821
38.57288	548.3962
38.57715	548.3977
38.58125	548.407
38.58225	548.42
38.58525	548.4163
38.59081	548.4427
38.58896	548.4304
38.5906	548.4335
38.59439	548.436
38.5957	548.4604
38.59493	548.4407
38.59754	548.465
38.60035	548.4557
38.60142	548.4604
38.60396	548.4878
38.60713	548.4656
38.6094	548.478
38.60989	548.4843
38.61423	548.4789
38.61472	548.4873
38.61556	548.4878
38.61665	548.4734
38.61875	548.5142
38.62096	548.5054
38.625	548.5189
38.62957	548.5018
38.63016	548.5375
38.63126	548.5184
38.63434	548.5386
38.63612	548.5411
38.63712	548.5314
38.63887	548.5449
38.64218	548.5402
38.64486	548.5319
38.64744	548.5371
38.64675	548.5386
38.64931	548.5427
38.65014	548.5546
38.65244	548.5552
38.65619	548.5748
38.65734	548.5909
38.66057	548.593
38.66096	548.6024
38.66562	548.592
38.66738	548.5997
38.66806	548.594
38.67007	548.609
38.67122	548.6199
38.67334	548.6251
38.6755	548.6173
38.67883	548.6251
38.67825	548.6163
38.68254	548.6147
38.68473	548.6262
38.68664	548.6443
38.68807	548.637
38.6891	548.6339
38.69125	548.6505
38.69331	548.6661
38.69581	548.6727
38.69608	548.6707
38.69531	548.6666
38.70113	548.6836
38.70377	548.7012
38.70632	548.6619
38.70928	548.6836
38.70914	548.6873
38.71032	548.6888
38.71324	548.7054
38.71664	548.7074
38.71832	548.7003
38.72081	548.7142
38.72245	548.7059
38.72352	548.7298
38.72776	548.7209
38.72749	548.7308
38.73046	548.738
38.73123	548.7479
38.73318	548.7396
38.7354	548.7717
38.73705	548.7603
38.74026	548.7577
38.74029	548.78
38.74635	548.7587
38.74605	548.7831
38.74995	548.7737
38.74952	548.7625
38.75117	548.7914
38.75493	548.7774
38.7568	548.7898
38.75711	548.8141
38.76032	548.7971
38.76323	548.8323
38.76281	548.8022
38.76728	548.8277
38.77138	548.8364
38.77152	548.8297
38.77348	548.8277
38.77533	548.8541
38.77662	548.8344
38.77873	548.837
38.77904	548.8629
38.78316	548.8448
38.78532	548.8546
38.78834	548.8768
38.78942	548.8644
38.79122	548.8877
38.79347	548.8748
38.79555	548.9001
38.79812	548.8924
38.80118	548.8821
38.79852	548.91
38.80751	548.9246
38.80952	548.9069
38.8073	548.9302
38.78801	548.9126
38.80685	548.9484
38.81174	548.9514
38.81828	548.938
38.81256	548.9484
38.81962	548.9566
38.82111	548.953
38.82372	548.9654
38.81931	548.9608
38.8239	548.9499
38.82549	548.9778
38.82688	548.9805
38.82702	548.968
38.82796	548.994
38.82911	548.9867
38.83414	548.9887
38.83863	549.0182
38.84087	549.0147
38.84445	549.0203
38.84799	549.009
38.84933	549.0266
38.84954	549.0313
38.85207	549.0587
38.85278	549.0432
38.8522	549.054
38.85454	549.0317
38.86146	549.054
38.86292	549.0504
38.86431	549.0483
38.86748	549.0757
38.87083	549.0919
38.8683	549.0892
38.87271	549.0892
38.87922	549.1084
38.88045	549.1032
38.88138	549.1146
38.88309	549.1177
38.88448	549.0955
38.88332	549.127
38.88572	549.1276
38.88781	549.1411
38.89076	549.1509
38.89195	549.1359
38.8948	549.1494
38.89734	549.1437
38.89553	549.1369
38.90056	549.1494
38.90688	549.1654
38.90644	549.1737
38.90704	549.1819
38.91064	549.1779
38.91172	549.1804
38.91083	549.1851
38.91141	549.1841
38.91561	549.2048
38.91486	549.1954
38.92009	549.2032
38.92162	549.1949
38.92765	549.2006
38.9294	549.2229
38.9327	549.2048
38.93394	549.2244
38.93502	549.2358
38.93773	549.2244
38.93921	549.2244
38.93738	549.2482
38.94073	549.2421
38.94397	549.2695
38.94878	549.2654
38.95145	549.2794
38.9537	549.2758
38.95327	549.2493
38.95366	549.2881
38.95553	549.2861
38.95824	549.2855
38.9607	549.2716
38.96273	549.284
38.95852	549.2928
38.96911	549.2815
38.97166	549.3016
38.97414	549.2975
38.97774	549.3038
38.97865	549.2975
38.97863	549.311
38.97719	549.3276
38.98023	549.3301
38.98315	549.3254
38.98282	549.3472
38.98909	549.325
38.99014	549.357
38.99298	549.3586
38.99699	549.3441
38.99408	549.357
38.99401	549.355
38.99896	549.357
38.9974	549.3477
38.99969	549.3871
39.00295	549.3757
39.00684	549.3865
39.00615	549.399
39.01358	549.3903
39.01635	549.4141
39.01829	549.4109
39.01802	549.4026
39.02002	549.4136
39.02042	549.4026
39.02154	549.4136
39.0257	549.4399
39.02815	549.4307
39.03123	549.4348
39.03094	549.4353
39.03657	549.4467
39.03305	549.4555
39.03694	549.4441
39.04042	549.455
39.04579	549.4518
39.04916	549.4576
39.04848	549.4747
39.04789	549.4633
39.04926	549.4648
39.05098	549.4824
39.05017	549.4871
39.05665	549.4892
39.0578	549.4922
39.05873	549.499
39.06144	549.4969
39.06424	549.4798
39.0657	549.4758
39.06918	549.4933
39.07221	549.5062
39.07358	549.5011
39.07528	549.5052
39.07784	549.5311
39.08358	549.5286
39.08209	549.5234
39.08526	549.5363
39.08347	549.5404
39.08347	549.5451
39.08823	549.5581
39.0878	549.5435
39.09044	549.5466
39.09471	549.5616
39.09665	549.5275
39.09811	549.5493
39.09964	549.5653
39.10243	549.5607
39.10289	549.5715
39.10302	549.5871
39.10692	549.5881
39.11456	549.5839
39.11436	549.6156
39.11827	549.598
39.11695	549.6088
39.11612	549.6063
39.11736	549.598
39.1209	549.6119
39.12423	549.6234
39.12776	549.6326
39.12907	549.6254
39.13215	549.6274
39.13456	549.6487
39.13735	549.6166
39.13573	549.6555
39.13558	549.6436
39.1393	549.6389
39.14096	549.6612
39.14659	549.6575
39.14894	549.6689
39.1512	549.6741
39.15319	549.7
39.15376	549.6891
39.15466	549.6902
39.15461	549.685
39.15727	549.6902
39.16081	549.712
39.16312	549.712
39.16334	549.7067
39.16463	549.7057
39.17061	549.715
39.17103	549.7192
39.17353	549.7124
39.17694	549.7285
39.17695	549.7207
39.17896	549.7285
39.18022	549.7471
39.18207	549.7596
39.18411	549.7648
39.18519	549.7766
39.18789	549.7637
39.19321	549.7684
39.19184	549.7673
39.19262	549.7938
39.19674	549.7803
39.19799	549.7979
39.2006	549.801
39.20322	549.7726
39.2052	549.8052
39.20432	549.8073
39.20692	549.8052
39.20871	549.8124
39.21222	549.8181
39.21461	549.815
39.21544	549.8306
39.21815	549.8434
39.2195	549.8388
39.222	549.8456
39.22574	549.8357
39.22765	549.8528
39.22982	549.8472
39.23259	549.8523
39.23311	549.8745
39.23518	549.8611
39.23861	549.8549
39.23817	549.8689
39.23977	549.8668
39.24263	549.8632
39.24479	549.8891
39.24532	549.8906
39.24726	549.8963
39.24981	549.9041
39.25108	549.9098
39.25247	549.9036
39.25618	549.9135
39.2591	549.9316
39.26257	549.9196
39.26193	549.9212
39.26621	549.9165
39.26769	549.915
39.26625	549.9233
39.26797	549.9398
39.27425	549.9451
39.27368	549.9388
39.27737	549.946
39.2797	549.9362
39.28264	549.9305
39.28363	549.9543
39.285	549.9471
39.29037	549.9761
39.29074	549.9849
39.29284	549.9833
39.29806	549.9839
39.29542	549.9891
39.29718	549.9953
39.29899	549.986
39.30001	549.9948
39.30445	550.0035
39.30595	549.9963
39.30598	550.0026
39.31073	550.0123
39.30977	550.0197
39.31256	550.0341
39.3118	550.0237
39.31459	550.0227
39.31843	550.0372
39.32052	550.0357
39.32265	550.0361
39.32364	550.0361
39.32573	550.0751
39.33049	550.0574
39.33243	550.0601
39.33094	550.0735
39.33359	550.0678
39.33726	550.0849
39.33826	550.0818
39.34069	550.0688
39.34293	550.0751
39.34356	550.0921
39.34816	550.0875
39.34969	550.089
39.35604	550.0921
39.357	550.1051
39.35583	550.1118
39.35622	550.1072
39.35907	550.1259
39.3606	550.1232
39.36311	550.1336
39.365	550.1274
39.36654	550.1704
39.36797	550.1434
39.37255	550.1512
39.37079	550.1388
39.37589	550.16
39.37832	550.1642
39.38122	550.1507
39.38429	550.1367
39.38388	550.1611
39.38559	550.1828
39.38452	550.1631
39.38613	550.1802
39.39309	550.1818
39.3948	550.203
39.39605	550.1973
39.39841	550.1838
39.39975	550.1942
39.40258	550.217
39.40493	550.2222
39.40604	550.2149
39.40471	550.204
39.40804	550.2082
39.41146	550.2087
39.41731	550.2195
39.42136	550.2299
39.42176	550.2299
39.42057	550.2248
39.42154	550.2522
39.42173	550.2304
39.42511	550.2563
39.42785	550.2361
39.42839	550.2621
39.43142	550.2563
39.43393	550.2729
39.43528	550.2719
39.43733	550.2979
39.43893	550.2885
39.44125	550.2853
39.44463	550.2963
39.44879	550.2844
39.44869	550.301
39.44944	550.2926
39.4518	550.3123
39.45354	550.2926
39.45639	550.3217
39.45855	550.3237
39.45891	550.3051
39.46084	550.3258
39.46418	550.3408
39.46627	550.3315
39.47014	550.3486
39.47181	550.3501
39.47237	550.3315
39.47306	550.347
39.47685	550.3849
39.48136	550.3729
39.48132	550.3677
39.48444	550.3625
39.48587	550.3713
39.48732	550.3859
39.48666	550.376
39.49112	550.3796
39.49282	550.404
39.49219	550.4128
39.49697	550.4149
39.50051	550.4035
39.50204	550.4257
39.50364	550.4185
39.50776	550.4346
39.50773	550.4429
39.51061	550.4325
39.51048	550.4537
39.51328	550.4325
39.51759	550.4548
39.51946	550.4429
39.52059	550.4564
39.52157	550.462
39.5215	550.4537
39.52632	550.476
39.52573	550.4667
39.52939	550.4719
39.52886	550.4796
39.53436	550.4988
39.53679	550.4957
39.5373	550.4988
39.53977	550.5029
39.54259	550.5112
39.54461	550.5014
39.54517	550.5206
39.54802	550.5024
39.54729	550.5267
39.55145	550.5221
39.55265	550.519
39.55598	550.519
39.55877	550.5397
39.55952	550.5387
39.5639	550.5314
39.56497	550.5536
39.56585	550.5505
39.56824	550.5801
39.56949	550.5615
39.57221	550.5812
39.57435	550.5796
39.57687	550.5723
39.57727	550.5895
39.57956	550.5926
39.58038	550.6081
39.58294	550.5801
39.58599	550.5817
39.59039	550.6039
39.59278	550.5843
39.59366	550.5807
39.59513	550.6112
39.59676	550.6019
39.59832	550.6149
39.5987	550.6169
39.60017	550.6185
39.60231	550.6329
39.60563	550.6438
39.60921	550.6464
39.61115	550.6237
39.61173	550.592
39.61458	550.5956
39.61478	550.5993
39.62055	550.6019
39.62278	550.605
39.62409	550.6102
39.62674	550.6149
39.62879	550.619
39.63176	550.6246
39.632	550.6304
39.63433	550.6345
39.63485	550.6392
39.63504	550.6449
39.63706	550.649
39.63978	550.6526
39.64376	550.6573
39.64692	550.6615
39.6478	550.6646
39.64874	550.6687
39.65131	550.6724
39.65326	550.6765
39.65562	550.6806
39.65886	550.6848
39.6592	550.6899
39.6614	550.6946
39.66504	550.6988
39.66572	550.7034
39.66808	550.7081
39.66819	550.7117
39.66793	550.7153
39.67366	550.719
39.67464	550.7216
39.67843	550.7247
39.68185	550.7278
39.68263	550.7304
39.68527	550.7339
39.6902	550.7371
39.68915	550.7402
39.68985	550.7443
39.69031	550.7485
39.69455	550.7521
39.69863	550.7573
39.70096	550.762
39.69973	550.7672
39.70366	550.7728
39.70512	550.7775
39.70637	550.7827
39.70876	550.7874
39.70596	550.7915
39.70621	550.7957
39.70737	550.7997
39.71062	550.8034
39.71796	550.807
39.7244	550.8107
39.72345	550.8138
39.72632	550.8174
39.72959	550.8215
39.73093	550.8257
39.72926	550.8303
39.73427	550.8355
39.73944	550.8402
39.74461	550.8453
39.74222	550.8505
39.74195	550.8552
39.74479	550.8604
39.74546	550.8645
39.74842	550.8691
39.74933	550.8738
39.74921	550.878
39.75337	550.8821
39.75484	550.8863
39.76275	550.8904
39.76296	550.8946
39.76362	550.8987
39.76526	550.9033
39.76567	550.9075
39.76894	550.9117
39.77013	550.9164
39.774	550.921
39.7751	550.9251
39.77838	550.9288
39.77997	550.9329
39.78066	550.9371
39.7853	550.9406
39.78507	550.9437
39.78812	550.9479
39.78952	550.9521
39.79113	550.9547
39.79472	550.9593
39.79706	550.9635
39.79721	550.9677
39.7992	550.9728
39.80239	550.9774
39.80397	550.9832
39.80786	550.9883
39.80957	550.9935
39.81186	550.9992
39.81197	551.0049
39.81374	551.0096
39.81572	551.0147
39.81569	551.0199
39.82064	551.0246
39.82338	551.0287
39.82416	551.0323
39.82444	551.0365
39.82821	551.0401
39.82849	551.0448
39.8298	551.0494
39.8321	551.0541
39.83625	551.0593
39.83792	551.0656
39.83917	551.0718
39.84258	551.0775
39.84384	551.0842
39.84607	551.0904
39.84938	551.0961
39.85007	551.1018
39.8503	551.1069
39.85562	551.1122
39.85716	551.1163
39.85964	551.1209
39.86077	551.1261
39.86397	551.1302
39.86309	551.1355
39.86843	551.1406
39.87105	551.1453
39.87289	551.151
39.87264	551.1567
39.87526	551.1613
39.87524	551.1671
39.8793	551.1722
39.88192	551.1769
39.87836	551.1816
39.87963	551.1857
39.88026	551.1898
39.89048	551.1929
39.88785	551.1966
39.89438	551.2007
39.89922	551.2039
39.89905	551.2064
39.89891	551.2106
39.89901	551.2147
39.90297	551.2184
39.90618	551.223
39.90639	551.2281
39.90909	551.2328
39.91008	551.238
39.91176	551.2432
39.91602	551.2479
39.91931	551.252
39.91933	551.2561
39.92271	551.2592
39.92633	551.2634
39.92953	551.2654
39.93193	551.2686
39.93362	551.2717
39.93388	551.2743
39.93518	551.2773
39.94022	551.2805
39.93926	551.2841
39.94029	551.2877
39.94397	551.2914
39.94449	551.2956
39.94614	551.3002
39.94889	551.3043
39.9506	551.3095
39.95241	551.3137
39.95567	551.3183
39.95787	551.3229
39.95769	551.3267
39.9612	551.3302
39.96423	551.3354
39.96595	551.3385
39.96683	551.3427
39.97016	551.3474
39.97184	551.3514
39.97419	551.3556
39.97464	551.3602
39.97767	551.3655
39.9768	551.3696
39.98262	551.3743
39.98639	551.3795
39.98809	551.3835
39.99017	551.3878
39.99169	551.3924
39.99567	551.3965
39.9958	551.4007
39.99775	551.4048
40.00048	551.4095
40.00001	551.4131
39.99946	551.4177
40.00092	551.4224
40.00622	551.4271
40.01078	551.4312
40.01315	551.4359
40.01454	551.4406
40.017	551.4447
40.01505	551.4499
40.0176	551.4546
40.0208	551.4581
40.02209	551.4634
40.02396	551.4681
40.02618	551.4716
40.02988	551.4763
40.0322	551.4799
40.03349	551.483
40.03689	551.4867
40.04102	551.4898
40.04434	551.4929
40.04287	551.4949
40.04214	551.4976
40.04251	551.5007
40.0461	551.5027
40.04765	551.5058
40.05103	551.5095
40.05504	551.5126
40.0561	551.5162
40.05558	551.5209
40.05812	551.5256
40.06441	551.5291
40.06425	551.5338
40.06652	551.5385
40.06644	551.5421
40.0689	551.5463
40.07603	551.5504
40.07298	551.5545
40.07584	551.5582
40.07543	551.5623
40.07901	551.567
40.08066	551.5711
40.0854	551.5747
40.08395	551.5799
40.08487	551.5851
40.08957	551.5893
40.09314	551.5944
40.09163	551.6002
40.09312	551.6042
40.09586	551.6089
40.09868	551.6131
40.10056	551.6172
40.10215	551.6208
40.10294	551.6245
40.10198	551.6275
40.1108	551.6307
40.11465	551.6343
40.10869	551.6379
40.11847	551.6415
40.12063	551.6458
40.11884	551.6504
40.12057	551.655
40.12422	551.6597
40.12755	551.6659
40.13109	551.6711
40.13232	551.6763
40.13575	551.6815
40.14079	551.6861
40.13757	551.6903
40.13268	551.6938
40.13446	551.6981
40.14618	551.7012
40.14684	551.7042
40.14743	551.7079
40.14746	551.712
40.15018	551.7146
40.15249	551.7188
40.1544	551.7229
40.15461	551.7271
40.15868	551.7317
40.16285	551.7363
40.1633	551.7421
40.16539	551.7463
40.16613	551.7514
40.1677	551.7565
40.17506	551.7607
40.17548	551.7649
40.17543	551.769
40.17695	551.7736
40.17911	551.7778
40.18258	551.782
40.1837	551.7871
40.18694	551.7917
40.1892	551.796
40.18918	551.8016
40.19303	551.8074
40.19796	551.8125
40.20039	551.8177
40.2007	551.8229
40.20265	551.8281
40.20354	551.8327
40.21196	551.8369
40.20904	551.8416
40.21174	551.8451
40.21379	551.8493
40.21278	551.8535
40.21445	551.8566
40.21457	551.8597
40.21908	551.8632
40.21963	551.8664
40.22393	551.8695
40.2239	551.8726
40.22689	551.8757
40.22583	551.8793
40.22725	551.8824
40.22887	551.8866
40.23438	551.8907
40.23005	551.8949
40.23359	551.899
40.24393	551.9031
40.24596	551.9079
40.24618	551.9119
40.24692	551.9156
40.2513	551.9203
40.25294	551.9244
40.25765	551.9275
40.25489	551.9312
40.25547	551.9358
40.26026	551.9395
40.26367	551.943
40.26467	551.9472
40.26272	551.9524
40.26708	551.9561
40.27138	551.9607
40.27377	551.9659
40.2764	551.9705
40.27912	551.9747
40.27715	551.9794
40.27856	551.984
40.28251	551.9886
40.28508	551.9928
40.28817	551.9969
40.28871	552.0016
40.2915	552.0058
40.29158	552.0098
40.29318	552.0145
40.29437	552.0187
40.29834	552.0233
40.30153	552.0285
40.30292	552.0331
40.30495	552.0384
40.30854	552.0436
40.30965	552.0477
40.31195	552.0529
40.31358	552.0575
40.31535	552.0617
40.31758	552.0658
40.31808	552.07
40.32114	552.0735
40.32362	552.0767
40.32553	552.0804
40.32698	552.0839
40.32887	552.087
40.32965	552.0912
40.33406	552.0953
40.33685	552.099
40.33865	552.1037
40.34344	552.1077
40.34539	552.113
40.34526	552.1171
40.34784	552.1212
40.35036	552.1259
40.34869	552.1295
40.35293	552.1326
40.35708	552.1357
40.35768	552.1394
40.3585	552.1415
40.36176	552.1435
40.36577	552.1467
40.3695	552.1487
40.37143	552.1513
40.3709	552.155
40.36788	552.1586
40.3714	552.1622
40.37604	552.1663
40.37648	552.1705
40.37961	552.1746
40.38167	552.1793
40.38433	552.1834
40.38651	552.187
40.38937	552.1901
40.38961	552.1938
40.3928	552.1974
40.39634	552.1995
40.3967	552.2016
40.39885	552.2052
40.39671	552.2072
40.40189	552.2098
40.40097	552.2134
40.40497	552.2166
40.40758	552.2191
40.41127	552.2233
40.41129	552.2274
40.41379	552.2311
40.41621	552.2352
40.41912	552.2399
40.41996	552.2435
40.42441	552.2471
40.42572	552.2513
40.42825	552.2559
40.42973	552.2585
40.43225	552.2621
40.43301	552.2668
40.43444	552.2704
40.43658	552.274
40.43871	552.2793
40.44258	552.2839
40.44513	552.288
40.44677	552.2938
40.44803	552.2989
40.44859	552.3035
40.45048	552.3093
40.45211	552.314
40.45705	552.3192
40.45758	552.3238
40.4641	552.3279
40.46428	552.3322
40.46475	552.3353
40.46547	552.3393
40.46907	552.3425
40.47098	552.3456
40.4713	552.3492
40.47371	552.3533
40.47455	552.3569
40.47689	552.3606
40.48088	552.3652
40.47788	552.3699
40.48143	552.3751
40.48265	552.3798
40.48854	552.3849
40.49142	552.3906
40.49229	552.3953
40.49437	552.4005
40.49934	552.4062
40.49859	552.4103
40.49915	552.4166
40.50429	552.4228
40.50632	552.4285
40.50904	552.4352
40.50968	552.4419
40.51113	552.4492
40.51326	552.4554
40.51432	552.4621
40.51973	552.4689
40.5202	552.474
40.52226	552.4786
40.52395	552.4834
40.52574	552.4865
40.52899	552.4891
40.5321	552.4911
40.53246	552.4938
40.53613	552.4953
40.53784	552.4963
40.5397	552.4978
40.54185	552.4999
40.54371	552.5015
40.54389	552.5031
40.54655	552.5062
40.54783	552.5087
40.55248	552.5108
40.55098	552.5145
40.55621	552.5181
40.5589	552.5217
40.55947	552.5253
40.56003	552.5289
40.55951	552.5326
40.56363	552.5357
40.56873	552.5388
40.57075	552.5424
40.57457	552.545
40.57542	552.5475
40.58113	552.5507
40.57776	552.5538
40.57999	552.5564
40.58135	552.5595
40.58273	552.5637
40.58524	552.5673
40.59042	552.5714
40.59084	552.5756
40.5937	552.5792
40.59482	552.5839
40.59741	552.5875
40.5986	552.5911
40.60179	552.5953
40.60296	552.5979
40.6054	552.6014
40.60805	552.6046
40.60977	552.6077
40.61141	552.6108
40.61435	552.6139
40.61706	552.617
40.619	552.6206
40.62062	552.6248
40.62065	552.629
40.62293	552.6336
40.62541	552.6382
40.62651	552.6434
40.62803	552.6486
40.63134	552.6533
40.63293	552.6579
40.63431	552.6631
40.6364	552.6672
40.63746	552.6719
40.63998	552.6755
40.64085	552.6792
40.64449	552.6833
40.6453	552.687
40.64874	552.6906
40.64983	552.6942
40.65092	552.6984
40.65477	552.702
40.65786	552.7061
40.65886	552.7103
40.66325	552.7149
40.66635	552.7191
40.66681	552.7231
40.66784	552.7278
40.67054	552.731
40.67382	552.7346
40.67417	552.7387
40.6777	552.7408
40.67785	552.7444
40.68078	552.7476
40.68365	552.7501
40.6855	552.7538
40.68649	552.7564
40.68856	552.7604
40.69103	552.7642
40.69443	552.7677
40.69559	552.7729
40.69888	552.7771
40.69902	552.7817
40.69927	552.7869
40.70239	552.7916
40.70583	552.7963
40.70713	552.7999
40.71064	552.804
40.70776	552.8082
40.71288	552.8123
40.71517	552.8159
40.71708	552.8201
40.71996	552.8253
40.71909	552.8294
40.72148	552.834
40.72695	552.8393
40.73003	552.8444
40.72913	552.8491
40.73045	552.8543
40.73135	552.8594
40.73378	552.8646
40.73789	552.8687
40.74437	552.8729
40.74847	552.8781
40.7508	552.8817
40.75069	552.8854
40.74574	552.89
40.75191	552.8942
40.74829	552.8978
40.75267	552.9014
40.75483	552.905
40.75573	552.9092
40.75992	552.9134
40.76472	552.9169
40.76592	552.9216
40.76662	552.9263
40.76939	552.9304
40.76989	552.9361
40.77021	552.9402
40.77456	552.9449
40.77649	552.9496
40.77954	552.9537
40.7805	552.9573
40.78468	552.961
40.78458	552.9646
40.78559	552.9683
40.78838	552.9708
40.78993	552.9745
40.79092	552.978
40.79437	552.9811
40.79649	552.9849
40.80003	552.9895
40.80004	552.9941
40.80272	552.9977
40.80529	553.004
40.80667	553.0087
40.8097	553.0133
40.80969	553.0179
40.81292	553.0231
40.81669	553.0273
40.8195	553.0309
40.82048	553.0351
40.82285	553.0386
40.82441	553.0417
40.82748	553.0455
40.83252	553.049
40.83296	553.0516
40.8357	553.0552
40.83706	553.0599
40.83858	553.0635
40.84101	553.0682
40.84156	553.0734
40.84329	553.0786
40.84388	553.0837
40.84653	553.0884
40.8484	553.0936
40.85091	553.0983
40.85343	553.1024
40.85617	553.1066
40.85826	553.1101
40.85767	553.1138
40.8605	553.1169
40.8624	553.1195
40.86599	553.1231
40.86684	553.1267
40.86817	553.1299
40.86884	553.134
40.87384	553.1381
40.87588	553.1428
40.87672	553.1474
40.87885	553.1526
40.87916	553.1578
40.8859	553.162
40.8875	553.1661
40.88765	553.1708
40.89048	553.1744
40.89339	553.1769
40.89341	553.1812
40.8969	553.1842
40.89742	553.1863
40.90073	553.1899
40.89968	553.1925
40.90593	553.1951
40.90739	553.1987
40.90966	553.2024
40.9122	553.206
40.91469	553.2096
40.91557	553.2148
40.91949	553.2189
40.92211	553.2226
40.92152	553.2278
40.92212	553.2314
40.92424	553.2345
40.92916	553.2386
40.9298	553.2428
40.93209	553.2464
40.93387	553.2495
40.93464	553.2542
40.93672	553.2588
40.93961	553.2625
40.94404	553.2671
40.94637	553.2713
40.94776	553.2755
40.94902	553.2801
40.95106	553.2842
40.95224	553.2878
40.95531	553.2925
40.95885	553.2961
40.96012	553.2993
40.96445	553.3024
40.96395	553.306
40.96755	553.309
40.9683	553.3116
40.96686	553.3148
40.97332	553.3184
40.97667	553.321
40.97581	553.3236
40.98047	553.3282
40.98248	553.3314
40.98284	553.3354
40.98333	553.3397
40.98574	553.3443
40.98846	553.3485
40.99085	553.3526
40.99009	553.3572
40.99457	553.3615
40.99559	553.365
40.99919	553.3687
41.00182	553.3718
41.00413	553.3743
41.00216	553.3765
41.00637	553.379
41.00985	553.3821
41.0104	553.3842
41.01255	553.3873
41.0164	553.391
41.01358	553.3945
41.01778	553.3982
41.02012	553.4029
41.02784	553.4069
41.02491	553.4117
41.02841	553.4163
41.02779	553.421
41.03023	553.1677
41.03316	553.2661
41.03332	553.306
41.03751	553.3469
41.04511	553.3666
41.04582	553.3842
41.04237	553.3914
41.04519	553.421
41.04568	553.4246
41.0495	553.4542
41.05191	553.4603
41.05414	553.4722
41.05612	553.4924
41.05994	553.5111
41.06154	553.5028
41.06393	553.5008
41.0682	553.5132
41.06995	553.5313
41.06802	553.5303
41.06509	553.5111
41.06487	553.5494
41.06917	553.5458
41.07229	553.5521
41.07575	553.5774
41.08185	553.5598
41.08448	553.5696
41.08573	553.5733
41.08543	553.5919
41.08847	553.5811
41.08952	553.5707
41.09229	553.5977
41.09597	553.5739
41.09525	553.5977
41.09756	553.6132
41.09749	553.6116
41.10294	553.6023
41.108	553.621
41.10741	553.6267
41.10669	553.6349
41.10577	553.6437
41.11105	553.6437
41.11436	553.636
41.11855	553.6525
41.12129	553.6298
41.12067	553.6411
41.12324	553.6572
41.12708	553.6748
41.1299	553.6821
41.12951	553.6696
41.13185	553.6702
41.13442	553.6826
41.13419	553.6831
41.13754	553.6836
41.14251	553.7028
41.14616	553.6971
41.1449	553.7069
41.14441	553.7064
41.1464	553.7085
41.14705	553.7147
41.15141	553.7313
41.15158	553.7406
41.15654	553.7168
41.15889	553.7198
41.16189	553.7448
41.16053	553.7339
41.16402	553.7411
41.16012	553.738
41.16458	553.7401
41.17057	553.7421
41.17287	553.7525
41.17129	553.7619
41.1723	553.7603
41.17462	553.7659
41.17664	553.7831
41.18424	553.7857
41.1867	553.7939
41.18396	553.7836
41.19208	553.7903
41.19361	553.7805
41.19875	553.793
41.2013	553.7861
41.1946	553.8027
41.20743	553.8001
41.20377	553.8079
41.20735	553.809
41.21658	553.811
41.21438	553.8256
41.21889	553.8188
41.2114	553.823
41.21341	553.8452
41.21912	553.853
41.22143	553.8411
41.22387	553.8411
41.22661	553.866
41.22433	553.8607
41.22993	553.851
41.22881	553.8463
41.23069	553.8567
41.23364	553.8546
41.23041	553.8893
41.23531	553.8805
41.23909	553.8887
41.24161	553.8981
41.24364	553.9017
41.24822	553.9012
41.24792	553.9043
41.24788	553.9053
41.2515	553.9244
41.25419	553.911
41.2546	553.9193
41.25861	553.9462
41.25853	553.9255
41.26386	553.952
41.26696	553.9344
41.26743	553.9318
41.26687	553.9597
41.26968	553.9411
41.274	553.9328
41.27636	553.9695
41.27747	553.9773
41.27994	553.9617
41.28041	553.9623
41.28029	553.9706
41.28302	553.9841
41.28456	553.982
41.28902	554.0037
41.29074	553.9784
41.29334	554.0016
41.29762	553.9981
41.29731	554.0074
41.29731	554.0146
41.29896	554.0084
41.30569	554.0063
41.30887	554.0146
41.31082	554.0317
41.311	554.0037
41.31398	554.0193
41.31608	554.025
41.31741	554.0385
41.32032	554.0297
41.32293	554.0596
41.32313	554.0525
41.32508	554.069
41.32693	554.0814
41.32824	554.0753
41.33055	554.0721
41.33332	554.0851
41.33689	554.0488
41.33842	554.0748
41.34067	554.0773
41.34262	554.0923
41.34247	554.0851
41.3474	554.083
41.34908	554.0825
41.35154	554.1115
41.35201	554.083
41.35255	554.1156
41.35507	554.1271
41.35697	554.1224
41.35846	554.1322
41.36391	554.1348
41.36124	554.1389
41.36464	554.1478
41.36794	554.1265
41.37027	554.1405
41.37116	554.1333
41.37752	554.1374
41.37897	554.1312
41.37991	554.1478
41.37922	554.1529
41.38164	554.1447
41.38716	554.1633
41.38997	554.1602
41.39113	554.1804
41.39183	554.1793
41.39495	554.1762
41.39762	554.1862
41.39983	554.1918
41.40423	554.2048
41.40464	554.2053
41.4044	554.211
41.4063	554.1928
41.40813	554.199
41.40828	554.2151
41.4154	554.198
41.41913	554.2343
41.4198	554.2141
41.41499	554.2126
41.43328	554.2188
41.42268	554.2405
41.42604	554.2343
41.42651	554.2493
41.43203	554.2534
41.43444	554.2664
41.43501	554.2715
41.43639	554.2841
41.44009	554.2872
41.43839	554.2892
41.44054	554.2841
41.44446	554.2959
41.45067	554.2933
41.45306	554.2907
41.45232	554.2913
41.45531	554.299
41.45894	554.3001
41.45561	554.3182
41.45585	554.314
41.46262	554.3156
41.4636	554.313
41.46661	554.3297
41.46959	554.3378
41.46769	554.3337
41.46983	554.3214
41.47293	554.342
41.47285	554.3529
41.47554	554.3627
41.4805	554.3627
41.48143	554.3509
41.48296	554.3777
41.48459	554.3685
41.48639	554.3591
41.49147	554.3617
41.49263	554.3674
41.49576	554.3472
41.49729	554.3638
41.49705	554.3612
41.49942	554.3949
41.502	554.384
41.50488	554.3938
41.50608	554.4006
41.50835	554.412
41.50893	554.3975
41.51241	554.4011
41.51362	554.4089
41.51742	554.4166
41.51724	554.4155
41.52163	554.4218
41.52368	554.4228
41.52605	554.4213
41.52679	554.4265
41.52979	554.4482
41.53417	554.4337
41.53495	554.4327
41.53304	554.4554
41.53868	554.4488
41.5393	554.4731
41.54277	554.4658
41.54317	554.4648
41.54546	554.4891
41.54699	554.4772
41.55033	554.4783
41.55279	554.4845
41.55429	554.4913
41.55587	554.4985
41.5582	554.4964
41.56033	554.5151
41.56165	554.5
41.56081	554.5208
41.565	554.5197
41.56557	554.5255
41.56826	554.5052
41.57718	554.543
41.57544	554.5316
41.57582	554.5554
41.57847	554.5498
41.57967	554.5482
41.58007	554.5425
41.58296	554.5524
41.58599	554.5529
41.58861	554.5674
41.59075	554.5601
41.59319	554.584
41.59306	554.5736
41.59711	554.5892
41.59946	554.585
41.60014	554.5897
41.60451	554.5923
41.60587	554.5984
41.61137	554.6
41.61302	554.6124
41.61342	554.6151
41.61621	554.6259
41.61477	554.6347
41.61675	554.6409
41.62	554.6384
41.62165	554.6151
41.62343	554.6322
41.62556	554.6342
41.62713	554.6362
41.63078	554.6461
41.63409	554.6451
41.63382	554.6409
41.63678	554.6642
41.63872	554.6353
41.64336	554.6648
41.64349	554.6761
41.64346	554.6735
41.64723	554.6668
41.65239	554.6704
41.65434	554.6772
41.65557	554.6906
41.65976	554.6782
41.65966	554.6839
41.6595	554.699
41.66408	554.714
41.66795	554.6917
41.66669	554.6871
41.66919	554.7197
41.67315	554.7072
41.67582	554.7244
41.67989	554.7249
41.67856	554.7357
41.67967	554.7275
41.68103	554.7534
41.68448	554.741
41.68626	554.7502
41.68958	554.7394
41.69138	554.7357
41.69178	554.7652
41.69198	554.7352
41.69413	554.7621
41.69992	554.7648
41.69866	554.7792
41.69854	554.7729
41.70164	554.7648
41.7069	554.7559
41.70667	554.7725
41.71015	554.7683
41.71075	554.7839
41.7122	554.7906
41.71563	554.7844
41.71802	554.8109
41.72005	554.7958
41.72461	554.8129
41.7254	554.8305
41.72861	554.8056
41.72959	554.8274
41.73184	554.8289
41.73492	554.8207
41.736	554.8596
41.73709	554.8553
41.74057	554.8492
41.74397	554.8389
41.748	554.8461
41.74395	554.8544
41.7462	554.8611
41.74805	554.8901
41.75137	554.8404
41.75271	554.8834
41.75605	554.9026
41.75914	554.8922
41.76091	554.8926
41.76297	554.8995
41.76336	554.8922
41.7662	554.9134
41.7672	554.9165
41.76905	554.888
41.77167	554.9041
41.77417	554.9082
41.77369	554.9238
41.77666	554.9268
41.77828	554.9144
41.78331	554.9155
41.78817	554.9243
41.79234	554.9512
41.793	554.9523
41.79342	554.9523
41.7929	554.9486
41.79545	554.9486
41.79829	554.9616
41.79977	554.9672
41.79974	554.9657
41.80169	554.9564
41.80522	554.9694
41.80739	554.9579
41.8084	554.9813
41.80931	554.9859
41.81293	554.9766
41.81634	554.9771
41.81804	554.9797
41.82026	555.0015
41.82007	554.9771
41.82113	554.9952
41.81917	554.9974
41.82186	555.0103
41.82552	554.9983
41.83037	555.0082
41.83262	555.0248
41.83899	555.0356
41.83918	555.0248
41.83997	555.0455
41.84135	555.0403
41.84439	555.0212
41.84554	555.0201
41.84971	555.0201
41.85125	555.0382
41.84991	555.0243
41.85188	555.0331
41.85686	555.0403
41.85857	555.0616
41.86057	555.0565
41.86296	555.0502
41.86384	555.0673
41.86724	555.0657
41.86796	555.0263
41.87151	555.0289
41.87068	555.0316
41.87492	555.0336
41.87627	555.0367
41.87875	555.0403
41.88124	555.0434
41.88363	555.0471
41.88785	555.0512
41.88811	555.0549
41.89117	555.059
41.89613	555.062
41.89734	555.0657
41.89832	555.0688
41.8967	555.0714
41.8973	555.0745
41.88698	555.0776
41.89598	555.0818
41.90523	555.0849
41.90817	555.0884
41.91098	555.0931
41.91264	555.0984
41.9127	555.1025
41.91318	555.1077
41.91751	555.1129
41.91946	555.1176
41.92085	555.1222
41.92379	555.1268
41.92659	555.131
41.92923	555.1351
41.92878	555.1388
41.92982	555.1424
41.93584	555.1455
41.93656	555.1475
41.93727	555.1512
41.94028	555.1544
41.94351	555.1569
41.94413	555.16
41.94623	555.1636
41.9453	555.1678
41.94798	555.1724
41.95168	555.1771
41.95296	555.1823
41.95745	555.187
41.95868	555.191
41.96271	555.1952
41.96202	555.1998
41.96493	555.2029
41.96629	555.2066
41.96894	555.2097
41.97143	555.2123
41.96958	555.2144
41.97392	555.2165
41.97343	555.219
41.97356	555.2216
41.9812	555.2242
41.98522	555.2274
41.98619	555.2315
41.98954	555.2351
41.99011	555.2393
41.99078	555.2444
41.99314	555.2491
41.99656	555.2538
41.9983	555.2579
41.99943	555.2626
42.00087	555.2672
42.00495	555.2714
42.00644	555.2755
42.00845	555.2792
42.01003	555.2827
42.01421	555.2864
42.01665	555.29
42.01699	555.2936
42.01941	555.2973
42.02094	555.3008
42.02602	555.3056
42.02405	555.3091
42.02614	555.3138
42.029	555.3185
42.03002	555.3226
42.03357	555.3268
42.03524	555.3309
42.03872	555.3346
42.04102	555.3387
42.03949	555.3418
42.04395	555.3449
42.04684	555.3491
42.04877	555.3517
42.0515	555.3542
42.05162	555.3579
42.05184	555.361
42.05416	555.3641
42.05735	555.3672
42.05932	555.3719
42.05989	555.3765
42.06305	555.3802
42.06808	555.3848
42.06963	555.39
42.07155	555.3941
42.07278	555.3983
42.0771	555.403
42.07755	555.4066
42.07703	555.4097
42.08039	555.4133
42.08425	555.417
42.08817	555.42
42.08916	555.4236
42.0918	555.4279
42.09143	555.4314
42.09266	555.4351
42.09417	555.4402
42.09711	555.4443
42.09844	555.4496
42.10063	555.4547
42.10317	555.4599
42.10582	555.4646
42.10322	555.4692
42.10464	555.4734
42.11289	555.4776
42.12051	555.4816
42.11963	555.4854
42.12091	555.4889
42.11612	555.4931
42.12617	555.4972
42.12522	555.5014
42.12676	555.506
42.12611	555.5102
42.12826	555.5149
42.13369	555.52
42.133	555.5236
42.13386	555.5288
42.14039	555.533
42.14479	555.5361
42.14851	555.5402
42.14885	555.5438
42.14893	555.5469
42.15684	555.5496
42.15294	555.5522
42.15283	555.5557
42.15825	555.5583
42.1615	555.5609
42.16034	555.5651
42.16181	555.5682
42.16691	555.5718
42.16583	555.576
42.16906	555.5801
42.16679	555.5848
42.16888	555.5889
42.17219	555.5936
42.17709	555.5982
42.17958	555.6024
42.18309	555.6066
42.18248	555.6107
42.18743	555.6143
42.18672	555.6179
42.19079	555.621
42.20015	555.6246
42.21109	555.6277
42.20477	555.6309
42.19861	555.6345
42.19907	555.6376
42.20125	555.6417
42.20261	555.6454
42.20413	555.649
42.20628	555.6536
42.20877	555.6573
42.21173	555.6609
42.21516	555.6656
42.21525	555.6687
42.21752	555.6728
42.22038	555.677
42.22078	555.6805
42.22381	555.6843
42.2265	555.6884
42.23016	555.6926
42.23055	555.6972
42.23096	555.7013
42.23387	555.7061
42.234	555.7101
42.23677	555.7153
42.24149	555.7189
42.24154	555.7236
42.24317	555.7272
42.24512	555.7308
42.24794	555.735
42.25146	555.7381
42.25576	555.7411
42.25444	555.7449
42.25765	555.7485
42.258	555.7511
42.25824	555.7546
42.26237	555.7589
42.26572	555.7614
42.26987	555.765
42.2776	555.7702
42.2744	555.7738
42.27263	555.778
42.28246	555.7832
42.27928	555.7873
42.27956	555.792
42.28172	555.7961
42.28452	555.8002
42.28646	555.8049
42.28794	555.808
42.29053	555.8117
42.29251	555.8158
42.29524	555.8174
42.29568	555.821
42.29757	555.8241
42.30027	555.8262
42.30471	555.8293
42.30196	555.8324
42.30279	555.8355
42.30794	555.8391
42.31293	555.8428
42.31308	555.8464
42.31187	555.85
42.31789	555.8552
42.31882	555.8588
42.3225	555.8619
42.32331	555.8666
42.32911	555.8702
42.32615	555.8738
42.33069	555.877
42.33597	555.8811
42.33426	555.8847
42.33589	555.8873
42.33991	555.8915
42.33947	555.8956
42.33885	555.8987
42.34415	555.9028
42.34721	555.907
42.3477	555.9106
42.35082	555.9147
42.35572	555.9189
42.35518	555.9225
42.35723	555.9266
42.35896	555.9308
42.36374	555.9339
42.36277	555.9376
42.36552	555.9412
42.36855	555.9443
42.37117	555.9474
42.3722	555.9504
42.37412	555.9536
42.3758	555.9562
42.37917	555.9598
42.37996	555.963
42.38211	555.9665
42.38435	555.9702
42.38699	555.9733
42.38801	555.9774
42.39208	555.9816
42.39369	555.9852
42.39452	555.9888
42.39857	555.9925
42.39953	555.9955
42.40251	555.9991
42.40527	556.0029
42.40666	556.0049
42.4096	556.008
42.41137	556.0116
42.41174	556.0137
42.41558	556.0173
42.41467	556.0209
42.41954	556.0246
42.42104	556.0287
42.42414	556.0324
42.42762	556.0375
42.42764	556.0417
42.43038	556.0463
42.43285	556.051
42.4343	556.0557
42.43512	556.0598
42.43741	556.064
42.43571	556.0681
42.43944	556.0717
42.44345	556.0753
42.4459	556.079
42.44709	556.0815
42.44989	556.0847
42.4509	556.0888
42.45525	556.0919
42.45485	556.095
42.45761	556.0992
42.45989	556.1028
42.46045	556.1069
42.46349	556.1105
42.46428	556.1147
42.46847	556.1188
42.47089	556.1215
42.47256	556.1251
42.4735	556.1287
42.47675	556.1308
42.47621	556.1339
42.47897	556.1365
42.47989	556.139
42.48317	556.1416
42.48775	556.1442
42.49153	556.1473
42.49187	556.151
42.49252	556.1536
42.49486	556.1577
42.49755	556.1614
42.49997	556.1645
42.50394	556.1691
42.50302	556.1722
42.5046	556.1758
42.50836	556.1794
42.51062	556.1821
42.51275	556.1857
42.51286	556.1888
42.5136	556.1903
42.51847	556.1934
42.52157	556.1965
42.52312	556.1987
42.52505	556.2012
42.52816	556.2043
42.53159	556.2075
42.53114	556.2111
42.54019	556.2147
42.54078	556.2188
42.54385	556.2225
42.54298	556.2266
42.54087	556.2307
42.5417	556.2344
42.54454	556.238
42.54636	556.2422
42.54824	556.2452
42.55272	556.2494
42.55258	556.253
42.55462	556.2567
42.55564	556.2603
42.56106	556.2634
42.57036	556.2665
42.5735	556.2701
42.56992	556.2733
42.57184	556.2764
42.57175	556.28
42.57388	556.2831
42.57547	556.2862
42.57737	556.2903
42.57655	556.2935
42.58025	556.2976
42.58413	556.3007
42.58533	556.3043
42.5857	556.3085
42.58847	556.3115
42.59179	556.3152
42.59185	556.3193
42.59328	556.3224
42.59693	556.3261
42.59897	556.3301
42.60097	556.3339
42.60326	556.338
42.6028	556.3422
42.60815	556.3463
42.60918	556.3504
42.6139	556.3546
42.6119	556.3588
42.61348	556.3629
42.6195	556.3665
42.62014	556.3696
42.62258	556.3732
42.62133	556.3763
42.62463	556.3789
42.62978	556.382
42.63331	556.3856
42.63905	556.3882
42.6391	556.3918
42.64125	556.396
42.64167	556.4007
42.64236	556.4053
42.64414	556.4094
42.64814	556.4146
42.64841	556.4199
42.64946	556.4234
42.64944	556.4281
42.65434	556.4328
42.65554	556.4364
42.65697	556.4401
42.66017	556.4437
42.6649	556.4467
42.66798	556.4509
42.66902	556.454
42.6709	556.4582
42.66952	556.4623
42.67223	556.4664
42.67178	556.4711
42.67267	556.4758
42.67233	556.4799
42.67977	556.484
42.67892	556.4887
42.68372	556.4924
42.68728	556.4955
42.69053	556.4996
42.69325	556.5032
42.6932	556.5058
42.69267	556.5095
42.69586	556.5131
42.70007	556.5157
42.70214	556.5188
42.7041	556.5229
42.70592	556.526
42.71199	556.5302
42.70893	556.5343
42.71059	556.539
42.71446	556.5436
42.71347	556.5483
42.71635	556.553
42.72139	556.5581
42.72047	556.5623
42.72381	556.567
42.72968	556.5706
42.73133	556.5742
42.7313	556.5779
42.73488	556.5815
42.73597	556.5841
42.73872	556.5872
42.7411	556.5903
42.73945	556.5934
42.73999	556.5975
42.74445	556.6011
42.74709	556.6048
42.75022	556.6094
42.75045	556.6141
42.7541	556.6177
42.75299	556.6224
42.7572	556.6265
42.76054	556.6301
42.76467	556.6343
42.7652	556.6379
42.76633	556.641
42.76744	556.6441
42.7685	556.6478
42.77249	556.6494
42.77417	556.653
42.77726	556.6566
42.78027	556.6586
42.78159	556.6617
42.78143	556.6659
42.785	556.6695
42.7884	556.6726
42.78825	556.6763
42.79089	556.6804
42.79672	556.6845
42.79578	556.6877
42.79526	556.6913
42.79822	556.6944
42.80035	556.697
42.80192	556.7001
42.80602	556.7032
42.80817	556.7058
42.80964	556.7094
42.81253	556.7125
42.81615	556.7156
42.81847	556.7197
42.81882	556.7239
42.82173	556.728
42.82261	556.7322
42.82626	556.7369
42.82802	556.7415
42.82965	556.7457
42.82944	556.7498
42.83154	556.754
42.83497	556.757
42.83741	556.7607
42.83974	556.7638
42.83966	556.7659
42.84358	556.769
42.84817	556.7715
42.85239	556.7742
42.85216	556.7773
42.85278	556.7808
42.85466	556.7839
42.85789	556.7877
42.86015	556.7917
42.86105	556.7969
42.86206	556.8006
42.86506	556.8052
42.86748	556.8099
42.87123	556.8135
42.87289	556.8172
42.87321	556.8213
42.87722	556.825
42.87923	556.8281
42.87966	556.8317
42.88226	556.8353
42.88312	556.8384
42.88452	556.8415
42.88784	556.8452
42.89027	556.8488
42.89183	556.8524
42.89371	556.8565
42.89644	556.8602
42.89918	556.8638
42.90228	556.8684
42.90335	556.8721
42.90475	556.8757
42.90869	556.8793
42.91074	556.8824
42.91494	556.8856
42.91481	556.8881
42.9173	556.8918
42.92056	556.8943
42.9218	556.8964
42.92234	556.8995
42.92776	556.9026
42.92848	556.9058
42.92989	556.9089
42.93173	556.912
42.93413	556.9161
42.93512	556.9192
42.93539	556.9229
42.93711	556.9275
42.9399	556.9306
42.94219	556.9343
42.94718	556.9384
42.95147	556.9415
42.94994	556.9446
42.95359	556.9467
42.94974	556.9503
42.94278	556.9534
42.95295	556.9555
42.96421	556.9596
42.96888	556.9633
42.95626	556.9673
42.9605	556.9716
42.96797	556.9762
42.96928	556.9808
42.96757	556.985
42.97236	556.9891
42.97574	556.9938
42.977	556.998
42.97992	557.001
42.98074	557.0052
42.98159	557.0088
42.99306	557.0119
42.98861	557.015
42.98859	557.0192
42.99404	557.0218
43.0022	557.0248
43.00028	557.0291
43.00316	557.0322
43.00331	557.0357
43.00659	557.0388
43.00602	557.0419
43.00908	557.0457
43.01357	557.0482
43.01311	557.0508
43.01434	557.0534
43.01848	557.0555
43.01997	557.058
43.0227	557.0601
43.0252	557.0621
43.02874	557.0652
43.0368	557.0663
43.03377	557.0695
43.03526	557.0725
43.01515	557.0751
43.02492	557.0787
43.03972	557.0829
43.04098	557.0876
43.04458	557.0917
43.04778	557.0959
43.04811	557.101
43.04983	557.1052
43.05339	557.1094
43.05521	557.114
43.05588	557.1181
43.05439	557.1223
43.05686	557.1264
43.06078	557.1301
43.06223	557.1336
43.06821	557.1373
43.0684	557.1404
43.06947	557.144
43.07462	557.1482
43.07433	557.1513
43.0778	557.1549
43.07807	557.1596
43.07978	557.1638
43.08184	557.1674
43.08427	557.1725
43.08851	557.1777
43.09039	557.1818
43.09531	557.1865
43.09186	557.1907
43.09625	557.1948
43.09954	557.1984
43.09741	557.2015
43.09904	557.2051
43.10703	557.2073
43.11016	557.2103
43.10741	557.2139
43.1118	557.2171
43.11263	557.2202
43.11246	557.2243
43.11754	557.2285
43.11907	557.2326
43.11959	557.2368
43.12901	557.2415
43.12376	557.245
43.11935	557.2487
43.12795	557.2518
43.13466	557.2549
43.13325	557.2575
43.13686	557.2595
43.13231	557.2617
43.14167	557.2642
43.13523	557.2663
43.14257	557.2684
43.14832	557.2714
43.14956	557.274
43.15024	557.2772
43.15014	557.2808
43.15508	557.2844
43.15643	557.2886
43.15691	557.2922
43.15932	557.2952
43.16142	557.299
43.16397	557.3021
43.16771	557.3041
43.16911	557.3067
43.17097	557.3077
43.17291	557.3098
43.17597	557.3118
43.17686	557.3139
43.17868	557.316
43.18085	557.3191
43.1829	557.3222
43.18583	557.3254
43.18848	557.329
43.19175	557.3325
43.19235	557.3362
43.19355	557.3398
43.19728	557.344
43.19825	557.3466
43.19987	557.3497
43.20251	557.3528
43.20367	557.3549
43.20676	557.3574
43.20939	557.36
43.2111	557.3627
43.2089	557.3652
43.21418	557.3678
43.21712	557.372
43.21983	557.3751
43.22208	557.3782
43.22276	557.3828
43.22416	557.387
43.22861	557.3901
43.23355	557.3947
43.23156	557.3989
43.23784	557.402
43.23875	557.4056
43.24333	557.4088
43.24319	557.4119
43.24298	557.4139
43.24494	557.416
43.24884	557.4186
43.25217	557.4211
43.25074	557.4233
43.25349	557.4264
43.25449	557.43
43.25873	557.433
43.25939	557.4362
43.26089	557.4404
43.26203	557.4445
43.2611	557.4481
43.26439	557.4517
43.27229	557.4553
43.27338	557.4584
43.27446	557.4615
43.27505	557.4642
43.27935	557.4662
43.28371	557.4688
43.28297	557.4714
43.28347	557.4734
43.28453	557.4761
43.28949	557.4792
43.29235	557.4823
43.29375	557.486
43.29521	557.4895
43.29675	557.4937
43.29866	557.4979
43.29634	557.502
43.30059	557.5061
43.3023	557.5093
43.30517	557.5134
43.31074	557.5165
43.30946	557.5186
43.31363	557.5212
43.31725	557.5233
43.32041	557.5259
43.32179	557.5279
43.32283	557.53
43.32534	557.5325
43.32633	557.5356
43.32707	557.5383
43.32941	557.5419
43.33221	557.5455
43.3328	557.5491
43.33566	557.5532
43.33745	557.5569
43.34039	557.5605
43.34072	557.5636
43.34347	557.5667
43.34441	557.5693
43.35001	557.5724
43.35051	557.5745
43.35331	557.5771
43.35499	557.5797
43.35615	557.5823
43.35955	557.5854
43.36184	557.589
43.36417	557.5931
43.36633	557.5963
43.36646	557.6004
43.37033	557.6055
43.37208	557.6092
43.37174	557.6138
43.37574	557.6185
43.37838	557.6222
43.38097	557.6268
43.3835	557.6304
43.38465	557.6341
43.38725	557.6372
43.38935	557.6398
43.38948	557.6429
43.39053	557.645
43.39206	557.6476
43.3969	557.6506
43.39833	557.6537
43.39803	557.6564
43.40244	557.6605
43.4038	557.6646
43.40681	557.6683
43.40965	557.6729
43.41359	557.6781
43.41604	557.6823
43.41642	557.6864
43.4175	557.691
43.42062	557.6957
43.42183	557.6993
43.42487	557.703
43.42732	557.7076
43.43098	557.7108
43.43121	557.7139
43.43277	557.7186
43.43456	557.7226
43.43708	557.7258
43.44004	557.7304
43.44211	557.7346
43.44498	557.7387
43.44601	557.7429
43.44517	557.7475
43.44872	557.7512
43.45363	557.7552
43.45493	557.759
43.45763	557.7625
43.46085	557.7656
43.46046	557.7688
43.4629	557.7724
43.46424	557.775
43.46638	557.7781
43.4689	557.7817
43.47358	557.7848
43.47351	557.7885
43.47807	557.7932
43.48059	557.7972
43.48062	557.8019
43.48234	557.8071
43.48175	557.8118
43.48565	557.8159
43.48754	557.8211
43.48969	557.8253
43.49173	557.8283
43.49416	557.8314
43.4969	557.8351
43.49739	557.8376
43.50191	557.8397
43.50304	557.8429
43.5017	557.8454
43.50528	557.8475
43.5088	557.8506
43.51009	557.8553
43.51271	557.8574
43.51456	557.8615
43.51855	557.8672
43.52178	557.8703
43.52153	557.8745
43.52291	557.8796
43.5277	557.8838
43.52704	557.8864
43.53153	557.89
43.53227	557.8942
43.53397	557.8962
43.53697	557.8988
43.53946	557.9029
43.54128	557.9055
43.5442	557.9076
43.54517	557.9117
43.5484	557.9153
43.54914	557.919
43.55071	557.9221
43.55153	557.9263
43.55547	557.9304
43.55804	557.9335
43.55964	557.9376
43.56136	557.9418
43.56904	557.9449
43.57081	557.9485
43.57119	557.9517
43.57461	557.9548
43.57301	557.9579
43.57585	557.9604
43.5714	557.9631
43.58012	557.9656
43.58411	557.9682
43.58288	557.9708
43.58456	557.9739
43.58742	557.977
43.58951	557.9801
43.59198	557.9838
43.59558	557.9879
43.59274	557.9921
43.59255	557.9962
43.59625	558.0008
43.59874	558.005
43.60022	558.0092
43.60096	558.0128
43.60537	558.0164
43.60912	558.0195
43.61151	558.0226
43.61484	558.0262
43.61818	558.0288
43.62301	558.0319
43.62027	558.0355
43.61924	558.0387
43.62391	558.0423
43.62901	558.0464
43.62708	558.0506
43.63208	558.0542
43.63246	558.0589
43.63219	558.063
43.63826	558.0671
43.63988	558.0703
43.64045	558.0745
43.6433	558.078
43.64407	558.0811
43.64737	558.0842
43.65043	558.0884
43.65349	558.092
43.6534	558.0956
43.65818	558.0998
43.6592	558.104
43.65971	558.108
43.66455	558.1122
43.66906	558.1169
43.66867	558.1205
43.67126	558.1247
43.67265	558.1282
43.67416	558.1324
43.6732	558.1356
43.68147	558.1382
43.67999	558.1417
43.68242	558.1448
43.68536	558.1469
43.6847	558.15
43.6881	558.1531
43.6913	558.1563
43.69244	558.1599
43.69622	558.1635
43.69759	558.1682
43.70006	558.1724
43.70243	558.177
43.70406	558.1811
43.70623	558.1858
43.70556	558.1899
43.71001	558.1935
43.71208	558.1967
43.71307	558.2003
43.71774	558.2028
43.71918	558.2054
43.72108	558.2081
43.72342	558.2097
43.72542	558.2128
43.72803	558.2153
43.73052	558.2184
43.73047	558.222
43.73346	558.2257
43.73726	558.2308
43.73874	558.2345
43.73696	558.2392
43.74283	558.2443
43.74461	558.2485
43.74411	558.2516
43.74584	558.2557
43.75028	558.2593
43.75198	558.2619
43.75198	558.264
43.75911	558.2676
43.75986	558.2703
43.76389	558.2728
43.76663	558.2769
43.76626	558.2811
43.76774	558.2842
43.77118	558.2889
43.77588	558.293
43.76749	558.2972
43.78074	558.3013
43.78087	558.3049
43.78085	558.3085
43.78025	558.3122
43.79043	558.3148
43.78731	558.3173
43.78672	558.3194
43.78926	558.322
43.79162	558.3241
43.79465	558.3251
43.79446	558.3277
43.7952	558.3298
43.80442	558.3324
43.80349	558.3355
43.8084	558.3386
43.8074	558.3422
43.80967	558.3469
43.81372	558.351
43.81855	558.3557
43.81599	558.3598
43.81927	558.3635
43.82221	558.3671
43.82178	558.3697
43.82203	558.3722
43.82734	558.3748
43.83111	558.3759
43.8319	558.3774
43.83757	558.3785
43.83838	558.3806
43.83947	558.3831
43.84134	558.3862
43.84085	558.3893
43.8428	558.393
43.84859	558.3971
43.84779	558.4008
43.85048	558.4048
43.8505	558.4086
43.8534	558.4121
43.85609	558.4158
43.85986	558.4184
43.86222	558.421
43.86515	558.4241
43.86582	558.4256
43.86833	558.4282
43.87106	558.4308
43.87099	558.4334
43.87299	558.437
43.87644	558.4401
43.87563	558.4432
43.88057	558.4474
43.88291	558.4515
43.8818	558.4557
43.88236	558.4603
43.88969	558.4645
43.89265	558.4681
43.89396	558.4728
43.89445	558.4758
43.89573	558.4795
43.89638	558.4832
43.90069	558.4857
43.90274	558.4878
43.90804	558.4904
43.91433	558.493
43.9095	558.4956
43.91423	558.4981
43.91761	558.5018
43.91719	558.5054
43.91773	558.5085
43.92163	558.5131
43.92708	558.5173
43.92649	558.5214
43.92751	558.5261
43.92772	558.5303
43.92841	558.5338
43.93216	558.538
43.93465	558.5411
43.93633	558.5443
43.93877	558.5474
43.93925	558.5505
43.94171	558.5536
43.94509	558.5562
43.95036	558.5593
43.94712	558.5634
43.94936	558.5676
43.95633	558.5717
43.95737	558.5764
43.96398	558.582
43.9646	558.5862
43.96502	558.592
43.96304	558.5971
43.96523	558.6017
43.96902	558.6064
43.97087	558.6111
43.97745	558.6147
43.98071	558.6188
43.97854	558.6224
43.97953	558.6266
43.98137	558.6297
43.98907	558.6334
43.98911	558.638
43.99155	558.6417
43.99445	558.6458
43.9945	558.6509
43.99301	558.6551
43.99516	558.6592
43.99933	558.6635
44.0029	558.667
44.00401	558.6712
44.00473	558.6743
44.00735	558.6774
44.00867	558.681
44.0139	558.6836
44.01656	558.6862
44.01766	558.6899
44.0177	558.6924
44.02167	558.6955
44.02096	558.6986
44.02367	558.7017
44.02829	558.7059
44.03267	558.709
44.03371	558.7121
44.03473	558.7168
44.03721	558.7194
44.03889	558.7225
44.03938	558.7266
44.04385	558.7297
44.04661	558.7323
44.04713	558.7349
44.04742	558.738
44.05046	558.7401
44.05193	558.7416
44.05698	558.7448
44.05852	558.7468
44.06067	558.7494
44.05981	558.752
44.06926	558.7551
44.06857	558.7587
44.06395	558.7623
44.06693	558.767
44.07627	558.7717
44.07971	558.7758
44.08541	558.78
44.08906	558.7852
44.07798	558.7887
44.08758	558.7929
44.08543	558.7971
44.08521	558.8007
44.08598	558.8043
44.09034	558.8079
44.09216	558.811
44.09481	558.8151
44.097	558.8188
44.0995	558.8229
44.10226	558.8271
44.10174	558.8307
44.10374	558.8348
44.10541	558.8385
44.10835	558.8421
44.11304	558.8458
44.11767	558.8484
44.11763	558.852
44.12011	558.854
44.1209	558.8561
44.12075	558.8582
44.12329	558.8602
44.12509	558.8624
44.13099	558.8644
44.13264	558.8665
44.13427	558.8696
44.1362	558.8727
44.13751	558.8758
44.14143	558.8794
44.14322	558.8831
44.14337	558.8872
44.14566	558.8918
44.15146	558.896
44.15073	558.9001
44.15285	558.9037
44.15717	558.9079
44.15596	558.9115
44.15738	558.9152
44.16096	558.9188
44.16278	558.9214
44.16512	558.925
44.16838	558.9281
44.16992	558.9307
44.16996	558.9343
44.17204	558.9374
44.17517	558.941
44.17539	558.9452
44.1809	558.9488
44.18385	558.9534
44.18684	558.9572
44.18748	558.9618
44.18511	558.9659
44.19165	558.969
44.19478	558.9727
44.19525	558.9758
44.19811	558.9789
44.19978	558.9814
44.20181	558.9841
44.20465	558.9872
44.20592	558.9898
44.21002	558.9924
44.21335	558.9965
44.21382	558.9991
44.21432	559.0027
44.21818	559.0068
44.22184	559.01
44.22245	559.014
44.22238	559.0182
44.22445	559.0209
44.22603	559.0244
44.22669	559.0275
44.23294	559.0302
44.23454	559.0327
44.23461	559.0353
44.23649	559.0374
44.23735	559.04
44.24386	559.0421
44.24561	559.0447
44.24751	559.0473
44.24786	559.0498
44.25188	559.0529
44.2559	559.0566
44.25797	559.0597
44.25863	559.0628
44.26089	559.0669
44.26251	559.07
44.26556	559.0742
44.2667	559.0768
44.26646	559.0793
44.2668	559.0825
44.27075	559.0851
44.27457	559.0872
44.27627	559.0897
44.28241	559.0918
44.28229	559.0944
44.28562	559.0964
44.28705	559.0995
44.28855	559.1038
44.29085	559.1063
44.29316	559.1099
44.2961	559.1146
44.2979	559.1177
44.29628	559.1219
44.29723	559.1254
44.30009	559.1296
44.30079	559.1328
44.30431	559.1353
44.30748	559.1395
44.31063	559.1426
44.31428	559.1457
44.31499	559.1498
44.31872	559.153
44.31926	559.1571
44.32242	559.1607
44.32511	559.1644
44.32812	559.1685
44.32913	559.1726
44.33175	559.1768
44.33357	559.1804
44.3293	559.183
44.3426	559.1871
44.33466	559.1902
44.34612	559.1923
44.34434	559.1954
44.34676	559.1985
44.35522	559.2006
44.34628	559.2026
44.35204	559.2058
44.35567	559.2083
44.35603	559.2099
44.35508	559.2136
44.35984	559.2172
44.3606	559.2198
44.36682	559.2233
44.37019	559.2281
44.37012	559.2316
44.3739	559.2358
44.37468	559.2405
44.37508	559.2451
44.38002	559.2493
44.38213	559.2534
44.37913	559.2576
44.38334	559.2607
44.38732	559.2643
44.38601	559.2674
44.39003	559.27
44.39097	559.2731
44.39529	559.2762
44.3983	559.2789
44.39807	559.2819
44.39927	559.2861
44.40186	559.2897
44.40224	559.2933
44.41042	559.2975
44.40968	559.3016
44.40979	559.3057
44.4132	559.3099
44.41684	559.314
44.4165	559.3177
44.42133	559.3218
44.4234	559.3254
44.4259	559.3286
44.42247	559.3322
44.42177	559.3353
44.42939	559.3389
44.43306	559.342
44.43623	559.3451
44.43783	559.3482
44.43746	559.3513
44.43972	559.3544
44.44553	559.3575
44.45055	559.3602
44.45339	559.3633
44.455	559.3664
44.45776	559.3679
44.45463	559.371
44.46082	559.3737
44.4581	559.3752
44.46331	559.3777
44.46432	559.3803
44.46378	559.3829
44.46854	559.3855
44.46792	559.3886
44.47101	559.3917
44.47509	559.3954
44.47693	559.3984
44.47898	559.4026
44.48069	559.4067
44.4827	559.4099
44.4857	559.4135
44.48665	559.4171
44.4895	559.4197
44.49133	559.4228
44.4934	559.4249
44.49308	559.4265
44.49367	559.4285
44.50164	559.4285
44.50421	559.4311
44.50737	559.4321
44.50978	559.4343
44.51222	559.4363
44.51486	559.4379
44.51693	559.4414
44.51733	559.4451
44.51896	559.4482
44.51976	559.4523
44.52258	559.4565
44.52662	559.4601
44.52779	559.4632
44.53112	559.4669
44.53215	559.47
44.53513	559.4725
44.53777	559.4747
44.53802	559.4772
44.53859	559.4803
44.54241	559.4824
44.54355	559.4855
44.54661	559.4881
44.54863	559.4912
44.54937	559.4948
44.54905	559.4985
44.55495	559.502
44.55733	559.5051
44.55792	559.5083
44.56219	559.5125
44.56602	559.5151
44.56622	559.5176
44.56846	559.5212
44.57135	559.5238
44.57228	559.5259
44.57586	559.53
44.57714	559.5327
44.57758	559.5358
44.578	559.5393
44.58382	559.543
44.58503	559.5461
44.58863	559.5497
44.5916	559.5539
44.5908	559.5576
44.59325	559.5611
44.5969	559.5648
44.59571	559.5684
44.59567	559.5715
44.60183	559.5751
44.6042	559.5777
44.60698	559.5803
44.60659	559.5829
44.61147	559.5844
44.61273	559.5865
44.61676	559.5886
44.6184	559.5906
44.61895	559.5933
44.61934	559.5959
44.62376	559.599
44.62438	559.6021
44.62716	559.6062
44.62938	559.6104
44.6333	559.614
44.63599	559.6176
44.63712	559.6212
44.63705	559.6243
44.63814	559.6274
44.64008	559.6301
44.64209	559.6326
44.6429	559.6357
44.64509	559.6378
44.65007	559.6409
44.65213	559.6445
44.65425	559.6481
44.65979	559.6523
44.66248	559.6564
44.66254	559.6606
44.66369	559.6652
44.66571	559.6694
44.66478	559.6741
44.66545	559.6782
44.66953	559.6829
44.67457	559.6865
44.67654	559.6901
44.67733	559.6938
44.68118	559.6963
44.68206	559.6994
44.68306	559.702
44.68572	559.7051
44.69075	559.7078
44.69089	559.7109
44.68964	559.7145
44.69169	559.7181
44.69411	559.7217
44.69667	559.7258
44.69744	559.73
44.70098	559.7342
44.70202	559.7383
44.70972	559.7435
44.71452	559.7471
44.71322	559.7512
44.71327	559.7554
44.7182	559.7591
44.71737	559.7621
44.72181	559.7657
44.71859	559.7694
44.72498	559.7725
44.72504	559.7756
44.72735	559.7798
44.72925	559.7839
44.73011	559.788
44.73253	559.7922
44.73542	559.7973
44.73917	559.802
44.7382	559.8062
44.74296	559.8113
44.74898	559.816
44.75021	559.8201
44.74871	559.8253
44.75301	559.8295
44.75674	559.8336
44.75655	559.8378
44.75744	559.8419
44.75957	559.8455
44.76285	559.8486
44.76445	559.8522
44.76511	559.8559
44.76921	559.859
44.77245	559.8625
44.77352	559.8657
44.77698	559.8694
44.77822	559.873
44.78162	559.8761
44.78228	559.8797
44.78477	559.8834
44.78584	559.8859
44.78746	559.889
44.78472	559.8927
44.78941	559.8947
44.79509	559.8978
44.79669	559.9015
44.79572	559.9041
44.79655	559.9077
44.79918	559.9108
44.80502	559.915
44.80439	559.9185
44.80795	559.9222
44.80912	559.9269
44.80734	559.931
44.81573	559.9351
44.81783	559.9393
44.82094	559.9434
44.8252	559.9471
44.82377	559.9507
44.82258	559.9538
44.82727	559.9574
44.83509	559.9595
44.83396	559.9626
44.83252	559.9658
44.83605	559.9673
44.84093	559.9704
44.84368	559.974
44.84447	559.9761
44.84504	559.9797
44.84568	559.9833
44.84919	559.9865
44.85007	559.99
44.85522	559.9937
44.8564	559.9973
44.8582	560.0015
44.86176	560.0046
44.86341	560.0087
44.86516	560.0123
44.86718	560.0149
44.8692	560.0186
44.87049	560.0217
44.87301	560.0242
44.87574	560.0273
44.87791	560.0305
44.87952	560.0336
44.88376	560.0367
44.88472	560.0398
44.88672	560.0429
44.88933	560.046
44.89174	560.0491
44.89367	560.0517
44.89511	560.0543
44.89523	560.0568
44.89697	560.0594
44.90152	560.0621
44.90554	560.0646
44.9058	560.0668
44.90691	559.7979
44.90827	559.859
44.91014	559.9201
44.91296	559.9595
44.9157	559.9802
44.91849	559.9807
44.92029	560.0009
44.92105	560.0517
44.92243	560.0657
44.92566	560.0641
44.92887	560.072
44.93163	560.088
44.93391	560.0983
44.93657	560.1227
44.93723	560.1418
44.93879	560.1532
44.94224	560.1429
44.94739	560.1538
44.94813	560.16
44.94843	560.1786
44.9489	560.1827
44.95181	560.1755
44.95602	560.1662
44.95711	560.176
44.96002	560.1885
44.9613	560.2035
44.96239	560.1874
44.96485	560.2029
44.96646	560.2072
44.96895	560.2118
44.97122	560.1968
44.9727	560.2138
44.97612	560.2184
44.97812	560.2304
44.97919	560.2366
44.9808	560.2506
44.98392	560.2402
44.98649	560.2429
44.99055	560.2356
44.99179	560.2402
44.99002	560.2651
44.99051	560.2703
44.99591	560.2392
44.99857	560.248
45.00205	560.2548
45.00113	560.2806
45.00846	560.2797
45.01184	560.291
45.01498	560.2797
45.01315	560.29
45.01544	560.2859
45.01688	560.289
45.01764	560.3045
45.02169	560.2941
45.02403	560.3206
45.02524	560.3035
45.02677	560.2993
45.02938	560.3077
45.03394	560.2936
45.03518	560.3138
45.03839	560.3216
45.03809	560.3257
45.03777	560.3108
45.04311	560.317
45.0446	560.3148
45.04636	560.3201
45.04911	560.3516
45.04816	560.3397
45.05074	560.361
45.05161	560.3651
45.05504	560.3372
45.05555	560.3511
45.06137	560.3584
45.06177	560.3532
45.06657	560.3692
45.06926	560.3532
45.06889	560.3703
45.07368	560.3682
45.07541	560.3666
45.07612	560.3542
45.07762	560.3936
45.0802	560.377
45.08155	560.3947
45.08459	560.4056
45.08957	560.3904
45.09226	560.3874
45.09235	560.4056
45.09283	560.4034
45.09526	560.3915
45.09607	560.4056
45.09813	560.3869
45.0996	560.4076
45.10379	560.4014
45.1086	560.403
45.10966	560.405
45.10942	560.3931
45.11198	560.4122
45.11547	560.4236
45.11933	560.4205
45.11829	560.403
45.12181	560.3972
45.12457	560.3993
45.12545	560.4003
45.12651	560.4024
45.13095	560.4045
45.12903	560.4061
45.13404	560.4087
45.13532	560.4112
45.1391	560.4133
45.14013	560.4164
45.13773	560.4196
45.14277	560.4231
45.14274	560.4268
45.14864	560.4309
45.15046	560.4351
45.15274	560.4387
45.15852	560.4434
45.1552	560.4464
45.15766	560.4495
45.16139	560.4526
45.16463	560.4553
45.17141	560.4578
45.1752	560.4599
45.17237	560.4625
45.17185	560.4646
45.1738	560.4656
45.17814	560.4687
45.17772	560.4718
45.18206	560.4739
45.1843	560.4771
45.18938	560.4802
45.18633	560.4837
45.19301	560.4868
45.19449	560.4894
45.19339	560.4936
45.19479	560.4966
45.19741	560.4993
45.19974	560.5029
45.20159	560.506
45.20414	560.5081
45.20682	560.5117
45.20758	560.5153
45.20858	560.5184
45.21235	560.5221
45.21527	560.5257
45.21861	560.5293
45.22272	560.533
45.22143	560.537
45.22515	560.5408
45.22782	560.5443
45.22974	560.549
45.231	560.5521
45.23301	560.5552
45.23647	560.5588
45.23874	560.562
45.23911	560.5651
45.24125	560.5677
45.24414	560.5707
45.24794	560.5739
45.24821	560.5765
45.25026	560.5801
45.25366	560.5842
45.25556	560.5878
45.25761	560.592
45.2608	560.5956
45.26138	560.5999
45.26291	560.6039
45.26499	560.607
45.26703	560.6101
45.2673	560.6132
45.27315	560.6154
45.27443	560.6174
45.28035	560.6194
45.28168	560.6221
45.28413	560.6237
45.28218	560.6262
45.28312	560.6293
45.27919	560.6324
45.28957	560.6356
45.3024	560.6396
45.30037	560.6438
45.30331	560.6469
45.3032	560.6511
45.30131	560.6557
45.30511	560.6594
45.30608	560.663
45.30534	560.6666
45.30711	560.6707
45.30865	560.6733
45.30756	560.676
45.30726	560.6801
45.3141	560.6832
45.31308	560.6852
45.31585	560.6889
45.32112	560.6925
45.32495	560.6956
45.32497	560.6987
45.33054	560.7029
45.33114	560.7064
45.33141	560.7096
45.3364	560.7133
45.33768	560.7173
45.34246	560.72
45.34592	560.7231
45.34653	560.7272
45.34712	560.7303
45.34986	560.7324
45.35112	560.7355
45.35112	560.7386
45.3582	560.7412
45.35909	560.7438
45.35947	560.7469
45.36145	560.75
45.36362	560.7531
45.36771	560.7557
45.36723	560.7593
45.37166	560.763
45.37333	560.7661
45.37754	560.7686
45.37519	560.7717
45.38109	560.7744
45.38377	560.777
45.38459	560.7795
45.38696	560.7816
45.39068	560.7842
45.39386	560.7868
45.39642	560.7873
45.39547	560.7904
45.39586	560.793
45.39699	560.7946
45.40057	560.7982
45.40353	560.8018
45.40604	560.8043
45.40731	560.8091
45.40669	560.8127
45.40814	560.8168
45.41112	560.821
45.41534	560.8251
45.41973	560.8298
45.42171	560.8329
45.42282	560.836
45.42331	560.8407
45.42578	560.8438
45.42672	560.8469
45.42889	560.85
45.43169	560.8536
45.43322	560.8568
45.43422	560.8599
45.43747	560.8629
45.43993	560.8665
45.44419	560.8696
45.44617	560.8733
45.44808	560.8769
45.45198	560.88
45.45177	560.8826
45.45269	560.8857
45.45377	560.8889
45.4573	560.8909
45.46008	560.8936
45.46219	560.8971
45.46537	560.9002
45.46941	560.9028
45.46978	560.9059
45.4721	560.9101
45.47351	560.9131
45.47664	560.9174
45.47896	560.9214
45.47856	560.9256
45.48147	560.9297
45.48502	560.9349
45.48885	560.9391
45.4906	560.9427
45.49129	560.9479
45.49211	560.9504
45.49208	560.9541
45.49406	560.9573
45.49405	560.9598
45.49846	560.9624
45.50032	560.9644
45.50525	560.9666
45.50839	560.9702
45.51011	560.9728
45.51221	560.9759
45.51691	560.9795
45.51822	560.9831
45.51968	560.9872
45.52235	560.9919
45.52335	560.9955
45.52543	560.9997
45.52854	561.0033
45.53049	561.007
45.53248	561.0101
45.5332	561.0137
45.53867	561.0168
45.53956	561.0193
45.54084	561.0219
45.54363	561.0256
45.5458	561.0281
45.54664	561.0313
45.54921	561.0339
45.55093	561.0375
45.55471	561.0406
45.55608	561.0432
45.55857	561.0468
45.56129	561.0499
45.56433	561.052
45.56501	561.0561
45.56725	561.0587
45.56941	561.0608
45.56997	561.0639
45.57503	561.066
45.57582	561.0681
45.57227	561.0701
45.57771	561.0712
45.58184	561.0732
45.58349	561.0753
45.58598	561.0764
45.59146	561.079
45.59017	561.0815
45.59459	561.0841
45.59474	561.0867
45.59849	561.0903
45.59881	561.094
45.59888	561.0976
45.60406	561.1007
45.60539	561.1043
45.60835	561.1074
45.6118	561.11
45.61405	561.1121
45.61636	561.1147
45.61772	561.1168
45.61925	561.1172
45.6171	561.1194
45.62127	561.1204
45.62301	561.122
45.62633	561.1245
45.63009	561.1266
45.63134	561.1292
45.63275	561.1318
45.63626	561.1349
45.63719	561.138
45.64158	561.1406
45.64478	561.1437
45.6469	561.1473
45.64695	561.1494
45.64838	561.152
45.64757	561.1556
45.64927	561.1582
45.65356	561.1608
45.65801	561.1655
45.65951	561.1691
45.66267	561.1722
45.66466	561.1763
45.6697	561.1805
45.67102	561.1851
45.67186	561.1882
45.67477	561.1924
45.67561	561.196
45.67895	561.1992
45.68057	561.2022
45.67865	561.2053
45.68331	561.2079
45.68718	561.21
45.68861	561.2131
45.68943	561.2157
45.69136	561.2183
45.69424	561.2208
45.69617	561.2245
45.69895	561.2277
45.70075	561.2308
45.70584	561.2349
45.7079	561.2391
45.70728	561.2432
45.7097	561.2473
45.7132	561.252
45.71481	561.2561
45.71653	561.2598
45.7178	561.2639
45.7197	561.2681
45.7233	561.2696
45.72258	561.2727
45.72571	561.2758
45.72712	561.2773
45.73109	561.2794
45.73296	561.281
45.73721	561.2836
45.73797	561.2861
45.7413	561.2888
45.7412	561.2923
45.74403	561.296
45.74693	561.2986
45.74942	561.3028
45.75003	561.3069
45.75195	561.3094
45.75741	561.3126
45.7571	561.3157
45.7599	561.3183
45.76194	561.3209
45.76518	561.3234
45.76875	561.326
45.77016	561.3281
45.76944	561.3312
45.77329	561.3338
45.77689	561.337
45.77749	561.3405
45.77876	561.3442
45.78271	561.3467
45.78392	561.3505
45.78373	561.3535
45.78935	561.3566
45.78942	561.3592
45.79186	561.3629
45.79531	561.366
45.79742	561.3675
45.79808	561.3701
45.80055	561.3721
45.80165	561.3743
45.8041	561.3769
45.80898	561.3784
45.81115	561.3809
45.81081	561.3835
45.81362	561.3862
45.81549	561.3887
45.81796	561.3913
45.82119	561.3955
45.82402	561.3986
45.82459	561.4011
45.82877	561.4053
45.82862	561.4089
45.83293	561.4111
45.83453	561.4142
45.83569	561.4167
45.83501	561.4188
45.84399	561.4203
45.84468	561.4214
45.84166	561.4235
45.84724	561.4245
45.84871	561.426
45.85064	561.4286
45.85005	561.4307
45.85333	561.4333
45.85567	561.4364
45.8581	561.44
45.85927	561.4431
45.86335	561.4462
45.86657	561.4499
45.87045	561.4524
45.87746	561.4545
45.87592	561.4565
45.87661	561.4587
45.87928	561.4597
45.87809	561.4612
45.87896	561.4639
45.88239	561.4654
45.88626	561.4675
45.88345	561.47
45.88843	561.4731
45.89467	561.4763
45.89472	561.4794
45.89756	561.4825
45.89938	561.4857
45.90165	561.4892
45.9045	561.4923
45.90495	561.4954
45.90365	561.4986
45.90956	561.5012
45.91273	561.5043
45.91361	561.5068
45.91502	561.5095
45.91971	561.5121
45.92177	561.5146
45.92451	561.5172
45.92384	561.5193
45.9253	561.5219
45.92975	561.525
45.93349	561.5276
45.9386	561.5307
45.93784	561.5338
45.93857	561.5363
45.93929	561.54
45.94027	561.5432
45.94274	561.5457
45.94649	561.5488
45.94782	561.5519
45.95154	561.555
45.95246	561.5571
45.95291	561.5591
45.9549	561.5623
45.95882	561.5643
45.95937	561.567
45.96569	561.5695
45.96844	561.5727
45.968	561.5758
45.96765	561.5783
45.97094	561.582
45.97358	561.5856
45.97431	561.5887
45.97323	561.5913
45.97927	561.5944
45.9845	561.5975
45.98487	561.5996
45.98643	561.6016
45.98931	561.6047
45.99165	561.6074
45.99673	561.6089
45.9956	561.6125
45.99498	561.6157
45.99654	561.6187
45.99989	561.6224
46.00384	561.626
46.00763	561.6296
46.00904	561.6332
46.01262	561.6373
46.01304	561.6404
46.01432	561.6431
46.0175	561.6462
46.02031	561.6488
46.02084	561.6514
46.02229	561.6529
46.02714	561.655
46.02657	561.6566
46.02829	561.6581
46.03297	561.6591
46.03383	561.6607
46.03442	561.6633
46.03963	561.6643
46.04316	561.6664
46.04116	561.6689
46.04286	561.6726
46.04337	561.6752
46.04887	561.6777
46.05114	561.6815
46.05458	561.685
46.05635	561.6871
46.05743	561.6902
46.05904	561.6928
46.06099	561.6954
46.06271	561.697
46.06656	561.699
46.067	561.7016
46.06819	561.7042
46.07006	561.7057
46.0743	561.7088
46.07904	561.7125
46.07796	561.7156
46.08148	561.7192
46.08462	561.7234
46.08553	561.7271
46.08841	561.7311
46.09172	561.7348
46.09322	561.739
46.09599	561.743
46.09782	561.7461
46.10067	561.7498
46.10189	561.7534
46.10087	561.7565
46.10141	561.7591
46.10504	561.7622
46.10844	561.7653
46.11059	561.769
46.11415	561.7725
46.11565	561.7756
46.11656	561.7798
46.12152	561.7834
46.12421	561.7866
46.12532	561.7908
46.12819	561.7943
46.13107	561.7969
46.13402	561.7996
46.13715	561.8021
46.13543	561.8047
46.13775	561.8067
46.14181	561.8078
46.14793	561.8098
46.14586	561.812
46.14961	561.8135
46.14692	561.8161
46.15282	561.8187
46.15493	561.8213
46.15329	561.8239
46.16179	561.8275
46.16135	561.8311
46.15879	561.8342
46.16325	561.8378
46.17028	561.8415
46.173	561.8446
46.17286	561.8472
46.17287	561.8492
46.17844	561.8518
46.18271	561.8534
46.18306	561.8544
46.19258	561.8565
46.17998	561.8575
46.18291	561.8591
46.18269	561.8611
46.18572	561.8627
46.19058	561.8653
46.19147	561.8684
46.19832	561.8715
46.19936	561.8752
46.19801	561.8777
46.20363	561.8819
46.20797	561.886
46.20873	561.8887
46.20858	561.8922
46.21355	561.8964
46.21796	561.899
46.21894	561.9026
46.22227	561.9057
46.22353	561.9094
46.22363	561.913
46.2262	561.9166
46.23047	561.9207
46.23241	561.9244
46.23332	561.9275
46.23671	561.9316
46.23919	561.9348
46.23976	561.9379
46.24344	561.942
46.24894	561.9451
46.2465	561.9476
46.25146	561.9507
46.25392	561.9534
46.25291	561.957
46.25343	561.9596
46.256	561.9622
46.26102	561.9643
46.26243	561.9674
46.26549	561.9699
46.26771	561.9725
46.2667	561.9752
46.26984	561.9783
46.27177	561.9824
46.27363	561.9855
46.27397	561.9897
46.27757	561.9943
46.28058	561.9974
46.28196	562.0016
46.285	562.0041
46.28735	562.0067
46.29082	562.0093
46.29126	562.0114
46.29336	562.0129
46.29713	562.015
46.29864	562.0165
46.29874	562.0181
46.29711	562.0208
46.30419	562.0228
46.30818	562.0259
46.31235	562.029
46.31258	562.0331
46.31441	562.0363
46.31602	562.0404
46.31504	562.0446
46.32121	562.0482
46.32454	562.0518
46.32609	562.0544
46.32738	562.0575
46.32895	562.0607
46.3327	562.0632
46.3329	562.0653
46.33354	562.0678
46.33335	562.0704
46.34048	562.0725
46.34276	562.0751
46.34459	562.0777
46.34777	562.0814
46.34997	562.0845
46.35318	562.088
46.35471	562.0917
46.35604	562.0953
46.35934	562.0989
46.35996	562.1026
46.35905	562.1057
46.36447	562.1088
46.36711	562.1114
46.37178	562.114
46.37268	562.1166
46.37682	562.1187
46.37527	562.1212
46.38097	562.1238
46.38077	562.1269
46.38189	562.13
46.38422	562.1331
46.38509	562.1368
46.38758	562.1409
46.38997	562.1445
46.39486	562.1482
46.39395	562.1517
46.39452	562.1554
46.39811	562.1586
46.39945	562.1611
46.4068	562.1637
46.40536	562.1652
46.40808	562.1674
46.41141	562.1694
46.41243	562.171
46.41301	562.1735
46.41775	562.1746
46.41967	562.1777
46.42122	562.1808
46.42303	562.1833
46.42631	562.1865
46.42783	562.1896
46.43077	562.1932
46.43469	562.1964
46.43415	562.1999
46.43474	562.2025
46.43718	562.2051
46.43977	562.2083
46.44197	562.2114
46.44451	562.2139
46.44654	562.2166
46.44893	562.2191
46.4486	562.2217
46.45504	562.2248
46.45786	562.2289
46.46017	562.2321
46.46299	562.2363
46.46252	562.2398
46.46439	562.243
46.46703	562.2471
46.46454	562.2502
46.46338	562.2523
46.469	562.2549
46.47872	562.257
46.48409	562.2585
46.48138	562.2605
46.478	562.2621
46.48439	562.2631
46.48881	562.2653
46.49063	562.2673
46.49205	562.2689
46.49354	562.272
46.49493	562.2745
46.49693	562.2776
46.50102	562.2813
46.50393	562.2844
46.50267	562.2885
46.50329	562.2916
46.50728	562.2953
46.50898	562.2984
46.51316	562.301
46.51636	562.303
46.51725	562.3051
46.51934	562.3066
46.52205	562.3082
46.52494	562.3087
46.52642	562.3103
46.52877	562.3129
46.53195	562.3139
46.53173	562.316
46.53558	562.3196
46.53894	562.3222
46.54061	562.3258
46.54268	562.3295
46.54601	562.3331
46.5471	562.3372
46.5469	562.3403
46.5501	562.3434
46.55375	562.3466
46.5517	562.3486
46.55753	562.3517
46.56056	562.3544
46.56133	562.3559
46.56555	562.3595
46.56628	562.3626
46.56794	562.3647
46.56806	562.3683
46.57132	562.3724
46.57602	562.3755
46.57724	562.3792
46.5775	562.3833
46.58147	562.3859
46.58496	562.3895
46.58633	562.3926
46.59009	562.3953
46.5932	562.3979
46.59317	562.4005
46.59569	562.4025
46.59605	562.4041
46.59724	562.4066
46.60204	562.4082
46.60555	562.4103
46.606	562.4128
46.60663	562.4155
46.6097	562.4186
46.61339	562.4217
46.6161	562.4247
46.6185	562.4294
46.61874	562.433
46.62018	562.4373
46.62252	562.4413
46.62551	562.4445
46.62836	562.447
46.62985	562.4507
46.63379	562.4528
46.6351	562.4548
46.63747	562.4569
46.63781	562.459
46.64127	562.4611
46.64385	562.4636
46.64568	562.4662
46.64861	562.4688
46.64882	562.4724
46.6501	562.4761
46.65326	562.4792
46.65858	562.4833
46.6593	562.4865
46.66011	562.4896
46.66065	562.4932
46.66413	562.4952
46.66502	562.4984
46.66963	562.5009
46.67494	562.5025
46.6736	562.5051
46.67588	562.5071
46.67671	562.5092
46.68041	562.5118
46.68349	562.5139
46.68451	562.517
46.68648	562.5206
46.68954	562.5237
46.69089	562.5279
46.69437	562.5315
46.69621	562.5356
46.69836	562.5392
46.6978	562.5429
46.69906	562.5455
46.70182	562.548
46.70564	562.5507
46.70705	562.5527
46.70836	562.5538
46.71185	562.5553
46.71587	562.5569
46.71933	562.5579
46.72012	562.5599
46.72136	562.5621
46.72402	562.5646
46.72591	562.5678
46.72676	562.5709
46.7304	562.5745
46.73093	562.5776
46.73527	562.5807
46.73818	562.5848
46.73855	562.5875
46.74217	562.59
46.74356	562.5931
46.74624	562.5952
46.75056	562.5978
46.75204	562.5999
46.75286	562.6014
46.75615	562.604
46.75628	562.6066
46.75843	562.6086
46.76116	562.6118
46.76498	562.6139
46.76546	562.617
46.76634	562.6201
46.77037	562.6227
46.77322	562.6268
46.77224	562.6299
46.77402	562.6331
46.77814	562.6362
46.78102	562.6387
46.78566	562.6423
46.78539	562.645
46.78706	562.6475
46.78635	562.6501
46.7919	562.6528
46.79464	562.6553
46.79836	562.6579
46.80026	562.6605
46.79905	562.6641
46.80066	562.6677
46.80415	562.6703
46.80953	562.6735
46.80927	562.677
46.81002	562.6801
46.81659	562.6823
46.81984	562.6854
46.8192	562.6879
46.82224	562.69
46.82219	562.6921
46.82618	562.6936
46.82949	562.6962
46.82917	562.6978
46.83218	562.6999
46.83344	562.703
46.83521	562.7056
46.8363	562.7076
46.84123	562.7118
46.84014	562.7149
46.84752	562.718
46.85065	562.7216
46.8486	562.7252
46.85057	562.7289
46.85336	562.732
46.85573	562.735
46.85763	562.7382
46.85966	562.7407
46.86439	562.7433
46.86681	562.746
46.86696	562.7485
46.86929	562.7511
46.87132	562.7542
46.87019	562.7573
46.8762	562.7604
46.87815	562.7641
46.87896	562.7682
46.88245	562.7719
46.8836	562.776
46.8855	562.7796
46.88496	562.7838
46.88841	562.7874
46.89219	562.7905
46.89658	562.7936
46.89761	562.7962
46.8985	562.7988
46.89936	562.8013
46.9004	562.804
46.90556	562.8066
46.90808	562.8091
46.90879	562.8118
46.911	562.8148
46.91616	562.8179
46.9169	562.821
46.9202	562.8247
46.92045	562.8273
46.92354	562.8304
46.92761	562.8335
46.92815	562.8361
46.93279	562.8377
46.93484	562.8408
46.93387	562.8423
46.93646	562.8439
46.93996	562.8464
46.94204	562.847
46.94312	562.8491
46.94596	562.8511
46.94762	562.8527
46.94944	562.8552
46.95205	562.8573
46.95557	562.8604
46.957	562.8641
46.95831	562.8666
46.96251	562.8698
46.96542	562.8739
46.96522	562.8765
46.97047	562.8796
46.97651	562.8822
46.95925	562.8843
46.97963	562.8863
46.97553	562.8879
46.98064	562.8894
46.9833	562.89
46.98512	562.8905
46.98641	562.892
46.98682	562.8931
46.98893	562.8942
46.9931	562.8962
46.99539	562.8988
46.99887	562.9008
46.99901	562.9039
47.00175	562.9076
47.00459	562.9107
47.00224	562.9132
47.00491	562.9169
47.0091	562.92
47.01314	562.9221
47.0144	562.9241
47.01633	562.9268
47.01012	562.9283
47.01867	562.9299
47.02636	562.9319
47.0257	562.9345
47.02797	562.9365
47.02531	562.9381
47.03251	562.9418
47.03001	562.9443
47.03325	562.9454
47.035	562.949
47.03929	562.9516
47.04309	562.9531
47.04734	562.9552
47.05199	562.9573
47.05229	562.9594
47.05397	562.9604
47.05342	562.962
47.05545	562.9641
47.05453	562.9651
47.0569	562.9666
47.06132	562.9698
47.06385	562.9723
47.06945	562.9744
47.07173	562.9775
47.07167	562.9817
47.07486	562.9847
47.07595	562.9879
47.07844	562.9921
47.08115	562.9956
47.08218	562.9993
47.08488	563.0029
47.08582	563.006
47.0906	563.0102
47.09259	563.0133
47.09398	563.0159
47.09464	563.02
47.09689	563.0226
47.1008	563.0257
47.10258	563.0288
47.10537	563.032
47.10783	563.036
47.10863	563.0391
47.111	563.0428
47.11265	563.0469
47.11452	563.05
47.11728	563.0532
47.11825	563.0568
47.12115	563.0604
47.12012	563.063
47.12205	563.0651
47.12653	563.0682
47.13026	563.0708
47.13221	563.0728
47.13823	563.0754
47.1384	563.0786
47.14313	563.0811
47.14415	563.0848
47.14429	563.0873
47.14721	563.0904
47.1493	563.0935
47.15216	563.0957
47.15414	563.0982
47.15603	563.1013
47.15673	563.1028
47.16005	563.105
47.16092	563.107
47.16355	563.1091
47.16677	563.1112
47.16809	563.1127
47.17217	563.1138
47.17026	563.1153
47.17587	563.1163
47.17774	563.1179
47.17895	563.1184
47.18082	563.119
47.18274	563.121
47.18506	563.1221
47.18761	563.1241
47.19098	563.1262
47.19165	563.1288
47.19547	563.1308
47.19587	563.1334
47.19996	563.1365
47.20179	563.1385
47.20219	563.1412
47.2086	563.1438
47.20889	563.1448
47.20913	563.1464
47.21272	563.1479
47.21714	563.15
47.21743	563.1511
47.22107	563.1531
47.21979	563.1552
47.22317	563.1578
47.22488	563.1599
47.22804	563.163
47.2308	563.1661
47.23037	563.1687
47.23471	563.1718
47.23614	563.1744
47.24002	563.1769
47.2408	563.179
47.24258	563.1816
47.24524	563.1837
47.24606	563.1852
47.24838	563.1868
47.25206	563.1884
47.25608	563.1894
47.25849	563.192
47.25781	563.194
47.26118	563.1961
47.26466	563.1992
47.26488	563.2023
47.26626	563.206
47.2687	563.2096
47.26915	563.2132
47.27334	563.2174
47.27464	563.2209
47.27601	563.2241
47.27857	563.2283
47.27978	563.2309
47.28588	563.2324
47.28949	563.2355
47.29384	563.2386
47.29949	563.2402
47.29461	563.2427
47.30075	563.2464
47.30509	563.2495
47.30435	563.2526
47.30779	563.2567
47.31056	563.2604
47.30955	563.2635
47.30854	563.2671
47.31012	563.2708
47.31251	563.2738
47.31628	563.2759
47.32072	563.279
47.32142	563.2821
47.32568	563.2831
47.33018	563.2852
47.3264	563.2878
47.33057	563.2899
47.33387	563.2924
47.33521	563.295
47.33743	563.2977
47.33638	563.3008
47.33964	563.3044
47.34347	563.3075
47.34633	563.3105
47.34848	563.3148
47.35094	563.3179
47.35002	563.321
47.35233	563.3246
47.35536	563.3277
47.35681	563.3308
47.3569	563.3334
47.36028	563.337
47.36192	563.3397
47.36288	563.3417
47.36911	563.3448
47.37085	563.3479
47.37342	563.3505
47.37612	563.3541
47.37741	563.3572
47.37987	563.3599
47.38069	563.3635
47.38323	563.3665
47.38638	563.3691
47.3891	563.3723
47.39041	563.3748
47.39314	563.3774
47.39257	563.3795
47.39844	563.381
47.3995	563.3837
47.40074	563.3857
47.40375	563.3878
47.40654	563.3899
47.40979	563.3919
47.41356	563.3934
47.41455	563.3965
47.41457	563.3992
47.41544	563.4018
47.41805	563.4049
47.4224	563.4075
47.42208	563.41
47.42694	563.4127
47.42889	563.4147
47.42975	563.4173
47.43361	563.4189
47.43256	563.4204
47.43661	563.423
47.44047	563.4246
47.44217	563.4261
47.44679	563.4287
47.4481	563.4313
47.45051	563.4339
47.45101	563.437
47.45539	563.4406
47.45693	563.4448
47.45821	563.4479
47.4621	563.452
47.46354	563.4562
47.46416	563.4598
47.46516	563.464
47.47441	563.4675
47.47358	563.4712
47.47409	563.4738
47.47604	563.4769
47.47883	563.4805
47.48135	563.4831
47.48304	563.4857
47.4844	563.4888
47.48201	563.4913
47.48214	563.494
47.48926	563.4971
47.49494	563.5002
47.49699	563.5038
47.49467	563.5064
47.4996	563.509
47.50169	563.5121
47.49455	563.5142
47.50276	563.5162
47.51225	563.5184
47.51716	563.5193
47.51941	563.5215
47.51628	563.5235
47.51719	563.5255
47.51987	563.5271
47.51928	563.5297
47.52199	563.5323
47.52253	563.5355
47.52421	563.5386
47.52481	563.5422
47.52932	563.5463
47.53033	563.5499
47.53442	563.5541
47.53879	563.5572
47.53896	563.5608
47.54082	563.5639
47.54269	563.5665
47.54548	563.5685
47.5472	563.5701
47.54967	563.5717
47.55369	563.5728
47.55292	563.5743
47.55702	563.5758
47.56227	563.5779
47.56573	563.5784
47.56578	563.5815
47.56701	563.5837
47.57053	563.5862
47.57219	563.5898
47.57275	563.593
47.57476	563.5966
47.5767	563.6007
47.57988	563.6043
47.58339	563.6079
47.58484	563.6116
47.58247	563.6147
47.59108	563.6183
47.5898	563.6209
47.59153	563.624
47.59399	563.6265
47.59489	563.6292
47.59942	563.6323
47.60485	563.6349
47.60421	563.6385
47.60469	563.6421
47.60638	563.6448
47.6063	563.6483
47.60892	563.653
47.61676	563.6567
47.61932	563.6598
47.61989	563.6639
47.62246	563.6675
47.62374	563.6707
47.62651	563.6732
47.62727	563.6768
47.63063	563.6799
47.63296	563.6816
47.63625	563.6841
47.63741	563.6877
47.64051	563.6898
47.64158	563.6924
47.64244	563.6955
47.64574	563.6986
47.64774	563.7017
47.64954	563.7054
47.65376	563.7084
47.6565	563.7115
47.65639	563.7151
47.65649	563.7178
47.65783	563.7204
47.66496	563.7229
47.66616	563.7244
47.6675	563.7271
47.67019	563.7281
47.67166	563.7307
47.6748	563.7322
47.67585	563.7344
47.67855	563.7375
47.68092	563.739
47.68301	563.7416
47.68633	563.7453
47.68866	563.7478
47.69184	563.7504
47.69554	563.7535
47.69646	563.7566
47.69732	563.7592
47.70087	563.7623
47.70292	563.7654
47.70336	563.768
47.7059	563.7706
47.70953	563.7732
47.71135	563.7763
47.71212	563.7789
47.71614	563.782
47.72075	563.7851
47.7212	563.7877
47.72267	563.7908
47.72413	563.7939
47.72622	563.796
47.72941	563.7991
47.73146	563.8027
47.72998	563.8053
47.72876	563.8079
47.73246	563.811
47.73373	563.8137
47.73594	563.8168
47.74155	563.8193
47.74647	563.8224
47.74904	563.826
47.74908	563.8286
47.75355	563.8317
47.75653	563.8359
47.75748	563.839
47.757	563.8426
47.75755	563.8467
47.76586	563.8503
47.76877	563.8541
47.77134	563.8582
47.77368	563.8613
47.77318	563.8644
47.77528	563.867
47.77568	563.8696
47.7799	563.8711
47.78498	563.6514
47.78596	563.7405
47.78788	563.7468
47.78893	563.7722
47.79252	563.7924
47.79425	563.8115
47.79649	563.8436
47.79899	563.8535
47.80019	563.8685
47.80296	563.8696
47.80437	563.8783
47.80785	563.9037
47.8111	563.8835
47.81062	563.9327
47.81326	563.9213
47.81724	563.9374
47.81807	563.924
47.81971	563.9482
47.82045	563.9462
47.82635	563.939
47.82816	563.9524
47.83214	563.9664
47.83406	563.9758
47.83243	563.9669
47.83517	563.9576
47.83794	563.9861
47.83892	563.9649
47.84062	563.9778
47.84235	563.9809
47.84662	563.9778
47.84837	563.9675
47.85168	564.0151
47.85709	564.0172
47.85766	563.9975
47.85831	564.0011
47.86223	564.0068
47.86522	564.0244
47.86536	564.0057
47.86807	564.0275
47.87115	564.026
47.8731	564.0286
47.87407	564.0151
47.87304	564.0214
47.87503	564.0016
47.87875	564.0187
47.88216	564.027
47.88549	564.0312
47.88899	564.0426
47.88788	564.0374
47.88892	564.043
47.89301	564.0446
47.89624	564.056
47.89873	564.0187
47.90061	564.0203
47.90063	564.0219
47.90028	564.0229
47.90643	564.0244
47.90766	564.027
47.90981	564.0281
47.91701	564.0306
47.91607	564.0333
47.91852	564.0358
47.921	564.0384
47.92506	564.0415
47.9236	564.0436
47.92834	564.0468
47.93019	564.0493
47.93188	564.0519
47.93478	564.0545
47.93428	564.0571
47.93773	564.0597
47.94051	564.0617
47.94405	564.0648
47.94373	564.0679
47.94821	564.0706
47.9514	564.0737
47.95344	564.0778
47.95162	564.0809
47.95524	564.084
47.95931	564.0876
47.96227	564.0912
47.96154	564.0944
47.96437	564.097
47.96617	564.0995
47.96789	564.1021
47.97064	564.1036
47.97435	564.1063
47.97712	564.1078
47.98549	564.1094
47.98418	564.1115
47.98191	564.113
47.98089	564.1156
47.97776	564.1182
47.96913	564.1208
47.9901	564.1239
47.99552	564.127
47.99774	564.1301
48.00126	564.1337
48.00297	564.1363
48.00528	564.1389
48.0079	564.142
48.00891	564.144
48.01074	564.1457
48.01138	564.1478
48.01076	564.1493
48.01976	564.1509
48.01801	564.1524
48.02208	564.155
48.02124	564.1576
48.02549	564.1607
48.02902	564.1643
48.02805	564.168
48.02993	564.1721
48.03669	564.1767
48.03492	564.1799
48.03918	564.1845
48.0466	564.1882
48.04024	564.1912
48.03945	564.1949
48.04658	564.1974
48.04835	564.2
48.0505	564.2031
48.0525	564.2053
48.06047	564.2078
48.06258	564.2104
48.06143	564.2125
48.06525	564.2156
48.0657	564.2181
48.06764	564.2208
48.07053	564.2239
48.07112	564.2264
48.07426	564.2291
48.07741	564.2327
48.07954	564.2348
48.08165	564.2379
48.08602	564.2404
48.08273	564.243
48.0802	564.2457
48.08634	564.2482
48.09006	564.2508
48.09194	564.2534
48.09631	564.2555
48.09899	564.2581
48.10052	564.2606
48.10303	564.2637
48.10525	564.2659
48.1074	564.269
48.11292	564.2726
48.11444	564.2757
48.11422	564.2793
48.11539	564.283
48.11988	564.2866
48.12119	564.2897
48.12243	564.2922
48.12502	564.2959
48.12886	564.2979
48.13068	564.3
48.13143	564.3032
48.13525	564.3047
48.13575	564.3063
48.13732	564.3083
48.14021	564.3104
48.14231	564.3125
48.14405	564.3156
48.14788	564.3192
48.15197	564.3223
48.1551	564.3259
48.15434	564.3301
48.15955	564.3337
48.16246	564.3378
48.16221	564.342
48.16297	564.3456
48.16805	564.3492
48.16741	564.3524
48.17154	564.3555
48.17183	564.3591
48.17607	564.3611
48.17841	564.3647
48.17921	564.3679
48.18058	564.37
48.185	564.3725
48.18657	564.3762
48.18732	564.3788
48.18924	564.3819
48.19351	564.3834
48.19613	564.3865
48.19536	564.3896
48.20017	564.3912
48.20242	564.3938
48.20068	564.3964
48.20478	564.3984
48.20789	564.4011
48.2089	564.4026
48.21211	564.4058
48.21467	564.4083
48.21726	564.4109
48.21959	564.4145
48.22382	564.4176
48.22429	564.4207
48.22737	564.4254
48.23105	564.4285
48.23204	564.4326
48.22989	564.4368
48.23401	564.4399
48.23571	564.4435
48.23786	564.4471
48.24055	564.4498
48.24417	564.4529
48.24534	564.4549
48.24841	564.4575
48.25217	564.4601
48.25328	564.4617
48.2549	564.4642
48.25747	564.4669
48.26001	564.4695
48.26285	564.4725
48.26543	564.4756
48.26743	564.4792
48.26844	564.4828
48.27024	564.4871
48.27406	564.4907
48.27533	564.4937
48.27785	564.4974
48.28129	564.5005
48.28388	564.5031
48.28315	564.5057
48.285	564.5083
48.287	564.5109
48.29284	564.5135
48.2921	564.5166
48.29669	564.5192
48.29819	564.5228
48.29926	564.5259
48.30073	564.529
48.3046	564.5321
48.30767	564.5358
48.30675	564.5388
48.30823	564.5414
48.31252	564.5435
48.31612	564.5466
48.31632	564.5487
48.31938	564.5497
48.32303	564.5518
48.32767	564.5544
48.32823	564.5554
48.33001	564.5565
48.33204	564.559
48.33388	564.5605
48.33628	564.5627
48.34106	564.5648
48.34136	564.5674
48.34133	564.5699
48.34594	564.572
48.34708	564.5751
48.34831	564.5787
48.35014	564.5798
48.35166	564.5818
48.35403	564.5844
48.35733	564.585
48.35788	564.5865
48.36225	564.5875
48.36478	564.5891
48.3677	564.5901
48.36955	564.5912
48.37119	564.5932
48.37182	564.5953
48.37668	564.5969
48.37951	564.6
48.37921	564.6036
48.38062	564.6067
48.38509	564.6108
48.38699	564.6145
48.39167	564.6181
48.39436	564.6218
48.39476	564.6243
48.39707	564.6274
48.39777	564.63
48.40154	564.632
48.40188	564.6337
48.40253	564.6357
48.40533	564.6367
48.41227	564.6378
48.41572	564.6398
48.41693	564.6414
48.41839	564.6435
48.42236	564.6456
48.42369	564.6476
48.42394	564.6502
48.42628	564.6528
48.42884	564.6553
48.43032	564.658
48.43173	564.66
48.43457	564.6622
48.43666	564.6642
48.43921	564.6663
48.44145	564.6673
48.44421	564.6694
48.45225	564.6714
48.44285	564.6735
48.4466	564.6756
48.45272	564.6782
48.4557	564.6818
48.45729	564.6849
48.45978	564.6886
48.46471	564.6926
48.46766	564.6974
48.46902	564.701
48.46816	564.7051
48.47011	564.7093
48.4726	564.7124
48.47665	564.7155
48.48123	564.7175
48.48019	564.7197
48.48256	564.7222
48.48452	564.7228
48.48493	564.7248
48.49048	564.7259
48.49041	564.7274
48.49176	564.7295
48.49556	564.7316
48.49812	564.7341
48.50029	564.7372
48.50158	564.7403
48.50454	564.7435
48.50963	564.7471
48.50864	564.7502
48.50972	564.7528
48.51507	564.7559
48.51705	564.7585
48.519	564.7606
48.52011	564.7626
48.51982	564.7652
48.52491	564.7663
48.52768	564.7678
48.53014	564.7698
48.53252	564.7714
48.53471	564.7735
48.53728	564.7756
48.53789	564.7772
48.53986	564.7797
48.54256	564.7818
48.5443	564.7828
48.54593	564.785
48.54882	564.7859
48.55116	564.7875
48.55421	564.7885
48.55696	564.789
48.55875	564.7901
48.55779	564.7901
48.5603	564.7911
48.56572	564.7921
48.56776	564.7927
48.56958	564.7936
48.5706	564.7953
48.57314	564.7974
48.57733	564.7994
48.58206	564.8015
48.58248	564.8046
48.58293	564.8077
48.58421	564.8103
48.58547	564.8134
48.58857	564.816
48.58954	564.8176
48.59233	564.8201
48.59598	564.8212
48.59787	564.8227
48.60209	564.8238
48.6039	564.8248
48.60316	564.8253
48.60848	564.8269
48.60769	564.8289
48.61029	564.8304
48.61556	564.8331
48.61507	564.8356
48.61768	564.8383
48.61849	564.8414
48.62141	564.8445
48.62096	564.8465
48.62722	564.8502
48.62674	564.8522
48.62854	564.8542
48.63211	564.8564
48.63564	564.8585
48.63789	564.8611
48.64417	564.8626
48.64244	564.8636
48.63833	564.8673
48.64309	564.8683
48.64854	564.8709
48.65214	564.874
48.65646	564.876
48.65737	564.8787
48.65736	564.8813
48.66143	564.8838
48.66386	564.8869
48.66642	564.8885
48.66696	564.8911
48.66898	564.8937
48.67197	564.8958
48.67278	564.8973
48.67369	564.8994
48.67986	564.9015
48.67949	564.9036
48.68223	564.9045
48.68551	564.9082
48.68711	564.9102
48.68961	564.9128
48.69081	564.9164
48.69099	564.9202
48.69477	564.9232
48.70012	564.9263
48.70019	564.9299
48.70233	564.933
48.70448	564.9357
48.70768	564.9372
48.70904	564.9398
48.71269	564.9413
48.71572	564.9424
48.71688	564.944
48.71921	564.9449
48.72039	564.9466
48.72204	564.9475
48.72404	564.9491
48.72749	564.9517
48.72868	564.9537
48.73105	564.9559
48.73388	564.959
48.73758	564.9615
48.74017	564.9636
48.73866	564.9667
48.74389	564.9698
48.74532	564.9719
48.74897	564.9739
48.74987	564.9766
48.75068	564.9792
48.75362	564.9808
48.75854	564.9828
48.76001	564.9859
48.75992	564.9885
48.76459	564.9911
48.76847	564.9942
48.77036	564.9973
48.77297	564.9999
48.7726	565.0025
48.77715	565.0061
48.77625	565.0087
48.77717	565.0112
48.78281	565.0139
48.78516	565.0159
48.78632	565.0181
48.7915	565.0196
48.79037	565.0222
48.793	565.0232
48.79535	565.0247
48.79824	565.0273
48.799	565.0289
48.79954	565.0309
48.80369	565.0341
48.80687	565.0367
48.8138	565.0392
48.8058	565.0424
48.80911	565.046
48.81343	565.0496
48.81671	565.0522
48.8196	565.0554
48.82361	565.0584
48.82477	565.06
48.82759	565.0631
48.83092	565.0652
48.82692	565.0667
48.82838	565.0683
48.8281	565.0698
48.83287	565.0718
48.83898	565.0729
48.83962	565.0756
48.84315	565.0781
48.8413	565.0807
48.8452	565.0849
48.8508	565.0875
48.84925	565.0916
48.85855	565.0957
48.86375	565.0994
48.85637	565.104
48.85501	565.1071
48.83741	565.1102
48.86108	565.1144
48.86187	565.1169
48.87125	565.1195
48.87292	565.1226
48.87353	565.1252
48.87916	565.1284
48.88194	565.1309
48.88453	565.1346
48.88797	565.1377
48.88594	565.1408
48.88498	565.1439
48.88639	565.1475
48.89194	565.1506
48.89573	565.1533
48.89746	565.1564
48.89778	565.1589
48.89926	565.1616
48.89941	565.1641
48.90118	565.1662
48.90407	565.1682
48.91046	565.1708
48.91147	565.1729
48.91616	565.1755
48.91801	565.1776
48.92077	565.1802
48.92077	565.1832
48.92292	565.1854
48.92393	565.1884
48.92797	565.1915
48.93249	565.1941
48.93424	565.1973
48.93518	565.2004
48.93859	565.2035
48.93822	565.2045
48.94346	565.207
48.9465	565.2097
48.94712	565.2101
48.94906	565.2117
48.95158	565.2133
48.95473	565.2148
48.95745	565.2164
48.9579	565.218
48.96172	565.2195
48.96337	565.2216
48.96579	565.2231
48.96931	565.2263
48.97097	565.2288
48.97447	565.2309
48.97706	565.2335
48.98064	565.2361
48.97883	565.2372
48.97895	565.2397
48.98465	565.2428
48.98833	565.2439
48.98781	565.2454
48.99077	565.248
48.99459	565.2491
48.99492	565.2516
48.99684	565.2532
49.00007	565.2563
49.00254	565.2589
49.00466	565.2615
49.0052	565.2646
49.0094	565.2682
49.0092	565.2708
49.00922	565.2739
49.01174	565.277
49.01519	565.2791
49.01921	565.2817
49.02246	565.2833
49.02494	565.2848
49.02679	565.2869
49.02631	565.2885
49.02999	565.2894
49.0328	565.2916
49.03278	565.2936
49.03609	565.2962
49.04298	565.2988
49.03742	565.3024
49.03993	565.306
49.04585	565.3096
49.05345	565.3133
49.04965	565.3174
49.05677	565.321
49.05471	565.3242
49.05989	565.3273
49.06264	565.3298
49.06086	565.3319
49.06289	565.334
49.06647	565.3356
49.06923	565.3371
49.07121	565.3376
49.07005	565.3397
49.07637	565.3418
49.07789	565.3428
49.08024	565.3448
49.08307	565.3475
49.08292	565.3501
49.08423	565.3527
49.08657	565.3557
49.0905	565.3589
49.09425	565.3609
49.0956	565.3635
49.09747	565.3666
49.10024	565.3677
49.10366	565.3698
49.10318	565.3724
49.10623	565.374
49.10885	565.3755
49.112	565.378
49.1153	565.3806
49.11356	565.3832
49.11594	565.3858
49.12093	565.3889
49.12335	565.392
49.12379	565.3941
49.12796	565.3972
49.13107	565.3998
49.13168	565.4019
49.13556	565.4044
49.13919	565.407
49.14197	565.4081
49.14035	565.4107
49.14548	565.4122
49.14569	565.4133
49.14695	565.4159
49.14863	565.4174
49.14994	565.419
49.15379	565.4211
49.15485	565.4242
49.1583	565.4257
49.15949	565.4283
49.16323	565.4308
49.16636	565.4346
49.1672	565.4371
49.16925	565.4397
49.1729	565.4428
49.17561	565.4454
49.17885	565.4474
49.17944	565.4506
49.18232	565.4521
49.18353	565.4536
49.18477	565.4562
49.19027	565.4584
49.18928	565.4604
49.19061	565.4635
49.1952	565.4661
49.19783	565.4692
49.19921	565.4723
49.20068	565.476
49.20452	565.4801
49.20603	565.4832
49.20951	565.4868
49.21053	565.4899
49.21199	565.493
49.21613	565.4957
49.21806	565.4977
49.22186	565.5003
49.22231	565.5023
49.22358	565.5045
49.22842	565.507
49.22719	565.5096
49.23091	565.5117
49.23388	565.5148
49.2372	565.5179
49.24157	565.5205
49.24232	565.5236
49.23982	565.5272
49.24566	565.5298
49.24675	565.5334
49.24897	565.536
49.25304	565.5381
49.25293	565.5402
49.25738	565.5412
49.25972	565.5433
49.26048	565.5438
49.26168	565.5438
49.26618	565.5453
49.26653	565.5464
49.27048	565.5474
49.2729	565.549
49.2738	565.5511
49.27361	565.5532
49.27561	565.5557
49.28103	565.5583
49.28279	565.5614
49.28708	565.564
49.2885	565.5671
49.28907	565.5703
49.29179	565.5723
49.29327	565.5744
49.29581	565.5754
49.29632	565.5775
49.29983	565.579
49.30368	565.5801
49.30627	565.5816
49.30898	565.5832
49.31221	565.5842
49.31376	565.5868
49.31611	565.5884
49.31519	565.5909
49.32005	565.5941
49.32324	565.5967
49.32196	565.5993
49.34134	565.6028
49.32378	565.6055
49.33339	565.608
49.33279	565.6106
49.33603	565.6132
49.33688	565.6158
49.34366	565.6174
49.34578	565.6194
49.34612	565.622
49.34625	565.6241
49.34743	565.6262
49.35042	565.6288
49.35145	565.6319
49.35454	565.634
49.35713	565.637
49.35947	565.6407
49.36331	565.6432
49.36114	565.6459
49.36788	565.6484
49.37678	565.6511
49.37562	565.6531
49.37573	565.6547
49.37463	565.6562
49.37652	565.6578
49.3792	565.6593
49.38297	565.6599
49.38524	565.6619
49.38529	565.6639
49.38912	565.6646
49.39233	565.6671
49.3941	565.6697
49.39397	565.6723
49.39682	565.6759
49.40029	565.6785
49.40202	565.6821
49.40508	565.6847
49.4066	565.6873
49.41003	565.6904
49.4109	565.6925
49.41467	565.6935
49.41653	565.695
49.418	565.6961
49.42175	565.6966
49.42467	565.6976
49.4274	565.6987
49.43048	565.6997
49.42915	565.7018
49.43018	565.7034
49.43297	565.7059
49.43709	565.709
49.43702	565.7116
49.44001	565.7148
49.44579	565.7179
49.45023	565.7205
49.45016	565.7225
49.45132	565.7252
49.45604	565.7277
49.45453	565.7292
49.45845	565.7303
49.46223	565.7323
49.46696	565.7339
49.46797	565.736
49.46489	565.738
49.46679	565.7407
49.4695	565.7432
49.47062	565.7463
49.48317	565.75
49.48574	565.7531
49.48146	565.7562
49.48608	565.7598
49.48655	565.7629
49.48593	565.7656
49.48647	565.7681
49.4916	565.7707
49.50217	565.7722
49.50009	565.7744
49.49816	565.7769
49.50031	565.778
49.50144	565.78
49.50734	565.7826
49.50943	565.7847
49.50912	565.7878
49.5159	565.7905
49.51587	565.7935
49.51952	565.7976
49.52007	565.8008
49.52419	565.8044
49.52507	565.808
49.52783	565.8106
49.52963	565.8137
49.53078	565.8158
49.53265	565.8178
49.53467	565.8199
49.5382	565.8209
49.53952	565.822
49.54137	565.8235
49.54338	565.8251
49.54636	565.8271
49.54961	565.8298
49.55132	565.8328
49.55255	565.8359
49.55625	565.8401
49.55701	565.8438
49.56103	565.8479
49.5655	565.852
49.56562	565.8557
49.56707	565.8597
49.56799	565.8629
49.5707	565.866
49.5748	565.8691
49.57623	565.8712
49.57828	565.8743
49.5802	565.8764
49.58366	565.879
49.58805	565.8815
49.58752	565.8836
49.58792	565.8862
49.59236	565.8893
49.59379	565.8924
49.59416	565.895
49.59708	565.8976
49.6004	565.9002
49.60186	565.9028
49.6055	565.9054
49.60724	565.9074
49.60904	565.9091
49.61165	565.9106
49.61562	565.9122
49.61772	565.9137
49.61892	565.9142
49.62011	565.9163
49.62258	565.9183
49.62538	565.9204
49.62719	565.9225
49.62953	565.9257
49.63213	565.9292
49.63343	565.9329
49.63754	565.9365
49.64056	565.9406
49.6423	565.9432
49.64392	565.9468
49.64522	565.9495
49.64998	565.951
49.65107	565.9536
49.6542	565.9536
49.65407	565.9546
49.65979	565.9561
49.6616	565.9567
49.66246	565.9587
49.66401	565.9598
49.66673	565.9624
49.66919	565.9655
49.67286	565.9686
49.67575	565.9722
49.67465	565.9763
49.6775	565.9794
49.67972	565.9832
49.68219	565.9867
49.68576	565.9894
49.68732	565.9919
49.68908	565.995
49.69176	565.9966
49.69373	565.9991
49.69604	566.0012
49.70119	566.0027
49.70148	566.0054
49.70365	566.007
49.70476	566.009
49.70945	566.0116
49.71117	566.0142
49.71349	566.0167
49.71571	566.0198
49.71694	566.0225
49.72079	566.0261
49.72371	566.0292
49.72546	566.0318
49.72738	566.0349
49.72918	566.037
49.73201	566.0391
49.73401	566.0411
49.73485	566.0437
49.7369	566.0447
49.73948	566.0463
49.74354	566.0474
49.74354	566.05
49.74554	566.0515
49.74787	566.053
49.74973	566.0551
49.75256	566.0566
49.75607	566.0593
49.75859	566.0618
49.76075	566.0629
49.76512	566.0655
49.76646	566.0675
49.76914	566.0696
49.77076	566.0707
49.76983	566.0722
49.77378	566.0738
49.77358	566.0748
49.77454	566.0764
49.7814	566.0773
49.78381	566.0795
49.78581	566.0815
49.78656	566.0842
49.79001	566.0867
49.79265	566.0893
49.79903	566.0924
49.79874	566.0955
49.79772	566.0981
49.80017	566.1002
49.80372	566.1028
49.80491	566.1049
49.8082	566.1069
49.80944	566.1095
49.81141	566.11
49.81477	566.1121
49.81746	566.1146
49.81933	566.1157
49.82224	566.1188
49.82138	566.1208
49.82294	566.123
49.82614	566.1261
49.83209	566.1281
49.83741	566.1312
49.83719	566.1339
49.8365	566.1354
49.83479	566.1379
49.84037	566.1406
49.84636	566.1422
49.84415	566.1442
49.84404	566.1453
49.85066	566.1468
49.8498	566.1479
49.85613	566.1499
49.85961	566.1519
49.86578	566.153
49.87238	566.1556
49.86893	566.1582
49.87224	566.1618
49.86882	566.1644
49.87071	566.168
49.87584	566.1727
49.87232	566.1758
49.88108	566.1794
49.88395	566.1841
49.88607	566.1877
49.88913	566.1909
49.88677	566.1934
49.88892	566.197
49.88946	566.2001
49.895	566.2017
49.89476	566.2043
49.89458	566.2074
49.90068	566.21
49.90199	566.2121
49.90038	566.2156
49.9025	566.2194
49.90655	566.2225
49.91082	566.226
49.91387	566.2291
49.91843	566.2328
49.92524	566.2364
49.92429	566.239
49.92566	566.2427
49.92741	566.2458
49.9323	566.2478
49.93249	566.2498
49.93689	566.2524
49.93921	566.254
49.93982	566.2561
49.94231	566.2576
49.93965	566.2602
49.94406	566.2618
49.94863	566.2639
49.94875	566.2665
49.95174	566.2685
49.95667	566.2711
49.95908	566.2731
49.95956	566.2758
49.95963	566.2773
49.96491	566.2794
49.96661	566.2809
49.96715	566.282
49.96809	566.284
49.97374	566.2862
49.97557	566.2866
49.97646	566.2882
49.97867	566.2908
49.98151	566.2924
49.98442	566.2939
49.98716	566.296
49.98969	566.2986
49.98992	566.3007
49.99204	566.3022
49.99498	566.3048
49.99744	566.3058
49.99838	566.3069
49.99776	566.3089
50.00504	566.3095
50.01007	566.3104
50.01493	566.3115
50.01476	566.312
50.01624	566.3135
50.0169	566.3146
50.01927	566.3162
50.01892	566.3177
50.02109	566.3193
50.02201	566.3214
50.02676	566.3245
50.03064	566.3265
50.03432	566.3287
50.03728	566.3317
50.03871	566.3338
50.04054	566.3359
50.04337	566.3384
50.04657	566.3411
50.04868	566.3421
50.04895	566.3442
50.05228	566.3468
50.05274	566.3483
50.05523	566.3499
50.05376	566.3519
50.0575	566.3546
50.06502	566.3566
50.0594	566.3581
50.06611	566.3607
50.06997	566.3633
50.07238	566.3654
50.07662	566.3669
50.07763	566.3695
50.07595	566.3721
50.07908	566.3737
50.08094	566.3752
50.08286	566.3773
50.08649	566.3788
50.08814	566.3799
50.09292	566.3825
50.09193	566.3845
50.09479	566.3867
50.09985	566.3882
50.09859	566.3913
50.10186	566.3934
50.10503	566.3959
50.1077	566.399
50.10999	566.4022
50.11129	566.4042
50.11327	566.4068
50.11665	566.4094
50.11893	566.4114
50.12154	566.413
50.12589	566.4152
50.12634	566.4172
50.12918	566.4177
50.12856	566.4198
50.13074	566.4214
50.13426	566.4224
50.13745	566.424
50.13897	566.4249
50.14191	566.427
50.14464	566.4291
50.14635	566.4307
50.14885	566.4343
50.15103	566.437
50.15473	566.4401
50.15695	566.4436
50.16046	566.4467
50.16046	566.4498
50.15935	566.4529
50.16344	566.4561
50.16787	566.4587
50.17214	566.4608
50.17264	566.4633
50.17202	566.4648
50.17638	566.4669
50.17523	566.469
50.18036	566.4711
50.18408	566.4731
50.1762	566.4752
50.18531	566.4789
50.18941	566.4814
50.18938	566.484
50.18996	566.4871
50.19403	566.4897
50.19572	566.4923
50.19938	566.4944
50.2027	566.4969
50.20606	566.4985
50.20838	566.4985
50.20885	566.5006
50.21173	566.5027
50.21585	566.5027
50.21173	566.5038
50.21768	566.5053
50.21946	566.5068
50.22299	566.5078
50.2255	566.5093
50.22947	566.512
50.22886	566.5141
50.23142	566.5162
50.23488	566.5187
50.23941	566.5213
50.24186	566.5234
50.24222	566.5255
50.2452	566.5276
50.24521	566.5291
50.2479	566.5302
50.25027	566.5317
50.25414	566.5332
50.25613	566.5353
50.25756	566.5364
50.26065	566.5384
50.26128	566.5411
50.26243	566.5436
50.26334	566.5467
50.26748	566.5498
50.26952	566.5529
50.27201	566.5566
50.27396	566.5591
50.27528	566.5623
50.27872	566.5649
50.28349	566.5669
50.28598	566.569
50.28785	566.571
50.29104	566.5726
50.29269	566.5742
50.29018	566.5757
50.29184	566.5773
50.29929	566.5799
50.30095	566.5809
50.30223	566.5834
50.30258	566.5861
50.30453	566.5887
50.31533	566.5917
50.31736	566.5939
50.31828	566.5969
50.31641	566.6001
50.31962	566.6017
50.32129	566.6042
50.3231	566.6063
50.32508	566.6088
50.32589	566.611
50.33087	566.6125
50.33142	566.6151
50.33669	566.6172
50.33724	566.6198
50.33812	566.6218
50.34081	566.6249
50.34576	566.6281
50.34703	566.6306
50.34894	566.6337
50.35273	566.6368
50.35191	566.639
50.35427	566.642
50.35865	566.6436
50.36066	566.6456
50.36192	566.6472
50.3653	566.6487
50.36607	566.6498
50.36853	566.6508
50.36943	566.6514
50.37088	566.6529
50.37329	566.6539
50.3769	566.6555
50.37753	566.6576
50.38089	566.6597
50.38484	566.6622
50.38779	566.6654
50.38898	566.6679
50.39411	566.6716
50.40119	566.6752
50.40334	566.6778
50.40617	566.6809
50.40279	566.684
50.40181	566.6861
50.40659	566.6887
50.40913	566.6907
50.41164	566.6918
50.41328	566.6933
50.41475	566.6954
50.41606	566.697
50.41887	566.6985
50.42025	566.7001
50.42341	566.7031
50.42817	566.7042
50.43091	566.7062
50.43254	566.7094
50.43155	566.7114
50.4328	566.713
50.43831	566.7156
50.44224	566.7177
50.44341	566.7192
50.44443	566.7197
50.44762	566.7218
50.44805	566.7218
50.45198	566.7234
50.45333	566.7244
50.45313	566.726
50.45879	566.7269
50.46226	566.7291
50.4626	566.7316
50.46616	566.7343
50.46601	566.7373
50.47047	566.7415
50.47371	566.7446
50.47385	566.7477
50.47572	566.7513
50.47828	566.7534
50.47916	566.7555
50.48066	566.757
50.48273	566.7585
50.48261	566.7596
50.4852	566.7596
50.49018	566.7617
50.4927	566.7622
50.4966	566.7638
50.49965	566.7653
50.5019	566.7673
50.50521	566.7695
50.50501	566.772
50.50787	566.7751
50.51109	566.7772
50.51191	566.7803
50.51527	566.7823
50.5205	566.7845
50.52165	566.7871
50.52456	566.7881
50.52337	566.7902
50.52412	566.7922
50.52683	566.7938
50.52878	566.7949
50.53276	566.7969
50.53262	566.799
50.53772	566.8006
50.53764	566.8021
50.54084	566.8041
50.54593	566.8063
50.54783	566.8068
50.54752	566.8088
50.55158	566.8104
50.55331	566.8119
50.55481	566.813
50.55739	566.814
50.56282	566.8145
50.56383	566.8156
50.5624	566.8171
50.5665	566.8171
50.57104	566.8182
50.57281	566.8197
50.57589	566.8202
50.57755	566.8223
50.57849	566.8233
50.58137	566.8259
50.58109	566.8286
50.58788	566.8311
50.58579	566.8337
50.59016	566.8363
50.59272	566.8389
50.59423	566.8409
50.59733	566.843
50.59525	566.8451
50.59673	566.8472
50.60182	566.8477
50.60875	566.8497
50.60868	566.8508
50.60917	566.8524
50.61102	566.8534
50.61529	566.856
50.61886	566.858
50.62113	566.8601
50.62069	566.8621
50.62307	566.8647
50.6278	566.8668
50.62814	566.8694
50.63132	566.8721
50.63342	566.873
50.63342	566.8756
50.63701	566.8772
50.63921	566.8793
50.64397	566.8808
50.64589	566.8824
50.64853	566.8845
50.65129	566.886
50.65189	566.8885
50.65606	566.8907
50.65774	566.8938
50.65928	566.8964
50.65864	566.899
50.66296	566.902
50.66338	566.9052
50.66306	566.9072
50.67123	566.9094
50.6718	566.9109
50.67426	566.9124
50.68026	566.9129
50.68166	566.9135
50.67937	566.915
50.6842	566.915
50.6859	566.915
50.68588	566.9161
50.68923	566.9161
50.69303	566.9166
50.69572	566.9177
50.69775	566.9186
50.69984	566.9192
50.70061	566.9212
50.70126	566.9228
50.70525	566.9238
50.70919	566.9265
50.71066	566.9285
50.71311	566.9305
50.71657	566.9327
50.71763	566.9342
50.72278	566.9362
50.72308	566.9373
50.72613	566.9399
50.72534	566.9409
50.7306	566.9424
50.73437	566.944
50.7347	566.9461
50.73857	566.9476
50.73931	566.9497
50.74231	566.9523
50.74352	566.9554
50.74564	566.9575
50.7509	566.9606
50.75237	566.9637
50.75298	566.9658
50.75638	566.9679
50.75768	566.9705
50.76102	566.972
50.76239	566.9735
50.76518	566.9751
50.76937	566.9777
50.76968	566.9798
50.7704	566.9803
50.77418	566.9834
50.77739	566.986
50.77758	566.9886
50.78098	566.9911
50.7846	566.9943
50.78449	566.9979
50.78804	567.0005
50.78954	567.0031
50.7912	567.0062
50.7928	567.0088
50.79771	567.0109
50.79786	567.0134
50.80139	567.0156
50.80279	567.0181
50.80716	567.0207
50.80878	567.0228
50.81211	567.0248
50.81301	567.0269
50.81538	567.03
50.8154	567.0321
50.8187	567.0352
50.82356	567.0378
50.82445	567.0409
50.82883	567.044
50.82904	567.0461
50.83121	567.0492
50.83219	567.0518
50.83157	567.0533
50.83898	567.0559
50.84205	567.057
50.84376	567.0585
50.84615	567.0595
50.84527	567.0606
50.84874	567.0621
50.85123	567.0626
50.8535	567.0648
50.85429	567.0673
50.85649	567.0694
50.85891	567.072
50.86324	567.0756
50.86631	567.0793
50.86608	567.0823
50.87251	567.0854
50.87457	567.0891
50.87349	567.0922
50.87755	567.0948
50.87857	567.0974
50.88017	567.1
50.88338	567.1025
50.88584	567.1046
50.88702	567.1072
50.88986	567.1098
50.89243	567.1119
50.89571	567.1144
50.89832	567.117
50.8982	567.1196
50.90061	567.1223
50.90382	567.1243
50.90624	567.127
50.90683	567.129
50.91073	567.13
50.91166	567.1321
50.91854	567.1342
50.91833	567.1351
50.91828	567.1367
50.92331	567.1378
50.92402	567.1399
50.92467	567.1419
50.92941	567.143
50.93483	567.1456
50.93228	567.1476
50.93315	567.1497
50.93801	567.1528
50.94235	567.1564
50.94518	567.159
50.94696	567.1631
50.94916	567.1668
50.95021	567.1704
50.9507	567.1741
50.95584	567.1772
50.95876	567.1802
50.96141	567.1833
50.96262	567.1854
50.96349	567.188
50.95646	567.1907
50.96879	567.1927
50.96977	567.1953
50.97161	567.1984
50.97499	567.2015
50.97737	567.2046
50.98011	567.2087
50.9823	567.2129
50.98557	567.2165
50.9887	567.2206
50.99002	567.2253
50.99364	567.2295
50.99333	567.2331
50.99556	567.2367
50.99541	567.2398
50.99949	567.2429
51.00564	567.2455
51.00668	567.2482
51.0068	567.2507
51.00694	567.2538
51.01437	567.2569
51.01609	567.26
51.01588	567.2626
51.01723	567.2662
51.02318	567.2693
51.02354	567.2725
51.0288	567.2756
51.03013	567.2782
51.02892	567.2802
51.03058	567.2828
51.03656	567.2855
51.03034	567.2864
51.03549	567.288
51.03744	567.2901
51.04335	567.2911
51.03606	567.2932
51.04962	567.2943
51.05035	567.2963
51.05499	567.2979
51.05936	567.2999
51.06358	567.303
51.06398	567.3051
51.06368	567.3072
51.06732	567.3102
51.06734	567.3134
51.07101	567.3155
51.07393	567.3181
51.07589	567.3206
51.07915	567.3232
51.07545	567.3237
51.07985	567.3259
51.08233	567.3268
51.08698	567.3284
51.08938	567.3284
51.0911	567.3305
51.09436	567.332
51.0945	567.3336
51.09584	567.3367
51.09924	567.3398
51.10442	567.3423
51.10837	567.3455
51.11188	567.3486
51.11821	567.3523
51.11293	567.3558
51.11295	567.3585
51.11468	567.361
51.11708	567.3636
51.12278	567.3647
51.12495	567.3667
51.12725	567.3688
51.12874	567.3699
51.12988	567.373
51.13323	567.3735
51.1379	567.3761
51.13881	567.3787
51.14512	567.3796
51.14458	567.3828
51.14443	567.3859
51.14281	567.388
51.14924	567.3911
51.15425	567.3937
51.1547	567.3968
51.15741	567.3989
51.15553	567.4014
51.16475	567.4041
51.16068	567.4066
51.16008	567.4082
51.16712	567.4108
51.1703	567.4134
51.17126	567.4154
51.17892	567.4175
51.18089	567.4207
51.18185	567.4227
51.18565	567.4247
51.18638	567.4279
51.18859	567.4304
51.18999	567.4321
51.19256	567.4341
51.19582	567.4367
51.19785	567.4377
51.19931	567.4387
51.20123	567.4393
51.20392	567.4402
51.2072	567.4418
51.2063	567.4418
51.20884	567.4429
51.21323	567.4445
51.21892	567.4455
51.21873	567.4481
51.21929	567.4496
51.22252	567.4517
51.22403	567.4553
51.22741	567.4574
51.2279	567.46
51.23066	567.4631
51.23293	567.4657
51.23401	567.4678
51.23737	567.4694
51.23849	567.4719
51.24006	567.4734
51.24541	567.4745
51.2464	567.4771
51.2478	567.4781
51.25057	567.4807
51.25454	567.4828
51.25609	567.4849
51.25681	567.4875
51.26606	567.4895
51.26527	567.4926
51.2664	567.4952
51.26912	567.4968
51.27147	567.4993
51.27299	567.5009
51.27576	567.5024
51.2782	567.504
51.28286	567.5056
51.2844	567.5071
51.28661	567.5082
51.28878	567.5102
51.28897	567.5123
51.28878	567.5133
51.29034	567.5164
51.2943	567.519
51.29734	567.5217
51.30035	567.5248
51.3026	567.5278
51.30416	567.5315
51.30866	567.5346
51.30597	567.5372
51.3071	567.5403
51.30342	567.5428
51.30444	567.545
51.31467	567.5465
51.32345	567.5486
51.32832	567.5501
51.32397	567.5512
51.32827	567.5538
51.33015	567.5558
51.33406	567.5579
51.33621	567.5599
51.33764	567.563
51.33912	567.5667
51.34355	567.5698
51.34355	567.5724
51.34734	567.576
51.34886	567.5792
51.35002	567.5812
51.35283	567.5838
51.35549	567.5864
51.35978	567.5885
51.36116	567.5895
51.35962	567.592
51.36519	567.5931
51.36978	567.5937
51.37249	567.5957
51.37264	567.5967
51.37451	567.5978
51.37816	567.5999
51.37925	567.6014
51.3826	567.603
51.38437	567.605
51.38807	567.6076
51.38909	567.6102
51.39188	567.6118
51.39257	567.6138
51.39392	567.6158
51.39656	567.618
51.40191	567.619
51.40071	567.6201
51.4027	567.6211
51.41079	567.6216
51.41447	567.6232
51.41779	567.6242
51.41767	567.6258
51.41945	567.6273
51.41903	567.6284
51.42231	567.6304
51.42545	567.6325
51.42559	567.6351
51.4301	567.6376
51.43477	567.6398
51.43383	567.6429
51.43365	567.6439
51.43844	567.646
51.43899	567.648
51.44168	567.6491
51.44495	567.6506
51.44665	567.6517
51.44986	567.6517
51.44978	567.6532
51.44831	567.6542
51.45648	567.6548
51.45875	567.6569
51.46245	567.6584
51.46612	567.66
51.4638	567.6625
51.46582	567.6646
51.47093	567.6677
51.47367	567.6687
51.47453	567.6709
51.47662	567.6734
51.47897	567.6755
51.48097	567.6771
51.48053	567.6791
51.48469	567.6812
51.48908	567.6833
51.49168	567.6843
51.49522	567.6868
51.49601	567.6895
51.49598	567.691
51.50042	567.6936
51.50523	567.6962
51.50634	567.6982
51.51052	567.7003
51.50971	567.7029
51.51532	567.7055
51.51723	567.7071
51.51794	567.7097
51.51446	567.7117
51.52436	567.7133
51.52642	567.7159
51.53217	567.7169
51.53218	567.7185
51.53196	567.72
51.52891	567.7211
51.53086	567.7237
51.5242	567.7237
51.49913	567.7263
51.55067	567.7283
51.5541	567.7299
51.55128	567.7319
51.55228	567.735
51.55347	567.7371
51.55356	567.7393
51.55447	567.7418
51.55785	567.7444
51.56071	567.7459
51.56444	567.7475
51.56735	567.7496
51.56584	567.7505
51.56496	567.7511
51.56561	567.7521
51.57403	567.7537
51.57707	567.7548
51.58294	567.7563
51.58506	567.7579
51.58634	567.7594
51.58808	567.7615
51.58843	567.764
51.58921	567.7651
51.5943	567.7672
51.59793	567.7692
51.59828	567.7708
51.60212	567.7728
51.60255	567.7744
51.60413	567.7759
51.60796	567.777
51.6115	567.7786
51.61248	567.7812
51.61394	567.7838
51.61579	567.7853
51.61921	567.7884
51.62371	567.7915
51.62632	567.7936
51.6273	567.7967
51.62698	567.7993
51.63068	567.8019
51.63142	567.8045
51.63399	567.807
51.63628	567.8091
51.63808	567.8117
51.64169	567.8127
51.64553	567.8143
51.64556	567.8164
51.64788	567.8169
51.65012	567.8174
51.65397	567.819
51.65671	567.82
51.65708	567.8216
51.65939	567.8237
51.661	567.8252
51.66451	567.8278
51.66842	567.8303
51.66956	567.8334
51.67099	567.8356
51.67213	567.8387
51.67528	567.8418
51.6771	567.8438
51.68054	567.8464
51.68172	567.8475
51.68322	567.8495
51.68687	567.8511
51.69035	567.8516
51.69217	567.8527
51.69445	567.8542
51.69851	567.8547
51.6992	567.8568
51.70311	567.8578
51.70782	567.8604
51.70845	567.863
51.70932	567.8651
51.7105	567.8687
51.71312	567.8723
51.71571	567.8749
51.71635	567.878
51.71965	567.8811
51.72309	567.8842
51.72546	567.8857
51.72656	567.8879
51.73058	567.89
51.73562	567.892
51.73364	567.8931
51.73766	567.8946
51.73981	567.8956
51.7424	567.8978
51.74387	567.8998
51.74624	567.9024
51.74686	567.9049
51.74874	567.9075
51.75197	567.9097
51.75606	567.9127
51.75806	567.9149
51.76114	567.9169
51.7612	567.9189
51.76503	567.92
51.76698	567.9221
51.76822	567.9231
51.77024	567.9231
51.77439	567.9247
51.77298	567.9257
51.77876	567.9272
51.78157	567.9288
51.77944	567.9319
51.78521	567.9344
51.78864	567.9366
51.79232	567.9402
51.79477	567.9428
51.79562	567.9459
51.79607	567.9495
51.79888	567.9521
51.80166	567.9542
51.80431	567.9573
51.80699	567.9583
51.80995	567.9594
51.81213	567.9609
51.81181	567.9625
51.81427	567.9635
51.8156	567.9651
51.81918	567.9666
51.82385	567.9686
51.82359	567.9702
51.8252	567.9728
51.82614	567.9755
51.82976	567.9775
51.83334	567.9801
51.8359	567.9832
51.83648	567.9847
51.84051	567.9873
51.84322	567.9899
51.84749	567.9915
51.84686	567.9935
51.85028	567.9962
51.85439	567.9982
51.85896	568.0003
51.85883	568.0028
51.86133	568.0054
51.86505	568.0076
51.86669	568.0106
51.86876	568.0132
51.87096	568.0158
51.8733	568.0184
51.87549	568.0211
51.87113	568.0236
51.87339	568.0251
51.8802	568.0277
51.88353	568.0288
51.88879	568.0303
51.89015	568.0314
51.8899	568.033
51.89263	568.0339
51.89409	568.0361
51.90151	568.0381
51.89544	568.0396
51.89614	568.0422
51.89745	568.0453
51.90824	568.0485
51.91125	568.0521
51.91256	568.0557
51.91348	568.0594
51.9176	568.0634
51.91861	568.0671
51.92475	568.0703
51.92748	568.0734
51.93067	568.0759
51.93155	568.079
51.92763	568.0811
51.93059	568.0821
51.93688	568.0847
51.93722	568.0863
51.93933	568.0883
51.94438	568.0899
51.94283	568.0925
51.94386	568.0956
51.94757	568.0977
51.95072	568.1003
51.9537	568.1033
51.95674	568.106
51.95673	568.1085
51.96258	568.1116
51.96414	568.1138
51.96399	568.1158
51.9634	568.1174
51.96875	568.1199
51.97455	568.1215
51.97425	568.1225
51.97783	568.1256
51.97781	568.1277
51.9742	568.1293
51.9816	568.1318
51.9822	568.134
51.97701	568.136
51.98839	568.1386
51.9924	568.1406
51.99664	568.1432
51.99791	568.1448
52.00219	568.1469
52.00244	568.1495
52.00405	568.1516
52.00748	568.1526
52.00975	568.1547
52.01328	567.9278
52.01722	567.9879
52.0176	568.0257
52.01734	568.0734
52.02139	568.0619
52.02316	568.0832
52.02743	568.0967
52.0309	568.1158
52.0313	568.1256
52.03236	568.1251
52.03577	568.1302
52.03912	568.1184
52.0422	568.1479
52.04321	568.1635
52.04753	568.1748
52.04477	568.1888
52.04842	568.1878
52.05121	568.2008
52.05535	568.1997
52.0542	568.1961
52.05766	568.1857
52.05819	568.1935
52.05977	568.1992
52.06201	568.2117
52.06507	568.2013
52.06731	568.209
52.06956	568.2117
52.07313	568.209
52.07487	568.2204
52.08052	568.2256
52.0833	568.2173
52.08419	568.2329
52.08732	568.2303
52.08934	568.2169
52.09106	568.2468
52.09349	568.235
52.0955	568.223
52.09845	568.2365
52.09842	568.2329
52.10029	568.2319
52.10436	568.222
52.10793	568.2329
52.10966	568.2226
52.11177	568.2416
52.11524	568.2339
52.1182	568.2261
52.1181	568.2277
52.12212	568.2281
52.12414	568.2297
52.12442	568.2313
52.12856	568.2324
52.12713	568.2329
52.12798	568.2334
52.13652	568.235
52.13663	568.236
52.13421	568.237
52.14148	568.2391
52.14417	568.2401
52.14772	568.2416
52.14975	568.2438
52.15399	568.2453
52.15328	568.2474
52.15315	568.2495
52.15731	568.251
52.15818	568.2526
52.16196	568.2546
52.16275	568.2552
52.16743	568.2572
52.171	568.2572
52.1732	568.2577
52.17589	568.2583
52.17819	568.2588
52.1793	568.2598
52.1813	568.2598
52.18156	568.2608
52.18383	568.2623
52.18827	568.2645
52.19461	568.2661
52.19666	568.2676
52.19579	568.2702
52.19755	568.2728
52.19992	568.2743
52.20317	568.2759
52.20586	568.2775
52.20732	568.2795
52.21013	568.2795
52.21373	568.2806
52.21575	568.2806
52.21761	568.2816
52.21869	568.2821
52.22224	568.2831
52.22371	568.2836
52.22623	568.2857
52.2284	568.2872
52.23085	568.2888
52.23409	568.291
52.23591	568.2925
52.23765	568.295
52.24105	568.2961
52.24524	568.2987
52.24762	568.3002
52.2478	568.3002
52.2524	568.3018
52.25502	568.3028
52.2561	568.3028
52.25775	568.3028
52.25965	568.3038
52.26219	568.3038
52.26644	568.3038
52.267	568.3054
52.27013	568.3065
52.2714	568.308
52.27605	568.309
52.27848	568.3121
52.28062	568.3148
52.27685	568.3157
52.27922	568.3183
52.28333	568.3209
52.29107	568.3225
52.29441	568.3235
52.29203	568.3251
52.29411	568.326
52.29715	568.3276
52.30065	568.3276
52.30366	568.3282
52.30317	568.3287
52.30622	568.3287
52.31051	568.3298
52.3099	568.3308
52.3117	568.3313
52.31442	568.3329
52.31947	568.3339
52.32051	568.3354
52.32411	568.338
52.32955	568.3391
52.3335	568.3406
52.33012	568.3427
52.33252	568.3438
52.33634	568.3443
52.33741	568.3474
52.33834	568.3478
52.34171	568.3484
52.34473	568.351
52.35084	568.3525
52.34951	568.3547
52.34988	568.3572
52.35422	568.3603
52.35548	568.3634
52.35709	568.366
52.35911	568.3691
52.36068	568.3727
52.36463	568.3759
52.36759	568.3774
52.3692	568.3805
52.37141	568.3826
52.37144	568.3842
52.37541	568.3862
52.37949	568.3878
52.38054	568.3889
52.38078	568.3909
52.38481	568.3929
52.38968	568.3945
52.393	568.3971
52.3925	568.3997
52.39554	568.4028
52.39694	568.4049
52.40096	568.4084
52.40249	568.4116
52.4054	568.4136
52.40676	568.4168
52.40737	568.4199
52.41394	568.4224
52.41402	568.424
52.41786	568.4261
52.42053	568.4282
52.42287	568.4297
52.42235	568.4318
52.42319	568.4339
52.42612	568.4359
52.43066	568.4385
52.43179	568.4417
52.43456	568.4442
52.43897	568.4479
52.4393	568.452
52.44277	568.4557
52.44558	568.4592
52.44648	568.4634
52.44876	568.4666
52.4519	568.4696
52.45636	568.4727
52.45976	568.4758
52.46261	568.4774
52.45887	568.4795
52.46687	568.4821
52.46719	568.4841
52.46864	568.4852
52.47213	568.4872
52.47673	568.4908
52.47827	568.4924
52.47837	568.495
52.48115	568.4981
52.4831	568.5002
52.48401	568.5023
52.48791	568.5043
52.48906	568.5063
52.49247	568.5074
52.49447	568.509
52.49637	568.5106
52.49972	568.5116
52.50399	568.5126
52.50493	568.5142
52.50589	568.5157
52.50698	568.5172
52.5075	568.5194
52.51044	568.5219
52.51733	568.5245
52.51761	568.5272
52.51962	568.5307
52.52291	568.5338
52.52458	568.5364
52.52872	568.539
52.52974	568.5416
52.53218	568.5442
52.53361	568.5463
52.53703	568.5479
52.53942	568.5494
52.54173	568.5505
52.54292	568.5515
52.54439	568.5525
52.54779	568.553
52.55066	568.5545
52.55494	568.5556
52.55665	568.5571
52.55889	568.5593
52.55971	568.5608
52.56119	568.5634
52.56507	568.5649
52.56748	568.5675
52.56673	568.5696
52.56788	568.5717
52.57273	568.5732
52.57698	568.5748
52.57872	568.5768
52.58072	568.5784
52.58176	568.58
52.58497	568.5825
52.58781	568.5847
52.59175	568.5872
52.59419	568.5893
52.59441	568.5924
52.59767	568.595
52.60024	568.597
52.6023	568.6002
52.6042	568.6022
52.60697	568.6043
52.61116	568.6053
52.61165	568.6069
52.61451	568.6079
52.61538	568.6085
52.61481	568.6096
52.62138	568.6096
52.62645	568.6096
52.62807	568.6105
52.62762	568.6105
52.62991	568.6121
52.63307	568.6126
52.63716	568.6136
52.63708	568.6151
52.64169	568.6173
52.64258	568.6182
52.64431	568.6208
52.64713	568.6224
52.65193	568.6245
52.65147	568.626
52.65482	568.6276
52.65551	568.6286
52.65615	568.6302
52.66346	568.6302
52.66668	568.6312
52.66534	568.6312
52.66735	568.6312
52.67382	568.6328
52.67423	568.6328
52.67497	568.6338
52.6786	568.6354
52.68493	568.6369
52.68466	568.639
52.68996	568.6406
52.68953	568.6426
52.69095	568.6453
52.69448	568.6473
52.70006	568.6484
52.701	568.6509
52.69836	568.652
52.69989	568.653
52.70097	568.6541
52.70075	568.655
52.70469	568.6561
52.71479	568.6572
52.7113	568.6587
52.7038	568.6602
52.71582	568.6613
52.72065	568.6633
52.72265	568.6655
52.72353	568.666
52.72554	568.668
52.72605	568.6691
52.72963	568.6701
52.73151	568.6707
52.73569	568.6722
52.74105	568.6732
52.74656	568.6732
52.74633	568.6732
52.7466	568.6742
52.74891	568.6748
52.75127	568.6748
52.75378	568.6758
52.75575	568.6773
52.76012	568.6784
52.7615	568.6804
52.76345	568.6826
52.76732	568.6857
52.76623	568.6882
52.76949	568.6908
52.77107	568.6929
52.77625	568.6954
52.77903	568.6981
52.77869	568.6991
52.7816	568.7001
52.78516	568.7017
52.78195	568.7017
52.78106	568.7017
52.78451	568.7032
52.79034	568.7032
52.79536	568.7048
52.7958	568.7058
52.79863	568.7075
52.802	568.71
52.80547	568.711
52.80822	568.7136
52.80913	568.7157
52.81179	568.7177
52.81717	568.7198
52.82092	568.7209
52.82343	568.723
52.82557	568.7239
52.82205	568.725
52.82296	568.7255
52.82977	568.7265
52.83052	568.7281
52.8352	568.7286
52.83818	568.7302
52.8411	568.7318
52.8405	568.7328
52.84487	568.7344
52.84585	568.7364
52.85047	568.7385
52.8513	568.7395
52.85367	568.741
52.85713	568.7421
52.85587	568.7437
52.85939	568.7452
52.86278	568.7452
52.86533	568.7463
52.86921	568.7463
52.8702	568.7463
52.87284	568.7463
52.87505	568.7478
52.8756	568.7478
52.87708	568.7488
52.88324	568.7504
52.88386	568.753
52.88951	568.754
52.89196	568.756
52.89456	568.7587
52.89605	568.7607
52.89708	568.7634
52.89748	568.7654
52.90582	568.767
52.90311	568.7686
52.90359	568.7706
52.90863	568.7711
52.91273	568.7716
52.91617	568.7732
52.92622	568.7737
52.91546	568.7737
52.91126	568.7747
52.90278	568.7763
52.90702	568.7768
52.92564	568.7789
52.92947	568.7809
52.92769	568.7836
52.93243	568.7861
52.9358	568.7887
52.93872	568.7928
52.94163	568.796
52.94483	568.7975
52.94769	568.8011
52.94703	568.8037
52.95411	568.8047
52.95445	568.8074
52.95648	568.8089
52.95873	568.81
52.95705	568.8115
52.95985	568.8125
52.96264	568.8146
52.96691	568.8156
52.97128	568.8167
52.97485	568.8188
52.97653	568.8209
52.97801	568.8209
52.98061	568.8234
52.9827	568.8245
52.98309	568.826
52.98492	568.8265
52.98642	568.8271
52.99213	568.8286
52.9968	568.8286
52.99727	568.8297
53.00224	568.8301
53.00083	568.8312
53.00401	568.8323
53.0075	568.8338
53.00647	568.8358
53.00787	568.8374
53.01119	568.84
53.01405	568.8427
53.01834	568.8447
53.02074	568.8473
53.02382	568.8493
53.02566	568.8514
53.02821	568.8535
53.02919	568.8545
53.03082	568.8561
53.03447	568.8571
53.03731	568.8571
53.04078	568.8587
53.0435	568.8587
53.04283	568.8597
53.04574	568.8618
53.04897	568.8628
53.05001	568.8649
53.05452	568.8669
53.05638	568.87
53.05941	568.8726
53.05972	568.8747
53.06286	568.8784
53.06527	568.8809
53.06861	568.883
53.0693	568.8856
53.07172	568.8887
53.07638	568.8897
53.07845	568.8918
53.08112	568.8939
53.08409	568.8954
53.08278	568.897
53.08389	568.899
53.08654	568.9001
53.09312	568.9022
53.09572	568.9037
53.09606	568.9053
53.09707	568.9073
53.09988	568.9089
53.10102	568.9095
53.10269	568.911
53.10599	568.9125
53.11214	568.913
53.11296	568.9146
53.11465	568.9146
53.11467	568.9156
53.1185	568.9156
53.12222	568.9172
53.12479	568.9177
53.1264	568.9198
53.12726	568.9203
53.12738	568.9224
53.13393	568.9244
53.13794	568.9265
53.14006	568.9291
53.13945	568.9317
53.14556	568.9343
53.14643	568.9368
53.14901	568.9395
53.14991	568.9421
53.1557	568.9441
53.15681	568.9462
53.16036	568.9478
53.16137	568.9498
53.1613	568.9524
53.16816	568.9534
53.16754	568.9555
53.16939	568.9576
53.17087	568.9597
53.17062	568.9623
53.16889	568.9638
53.17599	568.967
53.18076	568.9695
53.17881	568.971
53.18643	568.9732
53.18922	568.9757
53.19306	568.9778
53.19267	568.9794
53.19738	568.981
53.19818	568.983
53.20333	568.9835
53.20486	568.985
53.20362	568.9876
53.20575	568.9887
53.21063	568.9902
53.21283	568.9933
53.21588	568.9959
53.21859	568.998
53.22279	569.0005
53.22356	569.0037
53.22505	569.0063
53.22725	569.0078
53.22688	569.0104
53.22965	569.0125
53.23626	569.0135
53.23569	569.0151
53.23712	569.0161
53.24003	569.0177
53.24233	569.0177
53.2456	569.0187
53.24699	569.0203
53.25167	569.0213
53.25443	569.0223
53.25512	569.0239
53.2572	569.0265
53.26105	569.0281
53.26081	569.0306
53.26595	569.0327
53.26736	569.0347
53.26825	569.0369
53.26941	569.0385
53.27266	569.04
53.27653	569.041
53.2791	569.0421
53.28136	569.0425
53.28484	569.0425
53.28642	569.0431
53.28762	569.0436
53.28996	569.0436
53.28716	569.0451
53.28976	569.0451
53.29646	569.0472
53.29982	569.0482
53.30031	569.0488
53.30621	569.0519
53.30719	569.054
53.30666	569.0555
53.31032	569.058
53.31464	569.0607
53.31738	569.0627
53.31736	569.0643
53.32146	569.0659
53.3251	569.0685
53.32676	569.07
53.32909	569.0705
53.33132	569.0726
53.33176	569.0736
53.33691	569.0751
53.34213	569.0762
53.34269	569.0778
53.34262	569.0793
53.34608	569.0804
53.34907	569.0814
53.35149	569.084
53.35542	569.084
53.34967	569.0855
53.35715	569.0866
53.35822	569.0866
53.35902	569.0881
53.36341	569.0881
53.36708	569.0881
53.36876	569.0892
53.37002	569.0892
53.37466	569.0907
53.37483	569.0912
53.3801	569.0918
53.38239	569.0933
53.3843	569.0953
53.38558	569.0969
53.38984	569.0984
53.39305	569.1011
53.39655	569.1022
53.39991	569.1037
53.40087	569.1062
53.40466	569.1078
53.40418	569.1078
53.40364	569.1088
53.40568	569.1088
53.40912	569.1088
53.41284	569.1088
53.41548	569.1088
53.41757	569.1104
53.42093	569.1104
53.42379	569.1115
53.42277	569.114
53.42476	569.1156
53.42961	569.1177
53.43252	569.1202
53.43104	569.1234
53.43309	569.1254
53.43881	569.1275
53.44159	569.1306
53.44391	569.1332
53.44729	569.1348
53.4472	569.1373
53.45137	569.14
53.453	569.1415
53.4582	569.1436
53.45851	569.1456
53.45967	569.1477
53.46109	569.1492
53.46301	569.1509
53.46392	569.1539
53.46778	569.156
53.47152	569.157
53.47451	569.1602
53.47892	569.1622
53.47943	569.1638
53.48141	569.1664
53.4827	569.1674
53.4854	569.1694
53.4871	569.1715
53.49115	569.1725
53.49648	569.1741
53.49505	569.1752
53.49963	569.1768
53.50215	569.1783
53.50415	569.1808
53.50673	569.1819
53.51059	569.184
53.5113	569.186
53.51552	569.1886
53.51836	569.1907
53.52024	569.1923
53.52456	569.1943
53.5282	569.1964
53.52904	569.1979
53.52881	569.199
53.52882	569.2001
53.53195	569.2016
53.53323	569.2026
53.53972	569.2026
53.5409	569.2041
53.54024	569.2052
53.5402	569.2067
53.54638	569.2078
53.54832	569.2098
53.54988	569.2119
53.55561	569.2141
53.55671	569.2166
53.56181	569.2187
53.56545	569.2208
53.56756	569.2224
53.56689	569.2244
53.56589	569.2265
53.56975	569.2265
53.57307	569.228
53.5765	569.229
53.57975	569.2296
53.58311	569.2305
53.58498	569.2327
53.58769	569.2327
53.58868	569.2343
53.59161	569.2368
53.59438	569.2379
53.59702	569.2394
53.59859	569.2405
53.60101	569.2425
53.60381	569.2446
53.60357	569.2446
53.6092	569.2462
53.61163	569.2482
53.61248	569.2471
53.61354	569.2488
53.61613	569.2498
53.6201	569.2498
53.62399	569.2503
53.62605	569.2523
53.62592	569.2534
53.62824	569.2549
53.63206	569.2565
53.63401	569.2585
53.63564	569.2612
53.63873	569.2617
53.64163	569.2643
53.64149	569.2653
53.6456	569.2669
53.64951	569.2674
53.65125	569.2678
53.65572	569.2689
53.6558	569.2694
53.65754	569.2694
53.65983	569.2704
53.66511	569.2715
53.6702	569.272
53.67136	569.2731
53.67027	569.2736
53.67232	569.2747
53.67448	569.2756
53.67606	569.2772
53.67811	569.2787
53.68255	569.2808
53.68517	569.2814
53.68682	569.2834
53.6903	569.2861
53.68969	569.2876
53.69462	569.2891
53.69785	569.2907
53.69748	569.2927
53.70318	569.2943
53.70541	569.2953
53.70594	569.2974
53.70927	569.2995
53.71102	569.3005
53.71353	569.302
53.71706	569.3047
53.71711	569.3057
53.71867	569.3073
53.71967	569.3093
53.72236	569.3109
53.72369	569.3109
53.72545	569.3135
53.72836	569.3151
53.73093	569.3156
53.73231	569.3166
53.735	569.3176
53.73803	569.3187
53.74023	569.3187
53.74279	569.3187
53.74671	569.3203
53.74846	569.3203
53.75127	569.3212
53.75361	569.3229
53.75578	569.3238
53.75806	569.3249
53.75855	569.3269
53.76313	569.329
53.76469	569.3306
53.76619	569.3322
53.76952	569.3342
53.77446	569.3358
53.77625	569.3373
53.77801	569.3384
53.78042	569.3394
53.7812	569.3404
53.78617	569.3409
53.78787	569.3425
53.78881	569.3441
53.79099	569.3456
53.79518	569.3477
53.79592	569.3492
53.7995	569.3513
53.80299	569.3533
53.80576	569.3554
53.81067	569.358
53.8121	569.3606
53.81328	569.3622
53.81617	569.3648
53.81782	569.3657
53.82138	569.3674
53.82408	569.3689
53.82504	569.3705
53.82806	569.3715
53.82777	569.373
53.83052	569.3741
53.83188	569.3762
53.83645	569.3777
53.83674	569.3788
53.83979	569.3813
53.84098	569.3829
53.84495	569.384
53.84731	569.3855
53.84925	569.3881
53.85282	569.3881
53.85544	569.3891
53.85978	569.3906
53.86135	569.3906
53.86325	569.3917
53.86326	569.3922
53.87073	569.3943
53.87325	569.3953
53.87379	569.3959
53.87601	569.3984
53.88025	569.4005
53.8803	569.4026
53.88252	569.4052
53.88686	569.4078
53.88622	569.4104
53.88749	569.413
53.89149	569.4155
53.89246	569.4171
53.89423	569.4191
53.90003	569.4208
53.90075	569.4217
53.90114	569.4233
53.90622	569.4239
53.90982	569.4243
53.90974	569.4243
53.91133	569.4259
53.91564	569.4264
53.91782	569.4279
53.91939	569.4301
53.92098	569.4321
53.92454	569.4342
53.92749	569.4363
53.92937	569.4394
53.93182	569.4414
53.93563	569.443
53.93851	569.4456
53.94136	569.4466
53.94194	569.4481
53.94648	569.4492
53.94834	569.4503
53.94951	569.4518
53.95049	569.4528
53.95029	569.4539
53.95467	569.4559
53.95741	569.457
53.95619	569.4596
53.96124	569.4612
53.96466	569.4632
53.96665	569.4653
53.97041	569.4663
53.97099	569.4684
53.97485	569.4705
53.97691	569.4715
53.9794	569.473
53.98261	569.4741
53.98363	569.4756
53.98636	569.4767
53.98852	569.4772
53.99317	569.4792
53.9974	569.4808
53.99499	569.4808
54.00108	569.4824
54.00308	569.4844
54.00203	569.4854
54.00574	569.4865
54.00866	569.4885
54.01284	569.4896
54.01643	569.4911
54.01711	569.4932
54.01943	569.4948
54.0215	569.4963
54.02461	569.4979
54.02826	569.5
54.03006	569.5015
54.03167	569.5036
54.03574	569.5057
54.03894	569.5072
54.03769	569.5088
54.04077	569.5109
54.0436	569.5129
54.04605	569.5145
54.04714	569.5161
54.05148	569.5187
54.05447	569.5212
54.05709	569.5222
54.05934	569.5243
54.05796	569.5269
54.06169	569.5289
54.06684	569.53
54.06712	569.5327
54.07294	569.5347
54.07338	569.5362
54.07377	569.5378
54.08095	569.5399
54.08089	569.5419
54.07947	569.5435
54.08855	569.545
54.08936	569.5482
54.08865	569.5497
54.09516	569.5518
54.09772	569.5538
54.09743	569.5565
54.10003	569.5585
54.10236	569.56
54.10349	569.5621
54.1048	569.5642
54.10859	569.5642
54.11206	569.5652
54.11674	569.5668
54.11669	569.5668
54.11825	569.5678
54.12323	569.5678
54.1194	569.5694
54.12613	569.5694
54.12856	569.5704
54.12905	569.5704
54.1325	569.572
54.13558	569.5735
54.13867	569.5746
54.13975	569.5761
54.1423	569.5771
54.14481	569.5771
54.14737	569.5787
54.14811	569.5798
54.14991	569.5798
54.154	569.5798
54.15739	569.5798
54.16098	569.5798
54.16348	569.5798
54.16432	569.5787
54.16751	569.5798
54.1696	569.5798
54.17443	569.5813
54.17623	569.5824
54.17693	569.5844
54.17917	569.5864
54.18466	569.588
54.18778	569.5911
54.18555	569.5938
54.18867	569.5948
54.19011	569.5974
54.19434	569.5994
54.19823	569.6005
54.20445	569.602
54.20618	569.602
54.20386	569.603
54.20608	569.6046
54.20822	569.6051
54.20861	569.6067
54.21407	569.6072
54.21972	569.6093
54.21994	569.6113
54.22063	569.6129
54.22519	569.6144
54.22574	569.6166
54.22721	569.6191
54.23075	569.6202
54.23469	569.6217
54.23558	569.6243
54.23911	569.6253
54.2374	569.6263
54.24197	569.6279
54.24552	569.6295
54.24542	569.6306
54.25025	569.6321
54.25145	569.6336
54.25427	569.6357
54.25842	569.6373
54.26142	569.6398
54.26231	569.6424
54.26263	569.644
54.2653	569.6476
54.26703	569.6501
54.27067	569.6523
54.27464	569.6554
54.27871	569.6579
54.28232	569.6601
54.28654	569.6621
54.28316	569.6647
54.28735	569.6657
54.29128	569.6673
54.29345	569.6683
54.29529	569.6699
54.29732	569.6709
54.30037	569.6725
54.30362	569.675
54.30318	569.6761
54.30482	569.6777
54.3069	569.6803
54.3096	569.6823
54.31232	569.6828
54.31517	569.6854
54.31998	569.6874
54.32043	569.688
54.32446	569.6906
54.32565	569.6921
54.32837	569.6932
54.33221	569.6947
54.33152	569.6963
54.33609	569.6994
54.33646	569.7009
54.3424	569.7026
54.34409	569.7056
54.34512	569.7077
54.34857	569.7092
54.35064	569.7113
54.35102	569.7134
54.35561	569.7155
54.35878	569.7155
54.35893	569.7165
54.36208	569.7176
54.36486	569.7165
54.36668	569.7176
54.37052	569.7181
54.37084	569.7181
54.37449	569.7181
54.37688	569.7196
54.38128	569.7207
54.38177	569.7216
54.38226	569.7238
54.38572	569.7258
54.38809	569.7285
54.39249	569.7316
54.39544	569.7336
54.39581	569.7368
54.39626	569.7393
54.39992	569.7414
54.40099	569.7429
54.40315	569.744
54.40574	569.7455
54.41034	569.7455
54.41333	569.7455
54.41812	569.7465
54.41869	569.748
54.41946	569.7476
54.42106	569.7487
54.42365	569.7507
54.42846	569.7518
54.42967	569.7533
54.42494	569.7554
54.43349	569.7574
54.43439	569.76
54.43929	569.761
54.44079	569.7636
54.44452	569.7652
54.44471	569.7662
54.45157	569.7678
54.44432	569.7678
54.4553	569.7678
54.46097	569.7689
54.4594	569.7689
54.46033	569.7689
54.46775	569.7704
54.46871	569.7704
54.47068	569.7719
54.47303	569.774
54.47574	569.7761
54.47991	569.7782
54.48079	569.7807
54.48164	569.7833
54.48366	569.7859
54.48423	569.788
54.48726	569.7906
54.48994	569.7927
54.49464	569.7937
54.49548	569.7953
54.49723	569.7963
54.50058	569.7979
54.50118	569.7988
54.50411	569.8005
54.50882	569.8015
54.51207	569.8035
54.51398	569.8056
54.51579	569.8066
54.51758	569.8092
54.51898	569.8118
54.52216	569.8134
54.52557	569.816
54.52975	569.817
54.53028	569.8191
54.53188	569.8206
54.53033	569.8212
54.53098	569.8221
54.54179	569.8232
54.54549	569.8237
54.54784	569.8243
54.54911	569.8248
54.5522	569.8248
54.55212	569.8264
54.55625	569.8279
54.56367	569.8284
54.56139	569.8304
54.56232	569.832
54.56594	569.8331
54.56932	569.8351
54.57525	569.8367
54.57211	569.8382
54.57559	569.8393
54.57771	569.8413
54.57993	569.8434
54.58151	569.8439
54.58292	569.8459
54.58767	569.847
54.58692	569.8486
54.58952	569.8502
54.5958	569.8517
54.59949	569.8537
54.59865	569.8559
54.59862	569.8574
54.60023	569.8594
54.60541	569.8616
54.60777	569.8631
54.60929	569.8657
54.61118	569.8668
54.61467	569.8672
54.61569	569.8688
54.62177	569.8693
54.62388	569.8708
54.62258	569.8708
54.62758	569.8719
54.63091	569.8719
54.63195	569.8735
54.63523	569.8746
54.63807	569.8755
54.64029	569.8766
54.63975	569.8786
54.6429	569.8797
54.64651	569.8817
54.6487	569.8832
54.65173	569.8848
54.65373	569.8864
54.65588	569.8875
54.65862	569.889
54.66234	569.8901
54.66636	569.8916
54.66883	569.8926
54.66934	569.8942
54.67092	569.8952
54.67575	569.8978
54.67675	569.8999
54.67792	569.9025
54.67971	569.9056
54.68406	569.9088
54.6871	569.9119
54.68917	569.9154
54.68982	569.9185
54.69403	569.9222
54.69796	569.9247
54.69919	569.9279
54.70117	569.9305
54.70259	569.9326
54.70488	569.9361
54.70856	569.9372
54.70954	569.9392
54.71361	569.9423
54.71675	569.9439
54.71692	569.946
54.71943	569.9492
54.7237	569.9517
54.72671	569.9538
54.7271	569.9564
54.72918	569.9589
54.73106	569.9615
54.73439	569.9631
54.73582	569.9651
54.73954	569.9672
54.74321	569.9683
54.7461	569.9698
54.74633	569.9719
54.74958	569.9725
54.75224	569.974
54.7558	569.9745
54.75831	569.976
54.7579	569.9771
54.75913	569.9776
54.75999	569.9791
54.76929	569.9807
54.77382	569.9822
54.77343	569.9843
54.77388	569.9864
54.77703	569.9885
54.77847	569.99
54.78335	569.9926
54.78629	569.9947
54.78606	569.9957
54.78907	569.9983
54.79106	569.9994
54.79258	569.9998
54.79418	570.0009
54.80145	570.0024
54.80032	570.0024
54.80315	570.0024
54.80295	570.004
54.80537	570.0051
54.8093	570.006
54.81638	570.0087
54.81648	570.0103
54.81733	570.0129
54.82032	570.0149
54.82318	570.017
54.8268	570.0201
54.82827	570.0222
54.82984	570.0247
54.8294	570.0273
54.83283	570.0289
54.83689	570.0309
54.83904	570.033
54.84237	570.0351
54.84637	570.0367
54.84479	570.0382
54.84817	570.0402
54.85288	570.0413
54.8539	570.0439
54.85699	570.0455
54.85848	570.0471
54.86385	570.048
54.86558	570.0496
54.86988	570.0522
54.87236	570.0522
54.87458	570.0537
54.87663	570.0548
54.87888	570.0558
54.87994	570.0568
54.88292	570.0574
54.88504	570.0583
54.88702	570.06
54.88928	570.061
54.89242	570.0635
54.89494	570.0651
54.89643	570.0677
54.89834	570.0704
54.90071	570.0729
54.90306	570.0755
54.90687	570.0781
54.90793	570.0807
54.91282	570.0822
54.91291	570.0833
54.9161	570.0848
54.91728	570.0859
54.92113	570.0859
54.9248	570.0859
54.92631	570.0859
54.92928	570.0874
54.93362	570.0874
54.93274	570.0879
54.93423	570.089
54.93724	570.0905
54.94305	570.0921
54.9451	570.0942
54.94326	570.0962
54.94776	570.0983
54.95188	570.1004
54.953	570.1014
54.95211	570.1039
54.95551	570.1055
54.96062	570.1061
54.96214	570.1082
54.96439	570.1092
54.96449	570.1102
54.97107	570.1117
54.97537	570.1138
54.9765	570.1159
54.97949	570.1174
54.97855	570.1195
54.98247	570.1221
54.98449	570.1226
54.988	570.1247
54.98932	570.1273
54.99158	570.1278
54.99327	570.1288
54.99757	570.1309
54.99771	570.1315
54.99976	570.133
55.00721	570.1335
55.00938	570.1341
55.0133	570.1356
55.01141	570.1361
55.01214	570.1366
55.01672	570.1381
55.0175	570.1392
55.02061	570.1403
55.01954	570.1418
55.02712	570.1434
55.02931	570.145
55.03286	570.1465
55.03403	570.1485
55.03627	570.1501
55.0379	570.1516
55.04208	570.1527
55.04224	570.1537
55.04139	570.1537
55.04682	570.1537
55.05027	570.1542
55.05378	570.1537
55.05807	570.1537
55.05928	570.1542
55.05908	570.1537
55.0616	570.1542
55.06517	570.1558
55.06593	570.1563
55.06672	570.1579
55.07354	570.1589
55.07849	570.1605
55.07728	570.1614
55.07982	570.1614
55.08081	570.163
55.08407	570.163
55.08357	570.163
55.08565	570.1636
55.08633	570.1641
55.08875	570.1641
55.09021	570.1641
55.09337	570.1656
55.09718	570.1661
55.10215	570.1667
55.10862	570.1688
55.11163	570.1708
55.11283	570.1729
55.11626	570.1739
55.11449	570.1765
55.11705	570.1776
55.11902	570.1786
55.12402	570.0511
55.12913	570.0014
55.13155	570.0393
55.13253	570.0775
55.13332	570.0724
55.13621	570.089
55.13722	570.1221
55.1404	570.133
55.14247	570.1599
55.1441	570.1335
55.14613	570.1501
55.14684	570.177
55.15105	570.147
55.15495	570.1848
55.15776	570.1838
55.16045	570.1967
55.16495	570.1817
55.16699	570.1931
55.169	570.2056
55.16988	570.2081
55.17188	570.2138
55.17467	570.204
55.1773	570.232
55.18002	570.2537
55.18233	570.2153
55.18601	570.2071
55.18895	570.2299
55.18845	570.2247
55.19268	570.2263
55.19444	570.2386
55.1994	570.2211
55.20105	570.2351
55.20135	570.2376
55.20244	570.2454
55.20611	570.2288
55.20465	570.2464
55.20924	570.249
55.2147	570.264
55.21743	570.2615
55.22155	570.2604
55.2222	570.2677
55.22495	570.2511
55.22672	570.2526
55.22711	570.2728
55.23051	570.2563
55.23495	570.2526
55.23879	570.2464
55.23919	570.263
55.24119	570.2781
55.24277	570.2651
55.24392	570.2693
55.24787	570.2615
55.25159	570.2698
55.25465	570.2552
55.25682	570.2563
55.25652	570.2573
55.26028	570.2578
55.26171	570.2578
55.26741	570.2594
55.2698	570.2609
55.27167	570.262
55.27505	570.263
55.27925	570.2656
55.27925	570.2672
55.28069	570.2693
55.28289	570.2718
55.28561	570.2744
55.28748	570.2765
55.28929	570.2781
55.28982	570.2802
55.29446	570.2817
55.29553	570.2822
55.29925	570.2827
55.30253	570.2842
55.305	570.2842
55.30716	570.2842
55.31023	570.2848
55.31368	570.2853
55.31618	570.2869
55.31698	570.2869
55.32118	570.2885
55.31852	570.29
55.32152	570.2915
55.32537	570.2931
55.32416	570.2946
55.33033	570.2967
55.33739	570.2972
55.33582	570.2988
55.3417	570.2997
55.34666	570.3013
55.34983	570.3019
55.34806	570.3024
55.35231	570.3044
55.35433	570.305
55.35257	570.3071
55.35706	570.3091
55.35988	570.3107
55.3637	570.3127
55.3632	570.3148
55.36496	570.3174
55.36999	570.3195
55.37463	570.321
55.37635	570.3231
55.37793	570.3252
55.37994	570.3273
55.38358	570.3278
55.38447	570.3284
55.38851	570.3309
55.39194	570.3309
55.39224	570.3309
55.39515	570.3324
55.39061	570.3339
55.39722	570.3345
55.40213	570.3365
55.40237	570.3376
55.40438	570.3397
55.40841	570.3412
55.41382	570.3439
55.41313	570.3459
55.41569	570.347
55.42001	570.3495
55.42564	570.3505
55.42704	570.3505
55.42808	570.3522
55.4304	570.3522
55.43343	570.3505
55.437	570.3505
55.43739	570.3505
55.43991	570.3505
55.44175	570.3505
55.44334	570.3522
55.44351	570.3526
55.44785	570.3552
55.45037	570.3573
55.45377	570.3588
55.45511	570.3625
55.46108	570.3651
55.46234	570.3677
55.46288	570.3703
55.46434	570.3729
55.46748	570.3744
55.47284	570.3754
55.47483	570.377
55.47554	570.3785
55.47889	570.3796
55.47864	570.3806
55.47952	570.3832
55.48251	570.3848
55.48421	570.3858
55.49085	570.3895
55.49337	570.391
55.49309	570.3925
55.49541	570.3951
55.4977	570.3967
55.49553	570.3987
55.50454	570.4003
55.50854	570.4003
55.51154	570.4014
55.51314	570.4014
55.51438	570.4029
55.51595	570.4045
55.52096	570.4045
55.52654	570.406
55.52267	570.4081
55.52504	570.4096
55.53046	570.4117
55.53093	570.4142
55.53414	570.4159
55.53611	570.4185
55.54178	570.421
55.54136	570.4231
55.54107	570.4252
55.54374	570.4263
55.54689	570.4283
55.5534	570.4298
55.55407	570.4303
55.55988	570.4314
55.56057	570.4314
55.56241	570.4329
55.56525	570.4334
55.56623	570.434
55.56847	570.4355
55.57572	570.4365
55.57831	570.4381
55.57775	570.4397
55.57858	570.4418
55.57905	570.4433
55.58325	570.4453
55.58648	570.4469
55.58944	570.4485
55.59139	570.4501
55.59344	570.451
55.59529	570.4526
55.59748	570.4536
55.6021	570.4552
55.60177	570.4562
55.60794	570.4578
55.60978	570.4589
55.61033	570.4604
55.61408	570.462
55.61855	570.464
55.61988	570.4661
55.6202	570.4682
55.62096	570.4708
55.62486	570.4717
55.62914	570.4739
55.63344	570.476
55.6362	570.477
55.63701	570.4775
55.63879	570.4785
55.6403	570.48
55.64524	570.48
55.64936	570.48
55.65044	570.4811
55.64748	570.4811
55.65352	570.4806
55.65455	570.4811
55.65741	570.4822
55.66317	570.4827
55.66587	570.4827
55.66645	570.4837
55.66995	570.4852
55.67185	570.4858
55.67276	570.4874
55.67433	570.4878
55.67559	570.4889
55.68181	570.4904
55.68366	570.4904
55.68561	570.4904
55.68916	570.4909
55.6922	570.4909
55.69501	570.4915
55.69501	570.4915
55.69967	570.4925
55.70155	570.493
55.7021	570.4946
55.70847	570.4962
55.70945	570.4982
55.70956	570.4998
55.71156	570.5018
55.71621	570.5039
55.72009	570.5055
55.72253	570.507
55.72253	570.5086
55.72122	570.5086
55.72269	570.5086
55.72732	570.5096
55.73427	570.5096
55.73526	570.5096
55.74031	570.5096
55.73639	570.5096
55.74249	570.5096
55.74246	570.5112
55.75253	570.5121
55.75386	570.5127
55.75366	570.5138
55.75746	570.5153
55.75859	570.5164
55.76087	570.5164
55.76074	570.5179
55.76365	570.5179
55.76994	570.5189
55.77127	570.5189
55.77192	570.5189
55.7766	570.5189
55.77683	570.5189
55.7784	570.5189
55.7822	570.5195
55.78447	570.5204
55.78743	570.5215
55.78985	570.5231
55.7929	570.5242
55.79855	570.5267
55.79814	570.5282
55.79784	570.5303
55.80294	570.5319
55.80802	570.5334
55.8075	570.5344
55.81062	570.536
55.81271	570.536
55.81539	570.5355
55.81678	570.536
55.82047	570.536
55.82452	570.5344
55.82833	570.536
55.82898	570.537
55.8334	570.5386
55.83559	570.5391
55.83767	570.5417
55.83901	570.5448
55.84157	570.5464
55.84251	570.55
55.84587	570.5531
55.84532	570.5541
55.84433	570.5568
55.85331	570.5583
55.8535	570.5599
55.85342	570.5609
55.86003	570.5619
55.86022	570.5624
55.86115	570.5635
55.86106	570.5635
55.86957	570.5646
55.87381	570.5646
55.87465	570.5661
55.87915	570.5687
55.88007	570.5697
55.88367	570.5712
55.88168	570.5723
55.8875	570.5739
55.8874	570.5749
55.89112	570.5764
55.89282	570.5764
55.89796	570.5775
55.89998	570.5775
55.90402	570.5775
55.90478	570.5775
55.91032	570.5775
55.91354	570.5764
55.91433	570.5775
55.91621	570.5775
55.91675	570.5775
55.91768	570.579
55.91882	570.5795
55.92332	570.5801
55.92831	570.5822
55.92797	570.5831
55.93425	570.5847
55.93644	570.5868
55.9374	570.5868
55.93814	570.5884
55.93912	570.5884
55.94314	570.5884
55.94898	570.5884
55.95153	570.5884
55.95564	570.5884
55.95418	570.5873
55.9575	570.5868
55.95949	570.5884
55.96252	570.5888
55.95853	570.591
55.96018	570.591
55.96711	570.5935
55.9701	570.5961
55.97144	570.5972
55.97891	570.5992
55.98085	570.6013
55.98386	570.6023
55.9868	570.6039
55.9892	570.6049
55.98897	570.606
55.99371	570.6065
55.99415	570.6065
55.99585	570.608
55.99916	570.6091
56.00056	570.6096
56.00482	570.61
56.00836	570.6117
56.01016	570.6127
56.01064	570.6143
56.01438	570.6152
56.01647	570.6152
56.01952	570.6168
56.02116	570.6179
56.02238	570.6179
56.02611	570.6189
56.02917	570.6194
56.02779	570.6194
56.03163	570.6179
56.03519	570.6194
56.03978	570.6194
56.03939	570.6194
56.04575	570.6194
56.04651	570.621
56.04972	570.6215
56.05295	570.6226
56.05492	570.6246
56.05675	570.6267
56.05984	570.6287
56.0621	570.6298
56.06277	570.6318
56.06647	570.6339
56.07044	570.6349
56.07236	570.6349
56.07214	570.6365
56.07425	570.6365
56.07858	570.6365
56.08385	570.6365
56.08506	570.6365
56.08568	570.6365
56.08926	570.6355
56.09148	570.6365
56.0934	570.6365
56.09563	570.6365
56.09996	570.6376
56.10216	570.6391
56.10589	570.6401
56.10763	570.6407
56.10897	570.6422
56.11029	570.6428
56.1102	570.6443
56.11451	570.6448
56.11891	570.6453
56.1221	570.6469
56.12355	570.6474
56.12816	570.6479
56.12775	570.6494
56.13031	570.6505
56.13297	570.6521
56.13821	570.6531
56.13972	570.6552
56.14064	570.6563
56.14498	570.6578
56.14555	570.6599
56.14835	570.6614
56.14964	570.6614
56.15307	570.6625
56.15403	570.664
56.15178	570.664
56.16019	570.6645
56.16537	570.665
56.16879	570.6655
56.16977	570.6666
56.17276	570.6666
56.17374	570.6676
56.17659	570.6691
56.17946	570.6691
56.1821	570.6702
56.18518	570.6722
56.18615	570.6733
56.1885	570.6754
56.191	570.6774
56.19369	570.6785
56.19801	570.6805
56.19909	570.6821
56.19961	570.6826
56.20314	570.6847
56.20672	570.6852
56.21202	570.6858
56.21159	570.6873
56.21482	570.6878
56.21724	570.6889
56.21813	570.6898
56.22065	570.6909
56.22329	570.6935
56.22833	570.6951
56.22833	570.6967
56.23019	570.6976
56.23496	570.6992
56.23426	570.7013
56.23555	570.7018
56.23898	570.7028
56.24396	570.7044
56.24389	570.7044
56.24712	570.7054
56.2539	570.7054
56.26028	570.707
56.26068	570.708
56.2613	570.7096
56.2596	570.7101
56.25876	570.7122
56.26359	570.7142
56.26589	570.7158
56.27292	570.7173
56.26803	570.7194
56.27418	570.7209
56.27871	570.7225
56.28247	570.7236
56.28254	570.7251
56.28587	570.7262
56.28777	570.7262
56.28757	570.7266
56.28579	570.7277
56.29208	570.7277
56.29757	570.7277
56.29802	570.7277
56.30207	570.7288
56.30836	570.7292
56.30875	570.7292
56.31329	570.7308
56.31483	570.7324
56.31622	570.7334
56.31732	570.7355
56.31966	570.7375
56.32418	570.7396
56.32615	570.7401
56.32585	570.7422
56.33066	570.7432
56.33599	570.7432
56.3372	570.7448
56.33663	570.7448
56.34176	570.7448
56.34191	570.7448
56.34854	570.7458
56.35146	570.7458
56.35088	570.7463
56.35412	570.7474
56.35737	570.7489
56.36001	570.751
56.36206	570.7526
56.36585	570.7535
56.36645	570.7562
56.36731	570.7578
56.37052	570.7604
56.37325	570.7624
56.37594	570.7635
56.37672	570.7655
56.37986	570.767
56.38284	570.767
56.38691	570.7691
56.38776	570.7697
56.39205	570.7707
56.39536	570.7717
56.39824	570.7722
56.39659	570.7733
56.3976	570.7743
56.40194	570.7759
56.40578	570.7774
56.40582	570.778
56.40631	570.78
56.41227	570.78
56.41657	570.7816
56.42199	570.7826
56.42179	570.7826
56.42219	570.7852
56.42394	570.7852
56.4311	570.7852
56.43209	570.7862
56.43591	570.7862
56.43628	570.7877
56.43608	570.7888
56.43775	570.7903
56.4417	570.7908
56.44115	570.793
56.45181	570.7939
56.44925	570.7955
56.45642	570.7966
56.45707	570.7981
56.46101	570.7992
56.46111	570.7992
56.46173	570.8007
56.46502	570.8023
56.46857	570.8012
56.47586	570.8023
56.47847	570.8028
56.47678	570.8033
56.48162	570.8033
56.48282	570.8054
56.48196	570.8075
56.48458	570.8085
56.48864	570.8101
56.4955	570.8126
56.49562	570.8132
56.49727	570.8147
56.49861	570.8163
56.50344	570.8179
56.50691	570.8188
56.51141	570.8204
56.51099	570.8219
56.51111	570.8241
56.51178	570.8256
56.52096	570.8276
56.52224	570.8298
56.52332	570.8318
56.52773	570.8339
56.52945	570.8365
56.5304	570.838
56.53207	570.8406
56.53377	570.8427
56.53871	570.8432
56.54065	570.8453
56.54456	570.8463
56.54704	570.8468
56.54836	570.8479
56.54947	570.8489
56.55432	570.8505
56.55772	570.8505
56.56046	570.8505
56.56502	570.8514
56.56384	570.8514
56.56466	570.8521
56.56893	570.853
56.57105	570.8541
56.57292	570.8557
56.57753	570.8583
56.58047	570.8608
56.58228	570.8634
56.58705	570.866
56.5874	570.8686
56.58991	570.8717
56.59359	570.8738
56.59364	570.8753
56.59888	570.8774
56.60163	570.8779
56.60139	570.8779
56.60464	570.879
56.60859	570.879
56.61096	570.879
56.61147	570.8805
56.61419	570.8805
56.61666	570.8816
56.62047	570.8836
56.62106	570.8856
56.62278	570.8882
56.63291	570.8903
56.6358	570.8934
56.63328	570.8961
56.63803	570.8976
56.63549	570.8991
56.63784	570.9012
56.6408	570.9028
56.64695	570.9039
56.65049	570.9048
56.64887	570.9064
56.64872	570.9064
56.65131	570.9074
56.6614	570.909
56.66628	570.9105
56.66756	570.9116
56.67149	570.9131
56.67859	570.9142
56.67018	570.9158
56.66668	570.9183
56.67043	570.9183
56.67452	570.9194
56.67765	570.9209
56.68089	570.9214
56.68379	570.9209
56.68873	570.922
56.69196	570.922
56.6936	570.922
56.69454	570.922
56.69827	570.9235
56.7019	570.9235
56.70353	570.9246
56.70434	570.9261
56.70819	570.9286
56.7123	570.9297
56.71371	570.9318
56.7186	570.9344
56.71852	570.9359
56.72143	570.9375
56.72358	570.9396
56.72398	570.9401
56.72614	570.9416
56.73155	570.9421
56.73322	570.9427
56.73415	570.9427
56.73781	570.9442
56.7406	570.9442
56.74026	570.9458
56.74215	570.9458
56.74708	570.9468
56.74987	570.9484
56.75317	570.9493
56.75582	570.9515
56.75619	570.952
56.75957	570.9536
56.76423	570.9556
56.76721	570.9567
56.77209	570.9572
56.77402	570.9587
56.77646	570.9597
56.77842	570.9613
56.78036	570.9624
56.78145	570.9639
56.78356	570.965
56.78687	570.9659
56.78958	570.9676
56.7919	570.9686
56.79419	570.9696
56.79705	570.9711
56.79969	570.9722
56.80552	570.9742
56.8047	570.9742
56.80867	570.9769
56.81	570.9769
56.81309	570.9774
56.81669	570.9795
56.81905	570.9795
56.82111	570.9789
56.82429	570.9795
56.82476	570.9795
56.82678	570.9795
56.83097	570.9805
56.83146	570.9805
56.83315	570.982
56.83538	570.9836
56.84207	570.9846
56.84385	570.9866
56.84279	570.9888
56.84488	570.9904
56.8484	570.9924
56.85075	570.995
56.86025	570.9966
56.86007	570.9976
56.86033	570.9991
56.8636	571.0002
56.8651	571.0002
56.86913	571.0002
56.87135	571.0018
56.87406	571.0018
56.87616	571.0018
56.87801	571.0022
56.88	571.0043
56.88206	571.0053
56.88766	571.0064
56.89049	571.0084
56.8919	571.0106
56.89581	571.0121
56.8969	571.0131
56.90021	571.0146
56.90219	571.0157
56.90268	571.0157
56.90376	571.0173
56.91007	571.0188
56.91131	571.0188
56.91214	571.0199
56.9169	571.0208
56.91734	571.0214
56.91912	571.0225
56.92202	571.024
56.92341	571.025
56.92859	571.0266
56.93129	571.0276
56.93585	571.0292
56.93608	571.0302
56.93952	571.0302
56.94411	571.0313
56.94487	571.0317
56.94554	571.0302
56.94927	571.0302
56.95297	571.0302
56.9558	571.0292
56.95708	571.0292
56.95933	571.0292
56.96133	571.0292
56.96291	571.0281
56.9655	571.0292
56.9693	571.0302
56.97206	571.0302
56.97309	571.0323
56.97697	571.0344
56.97901	571.0354
56.9814	571.0369
56.98426	571.0385
56.98598	571.0406
56.98964	571.0406
56.99322	571.0421
56.99458	571.0432
56.99675	571.0432
56.99895	571.0432
57.00064	571.0447
57.00353	571.0447
57.00788	571.0447
57.0092	571.0472
57.01063	571.0483
57.01303	571.0499
57.01848	571.053
57.02094	571.0551
57.02198	571.0577
57.02637	571.0603
57.02797	571.0623
57.02966	571.0649
57.02987	571.0665
57.03464	571.0681
57.03646	571.0696
57.03717	571.0706
57.04088	571.0721
57.0435	571.0732
57.04638	571.0748
57.0483	571.0759
57.0522	571.0774
57.0555	571.0794
57.06046	571.081
57.06297	571.0825
57.06116	571.0851
57.06828	571.0862
57.07077	571.0877
57.06971	571.0887
57.07248	571.0903
57.07639	571.0919
57.07629	571.0919
57.07967	571.0924
57.08576	571.0929
57.0836	571.0939
57.0856	571.0945
57.09016	571.0955
57.09176	571.0955
57.09304	571.097
57.09649	571.0997
57.10123	571.1006
57.10451	571.1022
57.10759	571.1053
57.10611	571.1074
57.10799	571.11
57.10979	571.1121
57.11381	571.1152
57.11763	571.1162
57.11983	571.1178
57.1258	571.1188
57.12728	571.1204
57.13095	571.1193
57.13483	571.1204
57.13441	571.1204
57.13551	571.1204
57.13793	571.1204
57.14045	571.1214
57.14096	571.1224
57.14434	571.1245
57.14635	571.1266
57.1511	571.1287
57.15186	571.1318
57.15155	571.1328
57.15898	571.1348
57.16358	571.1375
57.16504	571.1385
57.16348	571.1405
57.17012	571.1421
57.17209	571.1436
57.17572	571.1458
57.17814	571.1462
57.18043	571.1483
57.17748	571.1514
57.17521	571.1514
57.18201	571.154
57.18383	571.1566
57.1958	571.1582
57.19461	571.1592
57.19548	571.1618
57.19987	571.1634
57.20307	571.1639
57.20438	571.1649
57.20435	571.166
57.2086	571.1675
57.21045	571.1675
57.21398	571.1675
57.21533	571.1675
57.22042	571.1675
57.22273	571.168
57.22685	571.1685
57.22695	571.1685
57.22676	571.17
57.2318	571.1711
57.23349	571.1716
57.23616	571.1732
57.23845	571.1747
57.24044	571.1758
57.24304	571.1763
57.24535	571.1778
57.25018	571.1789
57.25166	571.1789
57.2565	571.1804
57.2624	571.1815
57.26531	571.1815
57.2672	571.1825
57.26831	571.183
57.26933	571.1841
57.27208	571.1856
57.27429	571.1866
57.27542	571.1882
57.27433	571.1908
57.27791	571.1918
57.28365	571.1929
57.28519	571.1955
57.28866	571.197
57.29409	571.197
57.29423	571.2001
57.29513	571.2001
57.29568	571.2011
57.29794	571.2027
57.30228	571.2027
57.30366	571.2042
57.30652	571.2053
57.312	571.2053
57.31322	571.2073
57.31858	571.2079
57.32022	571.2095
57.32172	571.212
57.32327	571.2142
57.32454	571.2157
57.33482	571.2177
57.33604	571.2193
57.33546	571.2208
57.33699	571.2219
57.33992	571.2234
57.34016	571.2245
57.34367	571.2245
57.34416	571.226
57.34662	571.226
57.3522	571.226
57.35497	571.2271
57.35637	571.2286
57.35729	571.2286
57.3621	571.2297
57.36619	571.2322
57.3683	571.2349
57.36957	571.2364
57.37317	571.2384
57.37536	571.241
57.38012	571.2431
57.37975	571.2452
57.38276	571.2477
57.38513	571.2488
57.38599	571.2499
57.38713	571.2515
57.39275	571.2519
57.39278	571.2519
57.3954	571.2535
57.39803	571.2535
57.40047	571.2535
57.40503	571.2545
57.40754	571.2561
57.40928	571.2566
57.41152	571.2587
57.41199	571.2597
57.41388	571.2613
57.4156	571.2639
57.42294	571.2644
57.42193	571.2664
57.42972	571.2675
57.43029	571.2675
57.43171	571.269
57.43377	571.2706
57.43587	571.2706
57.44132	571.2717
57.44435	571.2732
57.44864	571.2737
57.44643	571.2748
57.44423	571.2763
57.44973	571.2768
57.45348	571.2783
57.45876	571.2794
57.46206	571.2809
57.46418	571.2809
57.46601	571.282
57.46859	571.282
57.47471	571.282
57.47491	571.283
57.47471	571.2835
57.48372	571.2835
57.47001	571.2835
57.47766	571.2845
57.48756	571.2861
57.48344	571.2861
57.48709	571.2872
57.49805	571.2892
57.49929	571.2903
57.50257	571.2924
57.5072	571.2944
57.50567	571.297
57.50678	571.2991
57.51046	571.3012
57.51183	571.3027
57.51255	571.3043
57.5178	571.3047
57.52027	571.3052
57.52427	571.3052
57.5259	571.3043
57.52596	571.3043
57.5291	571.3027
57.53278	571.3027
57.53386	571.3027
57.53595	571.3021
57.53862	571.3027
57.54197	571.3027
57.54462	571.3043
57.54672	571.3063
57.5493	571.3074
57.55613	571.309
57.55857	571.311
57.55749	571.3115
57.55986	571.313
57.56174	571.3136
57.56245	571.3141
57.56718	571.3152
57.56985	571.3162
57.57375	571.3162
57.57848	571.3172
57.58008	571.3172
57.58381	571.3187
57.58408	571.3203
57.58655	571.3214
57.58879	571.3229
57.59109	571.3245
57.5956	571.3255
57.59789	571.327
57.60036	571.3276
57.60154	571.3291
57.60672	571.3291
57.60875	571.3291
57.60996	571.3291
57.61203	571.3291
57.61494	571.3276
57.61699	571.3276
57.62034	571.3276
57.61876	571.3276
57.62046	571.3276
57.62712	571.3291
57.63393	571.3317
57.63461	571.3322
57.63546	571.3337
57.63844	571.3369
57.63973	571.3379
57.64564	571.3394
57.64441	571.341
57.64454	571.3416
57.64873	571.342
57.6542	571.342
57.65506	571.3405
57.65699	571.3405
57.66089	571.3394
57.66636	571.3379
57.66745	571.3379
57.66982	571.3369
57.67399	571.3369
57.67605	571.3379
57.67763	571.3394
57.67888	571.34
57.6825	571.342
57.68427	571.3447
57.6856	571.3457
57.68723	571.3483
57.6921	571.3503
57.69522	571.3514
57.69712	571.3529
57.70102	571.355
57.70295	571.355
57.70385	571.3566
57.70457	571.3576
57.70993	571.3592
57.71363	571.3602
57.71436	571.3618
57.71777	571.3638
57.71992	571.3654
57.72363	571.3669
57.72554	571.369
57.72626	571.3705
57.7279	571.3727
57.7321	571.3747
57.7333	571.3767
57.73523	571.3784
57.73842	571.3793
57.74251	571.3815
57.74657	571.3815
57.74921	571.3824
57.74998	571.383
57.75016	571.384
57.75549	571.3851
57.75713	571.3851
57.76019	571.3867
57.76091	571.3876
57.76498	571.3892
57.76851	571.3907
57.76974	571.3934
57.77134	571.3954
57.77534	571.397
57.77721	571.3991
57.77896	571.4006
57.78352	571.4022
57.78506	571.4031
57.78814	571.4047
57.79168	571.4058
57.79662	571.4058
57.79704	571.4073
57.7995	571.4084
57.80656	571.41
57.80688	571.4105
57.804	571.4125
57.80602	571.4135
57.80787	571.4161
57.81414	571.4187
57.81907	571.4208
57.81924	571.4229
57.82391	571.4249
57.82343	571.4276
57.82788	571.4296
57.82938	571.4318
57.83321	571.4333
57.83461	571.4348
57.83944	571.4358
57.84158	571.4358
57.84068	571.4373
57.84514	571.4379
57.8505	571.4384
57.85142	571.4389
57.85239	571.4399
57.85535	571.441
57.85584	571.441
57.85987	571.4431
57.86223	571.4451
57.86515	571.4451
57.86658	571.4462
57.86966	571.4478
57.87405	571.4482
57.87753	571.4493
57.8802	571.4488
57.88454	571.4504
57.88909	571.4504
57.8847	571.4504
57.88986	571.4504
57.88945	571.4504
57.89222	571.4514
57.8938	571.4519
57.8967	571.4524
57.89874	571.4534
57.90143	571.4556
57.90705	571.4556
57.91006	571.4576
57.91542	571.4597
57.9141	571.4607
57.91618	571.4622
57.92192	571.4633
57.92167	571.4648
57.92557	571.4648
57.92562	571.4648
57.93105	571.4659
57.93155	571.4659
57.93501	571.4669
57.94033	571.4675
57.9382	571.4684
57.94361	571.4684
57.94792	571.47
57.94842	571.4711
57.95444	571.4726
57.95449	571.4737
57.95501	571.4752
57.95978	571.4763
57.95882	571.4778
57.96588	571.4788
57.96629	571.4788
57.97081	571.4803
57.97227	571.4803
57.97491	571.4814
57.97929	571.4819
57.98001	571.483
57.98167	571.484
57.98534	571.4846
57.98637	571.4861
57.99057	571.4871
57.99343	571.4882
57.99809	571.4897
57.99535	571.4907
57.99881	571.4923
58.0035	571.4933
58.00643	571.4949
58.00973	571.4949
58.00929	571.4949
58.01259	571.4959
58.01548	571.4959
58.01933	571.4959
58.02254	571.4959
58.02428	571.497
58.02663	571.4975
58.0282	571.498
58.02966	571.4995
58.035	571.5001
58.03651	571.501
58.03899	571.5037
58.04185	571.5052
58.04697	571.5063
58.04691	571.5084
58.04932	571.5104
58.05423	571.5104
58.05531	571.5114
58.05677	571.513
58.06025	571.5125
58.06236	571.5114
58.06456	571.5114
58.06953	571.5114
58.07241	571.5104
58.07537	571.5104
58.07557	571.5104
58.07726	571.5104
58.08044	571.5104
58.08303	571.511
58.08326	571.512
58.08868	571.514
58.09103	571.514
58.09278	571.5156
58.09618	571.5156
58.09982	571.5161
58.10328	571.5167
58.10529	571.5161
58.10802	571.5167
58.11039	571.5167
58.10995	571.5156
58.11365	571.5167
58.11843	571.5167
58.11836	571.5172
58.12133	571.5187
58.12425	571.5197
58.1285	571.5213
58.12527	571.5234
58.13097	571.5249
58.13597	571.5259
58.13642	571.5275
58.13787	571.5286
58.14485	571.5291
58.14406	571.5301
58.14549	571.5301
58.15042	571.5312
58.15469	571.5312
58.15864	571.5327
58.15889	571.5327
58.16063	571.5337
58.1652	571.5353
58.16382	571.5363
58.1675	571.5389
58.17067	571.5405
58.17277	571.5421
58.17664	571.5457
58.17716	571.5467
58.17899	571.5487
58.18404	571.5508
58.18787	571.5519
58.18396	571.5529
58.1947	571.5535
58.19489	571.5544
58.19672	571.5539
58.20064	571.5535
58.20203	571.5539
58.20594	571.5544
58.20758	571.5544
58.21248	571.5544
58.21535	571.556
58.21403	571.556
58.21933	571.5565
58.22311	571.5586
58.22506	571.5601
58.22586	571.5601
58.22741	571.5612
58.22952	571.5627
58.23376	571.5632
58.23372	571.5638
58.23652	571.5638
58.23989	571.5654
58.24366	571.5654
58.24677	571.5663
58.25076	571.5679
58.25264	571.5685
58.25617	571.569
58.25785	571.5716
58.25979	571.5731
58.26167	571.5736
58.26539	571.5757
58.26733	571.5767
58.26937	571.5782
58.27247	571.5793
58.27555	571.5804
58.27996	571.5809
58.28122	571.5809
58.28448	571.5809
58.28698	571.5809
58.28922	571.5809
58.28927	571.5793
58.29124	571.5793
58.29672	571.5793
58.30016	571.5793
58.3032	571.5793
58.30703	571.5793
58.30582	571.5809
58.30725	571.5809
58.31228	571.5819
58.316	571.5834
58.31625	571.5845
58.32109	571.4902
58.32312	571.3851
58.32651	571.4239
58.32747	571.4426
58.32895	571.4659
58.33204	571.4886
58.33805	571.5094
58.34052	571.5167
58.3397	571.5348
58.33976	571.541
58.34316	571.555
58.34922	571.5415
58.35007	571.5612
58.35105	571.5757
58.35453	571.5627
58.35677	571.571
58.35103	571.5736
58.35624	571.5751
58.36486	571.5908
58.36701	571.6011
58.37153	571.6104
58.37118	571.6052
58.3768	571.6161
58.37996	571.6192
58.38113	571.6052
58.38205	571.6172
58.38452	571.6031
58.3898	571.612
58.39214	571.6042
58.39256	571.6124
58.39626	571.6192
58.40366	571.5974
58.4063	571.6073
58.40645	571.614
58.40823	571.6265
58.40899	571.6021
58.41163	571.6332
58.4151	571.6068
58.41706	571.6073
58.41668	571.6083
58.42564	571.6094
58.42458	571.6094
58.42682	571.6094
58.4305	571.6109
58.43425	571.612
58.43684	571.6135
58.43913	571.6156
58.4409	571.6172
58.44473	571.6192
58.44636	571.6213
58.44949	571.6228
58.45245	571.6249
58.45413	571.6265
58.45603	571.6276
58.45778	571.6285
58.4634	571.6291
58.4675	571.6291
58.46735	571.6276
58.46944	571.627
58.47349	571.6265
58.4768	571.6259
58.48072	571.6249
58.48252	571.6249
58.48474	571.6249
58.48703	571.6249
58.48903	571.6249
58.49	571.6259
58.49364	571.6265
58.49749	571.6276
58.5	571.6281
58.50113	571.6291
58.50375	571.6301
58.50827	571.6301
58.50909	571.6307
58.51112	571.6316
58.5136	571.6332
58.51513	571.6332
58.51771	571.6332
58.52013	571.6342
58.52145	571.6358
58.52608	571.6362
58.52877	571.6368
58.52926	571.6384
58.53614	571.6394
58.54098	571.641
58.53783	571.6415
58.53994	571.642
58.53558	571.642
58.54505	571.642
58.55249	571.642
58.55117	571.642
58.55563	571.642
58.56139	571.642
58.56078	571.642
58.56098	571.642
58.56343	571.642
58.57014	571.644
58.57199	571.6462
58.57588	571.6477
58.57825	571.6508
58.58083	571.6523
58.58335	571.6555
58.58712	571.6586
58.59184	571.6602
58.59219	571.6617
58.59415	571.6627
58.59468	571.6627
58.59944	571.6627
58.60079	571.6617
58.6023	571.6602
58.60654	571.6602
58.61016	571.6591
58.61127	571.6586
58.61369	571.6591
58.61779	571.6602
58.62042	571.6602
58.62299	571.6627
58.62383	571.6653
58.62594	571.6684
58.62989	571.6715
58.63186	571.6736
58.63444	571.6767
58.63683	571.6793
58.6422	571.6813
58.64953	571.684
58.64193	571.685
58.64297	571.6871
58.64987	571.6881
58.65061	571.6891
58.65714	571.6918
58.65959	571.6928
58.66199	571.6944
58.65865	571.6959
58.66459	571.6974
58.66934	571.7
58.67227	571.701
58.67661	571.7031
58.67848	571.7052
58.67912	571.7062
58.68182	571.7073
58.68288	571.7088
58.68502	571.7088
58.68744	571.7088
58.69115	571.7088
58.692	571.7099
58.69481	571.7088
58.69913	571.7088
58.70392	571.7099
58.70765	571.7099
58.70528	571.7099
58.71027	571.7119
58.71603	571.7135
58.71688	571.7151
58.71864	571.7171
58.72114	571.7192
58.72103	571.7202
58.72646	571.7228
58.73147	571.7244
58.73055	571.7244
58.7342	571.7244
58.73915	571.7255
58.74326	571.7244
58.74876	571.7239
58.74789	571.7228
58.74528	571.7228
58.74577	571.7228
58.74498	571.7228
58.75256	571.7244
58.75587	571.7255
58.75867	571.727
58.75877	571.729
58.76415	571.7316
58.76717	571.7332
58.77141	571.7358
58.77481	571.7379
58.77537	571.7394
58.77512	571.741
58.78369	571.7415
58.78272	571.7415
58.78528	571.7425
58.78729	571.7425
58.79417	571.7425
58.79611	571.7425
58.80095	571.7441
58.80189	571.7441
58.80225	571.7451
58.80546	571.7466
58.80682	571.7477
58.81538	571.7482
58.81373	571.7502
58.81417	571.7502
58.81694	571.7508
58.8178	571.7518
58.82104	571.7518
58.82705	571.7513
58.8249	571.7502
58.82472	571.7502
58.82833	571.7498
58.83563	571.7493
58.83896	571.7493
58.8411	571.7493
58.84401	571.7493
58.84483	571.7502
58.84724	571.7502
58.85193	571.7518
58.85398	571.7528
58.85714	571.7544
58.86263	571.7554
58.86407	571.7565
58.86446	571.757
58.86895	571.7581
58.87137	571.7581
58.8712	571.759
58.87711	571.7596
58.87886	571.7581
58.88375	571.759
58.88649	571.7585
58.88873	571.7596
58.88839	571.7596
58.89288	571.7596
58.89332	571.7606
58.89618	571.7621
58.89962	571.7632
58.90258	571.7643
58.90528	571.7653
58.90698	571.7659
58.90973	571.7659
58.91206	571.7674
58.91374	571.7674
58.91707	571.7674
58.9203	571.7674
58.92506	571.7674
58.92785	571.7674
58.92775	571.7674
58.93066	571.7679
58.93447	571.7689
58.93415	571.77
58.9388	571.771
58.93959	571.7731
58.94322	571.774
58.95064	571.7762
58.94973	571.7777
58.95104	571.7793
58.95171	571.7793
58.95547	571.7803
58.95881	571.7803
58.96123	571.7803
58.96481	571.7803
58.96685	571.7803
58.96841	571.7803
58.97301	571.7803
58.97457	571.7803
58.97928	571.7819
58.97983	571.7823
58.98246	571.7845
58.98354	571.787
58.98764	571.7886
58.98962	571.7917
58.99331	571.7948
58.99662	571.7963
58.99854	571.7985
59.00074	571.801
59.00362	571.801
59.00697	571.8021
59.00863	571.8026
59.01253	571.8016
59.01423	571.801
59.01509	571.8
59.0196	571.8
59.02237	571.8
59.02491	571.7985
59.02805	571.8
59.02983	571.8
59.03405	571.801
59.03391	571.8026
59.03515	571.8036
59.03667	571.8052
59.04306	571.8062
59.04717	571.8078
59.04896	571.8088
59.05278	571.8104
59.05463	571.8109
59.05697	571.8119
59.06038	571.8119
59.06321	571.813
59.06485	571.813
59.06416	571.813
59.06403	571.8145
59.07261	571.8145
59.07641	571.8156
59.07836	571.8156
59.08066	571.8171
59.08246	571.8181
59.0847	571.8181
59.08857	571.8196
59.09181	571.8196
59.09265	571.8207
59.0932	571.8207
59.09742	571.8207
59.10155	571.8207
59.10229	571.8207
59.10594	571.8207
59.10953	571.8207
59.11154	571.8207
59.11575	571.8207
59.11839	571.8207
59.12198	571.8207
59.12506	571.8218
59.12824	571.8223
59.13063	571.8223
59.1326	571.8228
59.13327	571.8223
59.13575	571.8223
59.1399	571.8223
59.14301	571.8223
59.1452	571.8207
59.14488	571.8207
59.14779	571.8207
59.14881	571.8196
59.15324	571.8196
59.15589	571.8196
59.16001	571.8181
59.16244	571.8181
59.16608	571.8181
59.16726	571.8181
59.17118	571.8196
59.17379	571.8196
59.17537	571.8196
59.17765	571.8196
59.18215	571.8196
59.18459	571.8196
59.18813	571.8187
59.18931	571.8181
59.19017	571.8181
59.19548	571.8171
59.19804	571.8165
59.19792	571.8156
59.20302	571.8156
59.20433	571.8156
59.20662	571.8156
59.20723	571.8156
59.2114	571.8156
59.21582	571.8171
59.21709	571.8171
59.21947	571.8171
59.22426	571.8181
59.22408	571.8181
59.22943	571.8181
59.2341	571.8181
59.23272	571.8176
59.23654	571.8171
59.23999	571.8171
59.24458	571.8171
59.24189	571.8171
59.24564	571.8181
59.25009	571.8181
59.2509	571.8196
59.25541	571.8207
59.25669	571.8228
59.25595	571.8249
59.26088	571.8259
59.26398	571.828
59.2676	571.83
59.27254	571.8311
59.2747	571.8326
59.27362	571.8331
59.27862	571.8337
59.27872	571.8337
59.28302	571.8326
59.28965	571.8326
59.2891	571.8311
59.29413	571.8311
59.29573	571.83
59.29902	571.83
59.29991	571.8311
59.30509	571.8311
59.30432	571.8326
59.30861	571.8337
59.31349	571.8352
59.31221	571.8373
59.31239	571.8383
59.31451	571.8404
59.31552	571.8425
59.31587	571.843
59.32146	571.8441
59.32807	571.8456
59.32842	571.8466
59.32943	571.8477
59.33448	571.8487
59.34033	571.8503
59.34243	571.8508
59.34588	571.8523
59.34806	571.8544
59.35218	571.856
59.35555	571.8575
59.35746	571.8585
59.35723	571.8611
59.36221	571.8622
59.36311	571.8627
59.36488	571.8638
59.36816	571.8638
59.37292	571.8638
59.37528	571.8653
59.3756	571.8642
59.37455	571.8647
59.38137	571.8642
59.38392	571.8642
59.38744	571.8642
59.38939	571.8653
59.39363	571.8653
59.39391	571.8653
59.39692	571.8663
59.39999	571.8668
59.39594	571.8679
59.40715	571.8689
59.41879	571.8689
59.40448	571.8704
59.39707	571.8704
59.40957	571.8715
59.42486	571.8715
59.42841	571.8715
59.42597	571.8715
59.42746	571.8715
59.42971	571.8704
59.42934	571.8715
59.43561	571.871
59.44046	571.8715
59.44011	571.872
59.44235	571.873
59.44521	571.8741
59.44521	571.8756
59.44979	571.8777
59.4534	571.8802
59.45375	571.8818
59.45725	571.8834
59.46004	571.8854
59.45969	571.8876
59.46366	571.8876
59.46758	571.8886
59.47047	571.8886
59.47643	571.8902
59.47834	571.8902
59.48066	571.8911
59.4845	571.8927
59.48495	571.8933
59.48806	571.8953
59.49037	571.8964
59.4924	571.8979
59.49371	571.8989
59.49496	571.9011
59.49819	571.9031
59.49738	571.9031
59.50285	571.9052
59.50626	571.9067
59.50805	571.9067
59.51195	571.9083
59.51433	571.9093
59.51881	571.9098
59.5219	571.9114
59.52481	571.9119
59.52629	571.9135
59.53023	571.9145
59.5333	571.915
59.53389	571.9166
59.53746	571.9175
59.54192	571.9186
59.54392	571.9207
59.54521	571.9213
59.54648	571.9228
59.54937	571.9244
59.55309	571.9253
59.5567	571.9264
59.55815	571.9269
59.55946	571.9279
59.56197	571.9279
59.56523	571.9279
59.56812	571.929
59.5748	571.929
59.573	571.929
59.5732	571.9305
59.57934	571.9305
59.58371	571.9316
59.58338	571.9316
59.58657	571.9332
59.59051	571.9341
59.59405	571.9347
59.59217	571.9357
59.59587	571.9368
59.5999	571.9378
59.60229	571.9384
59.60588	571.9388
59.61216	571.9393
59.61298	571.9393
59.61328	571.9404
59.61501	571.9409
59.6191	571.9409
59.62359	571.9409
59.62542	571.942
59.62679	571.942
59.62661	571.942
59.63018	571.9435
59.63391	571.9435
59.63513	571.9445
59.6366	571.9445
59.64275	571.9456
59.64734	571.9461
59.64946	571.9471
59.6527	571.9471
59.65627	571.9482
59.65535	571.9487
59.66226	571.9497
59.66192	571.9502
59.65735	571.9513
59.66517	571.9528
59.67248	571.9539
59.67504	571.9548
59.67696	571.9564
59.67934	571.9579
59.68153	571.9586
59.68461	571.959
59.68707	571.9606
59.69039	571.9606
59.6929	571.9606
59.6952	571.9611
59.69536	571.9606
59.69784	571.9606
59.70291	571.9606
59.70361	571.959
59.70942	571.9601
59.70932	571.9601
59.71295	571.9606
59.71315	571.9611
59.71969	571.9617
59.72092	571.9632
59.72433	571.9642
59.7303	571.9658
59.73349	571.9668
59.72956	571.9694
59.73104	571.9694
59.73831	571.9709
59.74169	571.972
59.74119	571.972
59.74571	571.972
59.74363	571.972
59.74632	571.972
59.7524	571.972
59.75511	571.972
59.7583	571.9735
59.75801	571.9735
59.76061	571.9741
59.7651	571.9746
59.76837	571.9756
59.77116	571.9761
59.7748	571.9772
59.77339	571.9772
59.77694	571.9787
59.78498	571.9787
59.78974	571.9787
59.79178	571.9787
59.79272	571.9797
59.7942	571.9813
59.79731	571.9797
59.7997	571.9813
59.80402	571.9839
59.80421	571.9839
59.80828	571.985
59.814	571.9865
59.81754	571.9875
59.81725	571.9901
59.81673	571.9916
59.81866	571.9943
59.82188	571.9963
59.82365	571.9984
59.82693	572.0005
59.83139	572.001
59.83194	572.001
59.83665	572.0021
59.8378	572.001
59.84103	571.9995
59.84415	571.9995
59.84511	571.999
59.84756	571.9984
59.84992	571.9984
59.85436	571.999
59.8569	571.9995
59.85784	572.001
59.86263	572.0025
59.8642	572.0046
59.86535	572.0067
59.86644	572.0088
59.87318	572.0114
59.87478	572.0124
59.87785	572.0139
59.88131	572.015
59.88299	572.0165
59.88686	572.0165
59.89077	572.0176
59.89312	572.0176
59.89318	572.0192
59.89626	572.0192
59.89962	572.0201
59.90112	572.0217
59.90633	572.0228
59.90835	572.0243
59.91218	572.0248
59.91509	572.0269
59.91768	572.0269
59.91738	572.0285
59.92271	572.0285
59.92352	572.0295
59.92848	572.0289
59.92922	572.0295
59.92969	572.0295
59.93191	572.0295
59.93618	572.0295
59.93798	572.0295
59.94315	572.0295
59.9454	572.0311
59.94939	572.0311
59.95181	572.032
59.95502	572.0336
59.95647	572.0347
59.95964	572.0363
59.96191	572.0388
59.96306	572.0399
59.96656	572.0409
59.96979	572.0419
59.97216	572.0424
59.97325	572.044
59.97643	572.044
59.98046	572.044
59.98314	572.045
59.98469	572.045
59.98867	572.045
59.99241	572.0461
59.9949	572.0472
59.99777	572.0472
60.00135	572.0492
60.00455	572.0502
60.00754	572.0512
60.00963	572.0523
60.01032	572.0527
60.01508	572.0543
60.01902	572.0549
60.01952	572.0543
60.02034	572.0554
60.02251	572.0554
60.0263	572.0554
60.03077	572.0554
60.03143	572.0569
60.03363	572.0565
60.03619	572.0569
60.03715	572.058
60.04507	572.058
60.04333	572.0596
60.04622	572.0605
60.04406	572.0605
60.0449	572.0621
60.04986	572.0621
60.06093	572.0631
60.06066	572.0631
60.05548	572.0631
60.06461	572.0631
60.06663	572.0631
60.06886	572.0631
60.07058	572.0627
60.0749	572.0631
60.07807	572.0631
60.07963	572.0621
60.08443	572.0631
60.08961	572.0631
60.09385	572.0647
60.09764	572.0657
60.09698	572.0673
60.09942	572.0688
60.1018	572.0699
60.10494	572.072
60.10648	572.074
60.10949	572.0751
60.11014	572.0766
60.1162	572.0776
60.11907	572.0776
60.11919	572.0782
60.12158	572.0792
60.1243	572.0792
60.12474	572.0792
60.12968	572.0803
60.13688	572.0803
60.14009	572.0818
60.13998	572.0829
60.14139	572.0829
60.1462	572.0844
60.14748	572.0849
60.14914	572.086
60.15392	572.0869
60.15642	572.0869
60.15831	572.088
60.16263	572.0896
60.1632	572.088
60.16682	572.0896
60.1722	572.09
60.17508	572.0906
60.17646	572.0906
60.17168	572.0922
60.17311	572.0932
60.17726	572.0938
60.1776	572.0948
60.18876	572.0969
60.18831	572.0984
60.19353	572.1
60.19717	572.1015
60.19909	572.103
60.20044	572.1041
60.2034	572.1046
60.20567	572.1052
60.20942	572.1052
60.21048	572.1052
60.21248	572.1052
60.21848	572.1052
60.22328	572.1041
60.22595	572.1041
60.22713	572.1041
60.22913	572.1041
60.23253	572.1041
60.2344	572.1052
60.23813	572.1067
60.23959	572.1072
60.24185	572.1077
60.24659	572.1093
60.24844	572.1103
60.25169	572.1118
60.25231	572.1129
60.25458	572.1134
60.25851	572.1144
60.25941	572.1144
60.26127	572.1144
60.26522	572.1155
60.27239	572.1155
60.27335	572.1155
60.27547	572.1155
60.27927	572.1171
60.28023	572.1176
60.28492	572.118
60.28704	572.1196
60.28894	572.1207
60.28991	572.1222
60.29491	572.1233
60.29849	572.1248
60.30164	572.1248
60.30539	572.1259
60.30754	572.1264
60.30975	572.1274
60.31176	572.1274
60.31469	572.1274
60.31762	572.1274
60.3215	572.1274
60.32325	572.1274
60.32575	572.1274
60.32554	572.1274
60.32976	572.1274
60.33279	572.1274
60.33363	572.1274
60.33401	572.1279
60.33793	572.1274
60.34198	572.1279
60.34533	572.1274
60.34914	572.1274
60.34967	572.1274
60.35127	572.1274
60.35616	572.1264
60.36234	572.1274
60.36335	572.1259
60.36358	572.1274
60.36925	572.1274
60.37065	572.1279
60.37262	572.1295
60.37638	572.1305
60.37944	572.131
60.38188	572.1331
60.38285	572.1336
60.38681	572.1351
60.39073	572.1351
60.39344	572.1357
60.39503	572.1351
60.39752	572.1351
60.39886	572.1351
60.40095	572.1351
60.40119	572.1342
60.40295	572.1336
60.40721	572.1336
60.41026	572.1351
60.41468	572.1351
60.41679	572.1357
60.41959	572.1373
60.42105	572.1393
60.42576	572.1393
60.42944	572.1403
60.43279	572.1419
60.43483	572.1429
60.43904	572.1429
60.43967	572.1429
60.44338	572.1429
60.44529	572.1429
60.4464	572.1419
60.45072	572.1429
60.45668	572.1419
60.45921	572.1419
60.4603	572.1429
60.46307	572.1429
60.46557	572.1429
60.467	572.1434
60.46868	572.1455
60.47203	572.1445
60.47576	572.1445
60.47688	572.1455
60.48157	572.1455
60.48264	572.1455
60.48572	572.1455
60.49049	572.1455
60.49248	572.1451
60.49398	572.1445
60.49811	572.1445
60.50064	572.1445
60.50202	572.1445
60.50462	572.1445
60.50822	572.1445
60.51106	572.1445
60.51234	572.1445
60.51645	572.1451
60.51998	572.1455
60.52311	572.1471
60.52484	572.1471
60.52689	572.1481
60.53094	572.1491
60.53518	572.1481
60.53405	572.1481
60.53458	572.1481
60.54052	572.1471
60.54226	572.1455
60.54187	572.1445
60.54354	572.144
60.5498	572.1429
60.55658	572.1419
60.55992	572.1419
60.55708	572.1419
60.56166	572.1419
60.56517	572.1419
60.57018	572.1429
60.57052	572.1429
60.57191	572.1445
60.57528	572.1451
60.57792	572.1455
60.58263	572.1455
60.58612	572.1466
60.58754	572.1471
60.58722	572.1471
60.59023	572.1471
60.59383	572.1471
60.5965	572.1471
60.60071	572.1471
60.60199	572.1471
60.60591	572.1471
60.60984	572.1471
60.61378	572.1471
60.61559	572.1471
60.61504	572.1481
60.62052	572.1471
60.62274	572.1481
60.62616	572.1481
60.62904	572.1481
60.62885	572.1481
60.63137	572.1481
60.63393	572.1481
60.63825	572.1481
60.64094	572.1481
60.6461	572.1481
60.64408	572.1497
60.64967	572.1497
60.65022	572.1502
60.65286	572.1522
60.65709	572.1528
60.66117	572.1544
60.66338	572.1559
60.66598	572.1575
60.6699	572.1585
60.67376	572.16
60.67705	572.1611
60.67705	572.1626
60.68102	572.1626
60.68216	572.1626
60.68404	572.1637
60.68639	572.1637
60.69028	572.1637
60.69284	572.1637
60.69597	572.1652
60.69861	572.1652
60.70256	572.1652
60.70406	572.1663
60.70724	572.1663
60.7085	572.1678
60.71107	572.1689
60.71333	572.1689
60.71451	572.1704
60.72168	572.1709
60.72454	572.1709
60.73045	572.173
60.73074	572.173
60.73009	572.173
60.7358	572.1745
60.73723	572.1745
60.73944	572.1745
60.74088	572.1755
60.74619	572.1755
60.74784	572.1755
60.75093	572.1755
60.75533	572.1755
60.75707	572.1755
60.75852	572.1755
60.76015	572.1745
60.76421	572.1745
60.76649	572.174
60.76757	572.173
60.77244	572.1714
60.77613	572.1714
60.77708	572.1704
60.78055	572.1704
60.78334	572.1689
60.78615	572.1678
60.78864	572.1678
60.79135	572.1678
60.79399	572.1678
60.79778	572.1678
60.80166	572.1673
60.8025	572.1678
60.80388	572.1678
60.80635	572.1678
60.81036	572.1678
60.81535	572.1678
60.81525	572.1673
60.81786	572.1663
60.81673	572.1663
60.82366	572.1652
60.82899	572.1637
60.8323	572.1637
60.83331	572.1626
60.83528	572.1626
60.83871	572.1626
60.84182	572.1611
60.84457	572.1626
60.84586	572.1626
60.84816	572.1631
60.85259	572.1647
60.85506	572.1652
60.85758	572.1657
60.86057	572.1663
60.86364	572.1663
60.86872	572.1673
60.87099	572.1678
60.87043	572.1667
60.87319	572.1663
60.87913	572.1663
60.87897	572.1663
60.88311	572.1663
60.88685	572.1663
60.88845	572.1663
60.89124	572.1663
60.89338	572.1663
60.8948	572.1673
60.89852	572.1678
60.90141	572.1678
60.90272	572.1678
60.90876	572.1689
60.91216	572.1689
60.90997	572.1689
60.91305	572.1689
60.91847	572.1689
60.91888	572.1689
60.92476	572.1689
60.92439	572.1689
60.92854	572.1699
60.93345	572.1704
60.93547	572.1704
60.93929	572.1714
60.94072	572.173
60.94166	572.1745
60.94508	572.175
60.94849	572.1755
60.95055	572.1771
60.9515	572.1771
60.95927	572.1771
60.96041	572.1771
60.96038	572.1766
60.96719	572.1755
60.96573	572.175
60.97252	572.1735
60.97402	572.1719
60.97564	572.1714
60.97832	572.1704
60.98355	572.1704
60.98611	572.1704
60.98818	572.1704
60.98845	572.1704
60.99218	572.1714
60.99353	572.1714
60.99625	572.173
61.00307	572.1745
61.00231	572.1755
61.0068	572.1771
61.00677	572.1771
61.00769	572.1782
61.01136	572.1782
61.01628	572.1782
61.01877	572.1782
61.02177	572.1782
61.0247	572.1782
61.02797	572.1782
61.03184	572.1782
61.03291	572.1797
61.0351	572.1797
61.03837	572.1808
61.04235	572.1808
61.04251	572.1824
61.04375	572.1824
61.05	572.1824
61.05426	572.1824
61.05601	572.1824
61.05684	572.1824
61.06001	572.1808
61.06289	572.1808
61.06615	572.1797
61.06951	572.1797
61.07197	572.1797
61.07629	572.1797
61.07824	572.1797
61.0842	572.1797
61.08558	572.1808
61.08039	572.1818
61.08643	572.1824
61.08921	572.1849
61.0919	572.1859
61.09791	572.187
61.10023	572.1875
61.10327	572.1885
61.10495	572.1885
61.10854	572.1885
61.10771	572.1879
61.11208	572.1875
61.11656	572.1859
61.11913	572.1859
61.12096	572.1849
61.12367	572.1859
61.1254	572.1859
61.12954	572.1859
61.13259	572.1885
61.13265	572.1901
61.13523	572.1921
61.13718	572.1953
61.13654	572.1979
61.14231	572.2004
61.14798	572.2025
61.15216	572.2051
61.15361	572.2066
61.15393	572.2072
61.15559	572.2097
61.15932	572.2103
61.15983	572.2108
61.16407	572.2119
61.16777	572.2123
61.17125	572.2134
61.17581	572.2139
61.17725	572.2159
61.17937	572.2175
61.18185	572.2186
61.18224	572.2201
61.18597	572.2222
61.19094	572.2227
61.19081	572.2238
61.19526	572.2253
61.19808	572.2263
61.20121	572.2253
61.20508	572.2263
61.20844	572.2263
61.20921	572.2253
61.21123	572.2258
61.21513	572.2263
61.21801	572.2278
61.22102	572.2278
61.22295	572.2289
61.22524	572.231
61.2283	572.233
61.22963	572.2341
61.23284	572.2357
61.23515	572.2382
61.23945	572.2393
61.24194	572.2393
61.24542	572.2408
61.24825	572.2419
61.25284	572.2419
61.25383	572.2419
61.25573	572.2419
61.26036	572.2419
61.26381	572.2419
61.2663	572.2419
61.26547	572.2419
61.26656	572.2419
61.27188	572.2435
61.27612	572.245
61.2776	572.245
61.28188	572.2461
61.28759	572.2465
61.28609	572.2476
61.29036	572.2486
61.29283	572.2496
61.29514	572.2507
61.29914	572.2512
61.30106	572.2527
61.30161	572.2533
61.30661	572.2538
61.30918	572.2554
61.31157	572.2554
61.31731	572.2564
61.32022	572.2574
61.31995	572.2579
61.31625	572.259
61.31874	572.259
61.32556	572.26
61.33288	572.2605
61.33256	572.2605
61.33592	572.2616
61.34016	572.2616
61.34462	572.2631
61.34887	572.2631
61.34971	572.2631
61.34943	572.2642
61.3546	572.2642
61.35804	572.2642
61.35722	572.2657
61.35868	572.2657
61.36309	572.2662
61.36529	572.2668
61.36884	572.2683
61.37128	572.2683
61.37508	572.2693
61.37873	572.2709
61.38203	572.2709
61.38312	572.2714
61.38359	572.2729
61.38862	572.2719
61.39309	572.2729
61.39359	572.2734
61.39719	572.2734
61.39918	572.2734
61.40375	572.2734
61.40782	572.2734
61.41408	572.2745
61.40951	572.2745
61.41449	572.2761
61.41896	572.2772
61.41911	572.2772
61.42081	572.2792
61.42814	572.2812
61.42998	572.2812
61.43201	572.2828
61.43475	572.2838
61.43406	572.2838
61.43568	572.2849
61.43769	572.2854
61.4419	572.2854
61.45027	572.2854
61.45281	572.2864
61.45338	572.2864
61.45569	572.2864
61.45941	572.2864
61.46148	572.2875
61.46347	572.288
61.47029	572.2864
61.47147	572.288
61.47174	572.2885
61.47505	572.288
61.47951	572.2885
61.48033	572.289
61.48398	572.289
61.48898	572.289
61.49282	572.289
61.49468	572.289
61.49626	572.289
61.49545	572.289
61.50142	572.289
61.50574	572.289
61.50623	572.289
61.51012	572.289
61.51121	572.289
61.51579	572.288
61.51828	572.289
61.52031	572.289
61.52389	572.29
61.5265	572.2906
61.52606	572.2916
61.53442	572.2916
61.54131	572.2916
61.53854	572.2916
61.5415	572.2916
61.54384	572.2906
61.54523	572.2896
61.5485	572.289
61.55514	572.2875
61.55426	572.2864
61.55714	572.2854
61.56024	572.2854
61.56388	572.2838
61.5637	572.2838
61.56828	572.2838
61.57226	572.2838
61.57483	572.2838
61.57564	572.2838
61.57793	572.2854
61.58351	572.2854
61.58648	572.2854
61.58876	572.2854
61.58893	572.2854
61.59251	572.2854
61.59453	572.2854
61.60013	572.2854
61.60269	572.2854
61.60443	572.2854
61.60588	572.2838
61.60997	572.2838
61.6137	572.2838
61.61801	572.2838
61.61999	572.2838
61.62166	572.2838
61.62344	572.2838
61.62669	572.2838
61.62859	572.2828
61.63333	572.2828
61.63763	572.2828
61.63828	572.2812
61.64019	572.2812
61.64406	572.2807
61.64582	572.2797
61.64606	572.2797
61.65017	572.2787
61.65528	572.2787
61.65849	572.2787
61.65832	572.2787
61.6637	572.2787
61.66419	572.2787
61.66887	572.2797
61.67075	572.2797
61.67477	572.2797
61.67546	572.2812
61.6784	572.0476
61.68419	572.1171
61.68838	572.129
61.68878	572.1631
61.68853	572.1797
61.69112	572.1875
61.69318	572.2119
61.70114	572.1973
61.70382	572.2144
61.70215	572.2294
61.70624	572.2263
61.71049	572.2372
61.71275	572.2439
61.71739	572.2248
61.71837	572.2408
61.72319	572.2761
61.72504	572.2419
61.73086	572.2766
61.73186	572.2719
61.73505	572.2683
61.73693	572.2937
61.7407	572.2849
61.74033	572.2761
61.74234	572.2833
61.74521	572.2885
61.7473	572.2859
61.75288	572.2797
61.75389	572.2973
61.75829	572.2952
61.76093	572.3025
61.76403	572.2772
61.76537	572.2864
61.77003	572.2911
61.77204	572.3004
61.7736	572.2989
61.77767	572.3061
61.78167	572.2999
61.78882	572.2833
61.78874	572.2854
61.78687	572.2854
61.79035	572.2864
61.79839	572.2864
61.79947	572.288
61.80017	572.289
61.80215	572.289
61.80647	572.2906
61.80524	572.2927
61.80814	572.2932
61.81289	572.2958
61.81681	572.2968
61.81945	572.2973
61.82165	572.2994
61.82658	572.2994
61.82887	572.2994
61.83391	572.2989
61.83657	572.2983
61.83665	572.2968
61.83963	572.2963
61.84155	572.2958
61.84318	572.2947
61.84652	572.2942
61.8492	572.2942
61.8548	572.2942
61.85799	572.2958
61.85678	572.2963
61.8579	572.2979
61.86028	572.2989
61.86873	572.2999
61.87431	572.301
61.87656	572.3015
61.87552	572.3019
61.87851	572.301
61.88216	572.301
61.88428	572.301
61.88654	572.2994
61.89022	572.2994
61.89278	572.2994
61.89565	572.2994
61.90007	572.2994
61.89999	572.301
61.90332	572.3019
61.90569	572.3035
61.91178	572.3041
61.91368	572.3056
61.91301	572.3067
61.91646	572.3071
61.92177	572.3082
61.92334	572.3087
61.92448	572.3087
61.92905	572.3087
61.93052	572.3092
61.93454	572.3087
61.93554	572.3087
61.9381	572.3087
61.94088	572.3098
61.94532	572.3098
61.94927	572.3098
61.95001	572.3113
61.9509	572.3123
61.95427	572.3123
61.95724	572.3149
61.95817	572.3154
61.96389	572.3165
61.96489	572.318
61.96582	572.3185
61.9744	572.3191
61.98052	572.3191
61.9803	572.3191
61.98279	572.3191
61.98654	572.318
61.98779	572.318
61.98972	572.3191
61.99092	572.3191
61.99544	572.3191
61.99524	572.3206
61.99926	572.3206
61.99863	572.3222
62.00212	572.3242
62.00933	572.3253
62.01374	572.3268
62.01796	572.3284
62.01947	572.3294
62.02334	572.331
62.02295	572.331
62.03148	572.331
62.03673	572.332
62.03772	572.331
62.0371	572.332
62.03713	572.3315
62.04058	572.331
62.04551	572.332
62.04969	572.331
62.05018	572.3315
62.05501	572.332
62.05854	572.332
62.06059	572.332
62.0627	572.332
62.065	572.332
62.06872	572.3325
62.07132	572.3331
62.0743	572.332
62.07721	572.332
62.08012	572.332
62.08284	572.331
62.08479	572.3315
62.08656	572.331
62.09177	572.331
62.09418	572.332
62.09887	572.332
62.10039	572.3325
62.10313	572.3336
62.10301	572.3346
62.1076	572.3346
62.10976	572.3362
62.11448	572.3372
62.11487	572.3372
62.11981	572.3372
62.1256	572.3372
62.12542	572.3372
62.1277	572.3362
62.13108	572.3362
62.13285	572.3362
62.13634	572.3362
62.13791	572.3346
62.14171	572.3362
62.14497	572.3362
62.14828	572.3372
62.15154	572.3387
62.15476	572.3387
62.15819	572.3398
62.16152	572.3414
62.16238	572.3414
62.16773	572.3414
62.17025	572.3414
62.17234	572.3414
62.1757	572.3414
62.17695	572.3403
62.17773	572.3398
62.1815	572.3398
62.18551	572.3392
62.18727	572.3387
62.18917	572.3398
62.19398	572.3398
62.19538	572.3398
62.19886	572.3409
62.20253	572.3414
62.20436	572.3424
62.21065	572.3429
62.2106	572.344
62.21533	572.3449
62.21888	572.3449
62.21627	572.3449
62.20983	572.3449
62.22224	572.344
62.22937	572.3429
62.23109	572.3424
62.23206	572.3414
62.22848	572.3398
62.23504	572.3398
62.24355	572.3387
62.24449	572.3387
62.24819	572.3387
62.25167	572.3387
62.25262	572.3387
62.25349	572.3387
62.25554	572.3398
62.26036	572.3398
62.26807	572.3398
62.27216	572.3414
62.27412	572.3414
62.27648	572.3414
62.27675	572.3414
62.28045	572.3398
62.28178	572.3398
62.28344	572.3387
62.28632	572.3387
62.29066	572.3387
62.29653	572.3372
62.29915	572.3383
62.29988	572.3387
62.3029	572.3387
62.30547	572.3398
62.30874	572.3409
62.31061	572.3414
62.31607	572.3414
62.31693	572.3414
62.31735	572.3414
62.32596	572.3398
62.32734	572.3387
62.32874	572.3372
62.33235	572.3362
62.33243	572.3346
62.33654	572.3336
62.33733	572.3336
62.34647	572.3336
62.35163	572.3336
62.35307	572.3336
62.35337	572.334
62.35009	572.3346
62.35457	572.3346
62.36089	572.3362
62.36318	572.3372
62.36681	572.3372
62.37129	572.3387
62.37369	572.3387
62.37253	572.3372
62.37371	572.3377
62.37975	572.3372
62.38272	572.3362
62.3853	572.3362
62.38696	572.3362
62.39133	572.3362
62.39483	572.3362
62.40161	572.3362
62.40607	572.3372
62.40407	572.3372
62.40808	572.3383
62.41145	572.3398
62.41362	572.3398
62.41473	572.3414
62.41745	572.3424
62.42089	572.3424
62.42521	572.3424
62.42903	572.3424
62.43192	572.3424
62.43585	572.3424
62.43868	572.3414
62.4389	572.3424
62.4397	572.3424
62.44206	572.3424
62.44517	572.3429
62.45081	572.344
62.45873	572.3444
62.46172	572.346
62.46199	572.3465
62.46096	572.3475
62.46347	572.3491
62.46658	572.3491
62.46946	572.3495
62.47173	572.3502
62.47583	572.3502
62.47815	572.3502
62.4818	572.3517
62.48476	572.3517
62.48801	572.3517
62.4879	572.3517
62.49018	572.3533
62.49706	572.3538
62.4986	572.3543
62.50071	572.3558
62.50185	572.3574
62.50631	572.3569
62.50949	572.3584
62.51193	572.3595
62.51473	572.3584
62.51788	572.3584
62.51981	572.3574
62.52249	572.3558
62.52642	572.3543
62.53182	572.3533
62.53325	572.3517
62.53576	572.3502
62.53941	572.3491
62.54585	572.3475
62.54748	572.3475
62.54601	572.3475
62.54894	572.3465
62.5497	572.3475
62.55164	572.3475
62.55678	572.3475
62.55976	572.3491
62.56271	572.3491
62.56704	572.3491
62.5702	572.3491
62.57303	572.3475
62.57562	572.3465
62.57991	572.3455
62.57837	572.344
62.58213	572.3424
62.5849	572.3414
62.58734	572.3403
62.59167	572.3398
62.59701	572.3398
62.5999	572.3398
62.60241	572.3409
62.6053	572.3414
62.60539	572.3414
62.6066	572.3424
62.60984	572.3424
62.61109	572.3424
62.62056	572.3424
62.62202	572.3424
62.62511	572.3414
62.62769	572.3414
62.63317	572.3398
62.63334	572.3398
62.63538	572.3387
62.63423	572.3383
62.64706	572.3387
62.64283	572.3383
62.64594	572.3372
62.65142	572.3372
62.65446	572.3372
62.65905	572.3372
62.65911	572.3372
62.66198	572.3362
62.6569	572.3362
62.66026	572.3362
62.66935	572.3362
62.66938	572.3362
62.67468	572.3362
62.67475	572.3351
62.68203	572.3362
62.68423	572.3362
62.68874	572.3362
62.69084	572.3372
62.69212	572.3372
62.69645	572.3387
62.70044	572.3392
62.70218	572.3398
62.70601	572.3409
62.70742	572.3398
62.71215	572.3398
62.71294	572.3398
62.71616	572.3387
62.71878	572.3372
62.7205	572.3356
62.72357	572.3336
62.72768	572.331
62.72934	572.3294
62.73603	572.3273
62.73871	572.3257
62.7398	572.3248
62.74207	572.3242
62.74384	572.3242
62.74741	572.3242
62.74884	572.3257
62.75251	572.3268
62.75729	572.3273
62.7602	572.3294
62.76283	572.331
62.76446	572.331
62.77161	572.332
62.77025	572.332
62.7712	572.3336
62.77644	572.3336
62.78002	572.3336
62.78473	572.3336
62.78761	572.3336
62.78626	572.3346
62.79048	572.3362
62.79251	572.3372
62.79496	572.3383
62.79535	572.3392
62.801	572.3414
62.80529	572.3429
62.8075	572.344
62.80943	572.346
62.81229	572.3475
62.81646	572.3475
62.8213	572.3491
62.82407	572.3491
62.82376	572.3502
62.82973	572.3502
62.83018	572.3502
62.8337	572.3502
62.835	572.3502
62.83929	572.3517
62.84477	572.3533
62.84043	572.3533
62.83735	572.3543
62.84013	572.3558
62.85037	572.3569
62.85303	572.3584
62.83596	572.3595
62.8404	572.361
62.87986	572.3621
62.88201	572.3636
62.87514	572.3647
62.87538	572.3647
62.87646	572.3647
62.87758	572.3647
62.88039	572.3647
62.88406	572.3647
62.8884	572.3636
62.89267	572.3647
62.89402	572.3652
62.89721	572.3662
62.9017	572.3672
62.90382	572.3688
62.90651	572.3713
62.90895	572.3724
62.91114	572.3745
62.91457	572.3771
62.9175	572.3787
62.92165	572.3802
62.92279	572.3813
62.92437	572.3822
62.93017	572.3828
62.93209	572.3833
62.93402	572.3843
62.93746	572.3854
62.94329	572.3854
62.94592	572.3869
62.94827	572.3869
62.95079	572.3879
62.95105	572.3895
62.95518	572.3911
62.95808	572.3921
62.96285	572.3937
62.96546	572.3937
62.96643	572.3947
62.96684	572.3947
62.97194	572.3962
62.97663	572.3962
62.97743	572.3962
62.97942	572.3968
62.98702	572.3973
62.98817	572.3973
62.99335	572.3989
62.99541	572.3989
62.99833	572.3999
62.99999	572.4014
63.00219	572.4025
63.00529	572.404
63.00789	572.4066
63.01218	572.4066
63.01249	572.4092
63.01249	572.4097
63.01926	572.4102
63.02155	572.4102
63.02639	572.4102
63.0285	572.4097
63.03055	572.4092
63.03502	572.4077
63.03647	572.4066
63.04004	572.4066
63.04239	572.4066
63.04522	572.4061
63.04663	572.4066
63.05019	572.4077
63.05203	572.4077
63.0569	572.4092
63.05968	572.4102
63.0627	572.4117
63.06773	572.1233
63.06751	572.1948
63.07138	572.2419
63.07467	572.2554
63.07734	572.2942
63.08052	572.3201
63.0812	572.3035
63.08566	572.3346
63.08713	572.3383
63.09244	572.334
63.09575	572.3512
63.09878	572.3724
63.10114	572.3791
63.10535	572.3828
63.10524	572.3859
63.10666	572.3713
63.10978	572.39
63.11367	572.3911
63.11469	572.39
63.11806	572.402
63.12114	572.4211
63.12616	572.4124
63.12836	572.418
63.13247	572.4025
63.13675	572.4139
63.13923	572.4113
63.13841	572.4237
63.14189	572.403
63.14651	572.4117
63.14925	572.4237
63.15159	572.4196
63.15593	572.4139
63.15807	572.4061
63.16188	572.3926
63.16236	572.4113
63.16375	572.4009
63.16978	572.4144
63.17331	572.4092
63.17664	572.4102
63.18082	572.4108
63.18178	572.4117
63.1823	572.4117
63.18409	572.4108
63.18902	572.4113
63.19289	572.4102
63.19413	572.4102
63.20091	572.4117
63.20269	572.4117
63.20437	572.4128
63.2109	572.4128
63.20912	572.4144
63.21408	572.4155
63.21263	572.417
63.21478	572.417
63.22028	572.418
63.22724	572.418
63.22963	572.419
63.22048	572.4196
63.22423	572.4196
63.23917	572.4196
63.24046	572.4206
63.24329	572.4201
63.24638	572.4206
63.25568	572.4211
63.25377	572.4221
63.25484	572.4221
63.25725	572.4221
63.25898	572.4221
63.26194	572.4216
63.26697	572.4206
63.26912	572.4206
63.27112	572.4201
63.27536	572.418
63.27723	572.418
63.2813	572.4175
63.28423	572.4159
63.28791	572.4155
63.29119	572.4155
63.29206	572.4144
63.29515	572.4144
63.29716	572.4144
63.29993	572.4144
63.30333	572.4144
63.30799	572.4144
63.30915	572.4155
63.31256	572.4159
63.31862	572.417
63.32319	572.4175
63.32267	572.417
63.32395	572.417
63.32725	572.417
63.32839	572.417
63.33221	572.4155
63.33459	572.4144
63.34034	572.4144
63.34457	572.4128
63.3465	572.4124
63.34856	572.4124
63.34984	572.4124
63.3534	572.4124
63.35611	572.4128
63.35904	572.4144
63.36285	572.4144
63.3659	572.4155
63.3681	572.4155
63.37175	572.4155
63.37453	572.4155
63.37788	572.4155
63.38127	572.4155
63.38326	572.4155
63.38496	572.4144
63.38793	572.4144
63.38968	572.4139
63.39436	572.4128
63.39619	572.4128
63.39834	572.4117
63.40381	572.4117
63.40482	572.4117
63.40949	572.4102
63.41228	572.4102
63.4162	572.4102
63.41646	572.4092
63.42148	572.4092
63.42431	572.4092
63.42841	572.4077
63.43142	572.4077
63.43371	572.4077
63.43492	572.4066
63.43879	572.4066
63.44074	572.4071
63.44421	572.4077
63.44907	572.4077
63.44991	572.4086
63.45438	572.4097
63.45854	572.4102
63.46001	572.4117
63.46336	572.4128
63.46393	572.4144
63.46738	572.4155
63.47105	572.4155
63.47477	572.417
63.47805	572.417
63.47747	572.417
63.48241	572.4155
63.48518	572.4155
63.48751	572.4155
63.48962	572.4155
63.49445	572.4144
63.49673	572.4155
63.50083	572.4155
63.50263	572.4155
63.50442	572.4155
63.50842	572.417
63.51355	572.417
63.51809	572.418
63.5188	572.418
63.52127	572.418
63.52292	572.4185
63.52724	572.418
63.5298	572.418
63.53249	572.418
63.53747	572.418
63.53962	572.418
63.54209	572.418
63.54398	572.418
63.54762	572.4196
63.55308	572.4196
63.55393	572.4206
63.55798	572.4206
63.56113	572.4206
63.5627	572.4221
63.56512	572.4221
63.56746	572.4221
63.5704	572.4221
63.57383	572.4221
63.57761	572.4221
63.58059	572.4211
63.5813	572.4211
63.58348	572.4206
63.58981	572.4206
63.59011	572.4206
63.59504	572.4206
63.59672	572.4206
63.5984	572.4211
63.59811	572.4221
63.60355	572.4221
63.60667	572.4221
63.60937	572.4232
63.61527	572.4242
63.61786	572.4247
63.6218	572.4258
63.62597	572.4263
63.63007	572.4263
63.62828	572.4268
63.63121	572.4273
63.63831	572.4263
63.64097	572.4273
63.64227	572.4273
63.64645	572.4273
63.64519	572.4273
63.64879	572.4273
63.66061	572.4294
63.65848	572.4299
63.64523	572.4315
63.63897	572.4335
63.63564	572.4351
63.66874	572.4362
63.67479	572.4388
63.67121	572.4403
63.67713	572.4403
63.67881	572.4419
63.68	572.4428
63.68798	572.4428
63.68956	572.4428
63.68901	572.4428
63.69798	572.4428
63.69933	572.4428
63.70165	572.4428
63.70367	572.4439
63.70602	572.4444
63.70924	572.4444
63.71363	572.4454
63.71664	572.4454
63.71928	572.4465
63.72388	572.447
63.72715	572.4481
63.72704	572.4481
63.72968	572.4496
63.73345	572.4501
63.73682	572.4506
63.74023	572.4506
63.74267	572.4506
63.74763	572.4522
63.75211	572.4506
63.74994	572.4506
63.75668	572.4522
63.76454	572.4522
63.76218	572.4522
63.76534	572.4532
63.77056	572.4537
63.76097	572.4548
63.77623	572.4558
63.77624	572.4558
63.78201	572.4558
63.78359	572.4574
63.78675	572.4574
63.78674	572.4558
63.78847	572.4553
63.79543	572.4548
63.79829	572.4532
63.79902	572.4522
63.80132	572.4522
63.80273	572.4522
63.80761	572.4517
63.80976	572.4522
63.81205	572.4532
63.81521	572.4548
63.81972	572.4558
63.82293	572.4574
63.82544	572.4584
63.82892	572.461
63.83149	572.4615
63.83646	572.4626
63.83703	572.4631
63.84008	572.4641
63.84338	572.4641
63.8497	572.4641
63.8513	572.4641
63.85359	572.4651
63.85511	572.4651
63.85896	572.4651
63.86208	572.4667
63.86641	572.4667
63.8688	572.4667
63.8707	572.4677
63.87307	572.4677
63.87614	572.4677
63.87843	572.4672
63.88286	572.4667
63.8863	572.4667
63.88881	572.4657
63.89157	572.4651
63.89305	572.4651
63.89619	572.4641
63.90057	572.4641
63.90287	572.4651
63.90953	572.4651
63.90978	572.4651
63.91041	572.4667
63.91166	572.4677
63.91567	572.4692
63.92099	572.4703
63.92188	572.4719
63.92704	572.4734
63.93859	572.4745
63.93422	572.4755
63.93244	572.4766
63.94097	572.477
63.9443	572.477
63.94493	572.477
63.94909	572.477
63.95251	572.477
63.95331	572.477
63.95385	572.477
63.95704	572.477
63.95531	572.477
63.96478	572.477
63.96621	572.477
63.96496	572.4781
63.97285	572.4781
63.97793	572.4781
63.98336	572.4796
63.98553	572.4796
63.98782	572.4796
63.9909	572.4796
63.99284	572.4796
63.99844	572.4796
63.99985	572.4796
64.00401	572.4786
64.01009	572.4792
64.01009	572.4781
64.01367	572.4796
64.01653	572.4796
64.01817	572.4796
64.02153	572.4807
64.02339	572.4807
64.02913	572.4812
64.03004	572.4807
64.03162	572.4807
64.03555	572.4807
64.04008	572.4796
64.04344	572.4781
64.0482	572.477
64.04911	572.4755
64.05229	572.4734
64.057	572.4719
64.05952	572.4703
64.06235	572.4692
64.06376	572.4677
64.06445	572.4667
64.06696	572.4667
64.07109	572.4651
64.07426	572.4651
64.08302	572.4651
64.08504	572.4651
64.08762	572.4657
64.08807	572.4651
64.09354	572.4651
64.09216	572.4651
64.09326	572.4641
64.09563	572.4641
64.105	572.4626
64.10488	572.4615
64.10675	572.46
64.11256	572.4584
64.11711	572.4579
64.11829	572.4574
64.12182	572.4558
64.12496	572.4558
64.1287	572.4558
64.12995	572.4563
64.134	572.4558
64.13593	572.4574
64.13731	572.4579
64.14149	572.4574
64.14516	572.4584
64.1478	572.4584
64.1492	572.4584
64.15209	572.4584
64.15852	572.4574
64.16023	572.4574
64.16333	572.4574
64.1647	572.4558
64.16943	572.4574
64.17276	572.4563
64.1757	572.4558
64.17831	572.4558
64.18066	572.4558
64.18188	572.4548
64.18857	572.4553
64.19074	572.4548
64.19317	572.4548
64.19646	572.4532
64.19974	572.4532
64.2021	572.4532
64.20443	572.4522
64.2065	572.4506
64.21114	572.4506
64.2132	572.4501
64.21553	572.4496
64.21958	572.4506
64.22504	572.4506
64.22946	572.4517
64.23171	572.4528
64.23203	572.4532
64.23615	572.4548
64.2366	572.4558
64.23898	572.4568
64.24231	572.4574
64.24734	572.4579
64.25235	572.4584
64.25359	572.4563
64.25316	572.4558
64.255	572.4548
64.25834	572.4522
64.26039	572.4501
64.26617	572.4496
64.27003	572.4481
64.27066	572.4459
64.27196	572.4454
64.27458	572.447
64.28194	572.4454
64.28743	572.4465
64.29164	572.447
64.29187	572.4481
64.2924	572.4481
64.29611	572.4481
64.30233	572.4491
64.30464	572.4481
64.30622	572.4481
64.31075	572.4481
64.31311	572.447
64.31654	572.447
64.31929	572.4454
64.32396	572.4454
64.32486	572.4454
64.32561	572.4454
64.32921	572.4454
64.33373	572.4454
64.33777	572.4454
64.33947	572.4454
64.34151	572.4454
64.3445	572.4454
64.34524	572.445
64.35023	572.4428
64.35603	572.4424
64.35835	572.4403
64.36159	572.4382
64.36297	572.4366
64.36911	572.4341
64.37714	572.4325
64.37748	572.4299
64.37997	572.4289
64.38182	572.4273
64.38453	572.4263
64.38734	572.4247
64.39124	572.4232
64.39114	572.4221
64.39717	572.4221
64.39773	572.4206
64.39642	572.4196
64.3948	572.4185
64.40383	572.417
64.41271	572.4149
64.41109	572.4133
64.41581	572.4117
64.41916	572.4097
64.42088	572.4066
64.42484	572.4051
64.42915	572.4035
64.43266	572.4014
64.43658	572.3994
64.43826	572.3983
64.4409	572.3968
64.44523	572.3962
64.44878	572.3947
64.45362	572.3937
64.45512	572.3921
64.45755	572.3916
64.45917	572.39
64.46442	572.3895
64.46783	572.3879
64.47	572.3869
64.47331	572.3854
64.47619	572.3843
64.47968	572.3828
64.48071	572.3817
64.48458	572.3802
64.48647	572.3802
64.48926	572.3791
64.49262	572.3776
64.49652	572.3776
64.49779	572.3771
64.50345	572.3766
64.50697	572.3751
64.50966	572.374
64.51053	572.374
64.51654	572.3724
64.51975	572.3713
64.52066	572.3704
64.52365	572.3693
64.52782	572.3688
64.53188	572.3672
64.53368	572.3672
64.53593	572.3672
64.53845	572.3667
64.54235	572.3662
64.54694	572.3672
64.55056	572.3672
64.55246	572.3672
64.55531	572.3672
64.55652	572.3672
64.56042	572.3662
64.568	572.3647
64.57103	572.3647
64.57368	572.3636
64.57412	572.361
64.57456	572.3595
64.57856	572.3584
64.58321	572.3564
64.58768	572.3543
64.58603	572.3533
64.58928	572.3517
64.59202	572.3502
64.59671	572.3502
64.60143	572.3502
64.60606	572.3502
64.60926	572.3502
64.61493	572.3502
64.6159	572.3517
64.62025	572.3502
64.62232	572.3517
64.62758	572.3517
64.62605	572.3502
64.62705	572.3502
64.63118	572.3491
64.63445	572.3491
64.64187	572.3475
64.64314	572.3475
64.64451	572.3475
64.65115	572.3475
64.65562	572.3465
64.65879	572.3475
64.66153	572.3475
64.66308	572.3465
64.66283	572.3475
64.66499	572.3475
64.6654	572.3465
64.66937	572.3465
64.67445	572.3465
64.67712	572.344
64.68002	572.344
64.68343	572.3429
64.68479	572.3418
64.68954	572.3414
64.69359	572.3403
64.69666	572.3398
64.69956	572.3398
64.703	572.3392
64.70551	572.3398
64.70514	572.3398
64.71227	572.3398
64.71606	572.3387
64.71825	572.3398
64.72181	572.3398
64.72475	572.3387
64.72515	572.3392
64.72995	572.3387
64.73301	572.3387
64.73392	572.3372
64.73816	572.3362
64.74154	572.3362
64.74433	572.3362
64.74826	572.3346
64.74908	572.3346
64.75301	572.3346
64.75681	572.3362
64.76011	572.3372
64.76434	572.3372
64.76759	572.3392
64.7708	572.3414
64.77395	572.3414
64.77677	572.3424
64.77779	572.344
64.78146	572.344
64.78635	572.344
64.79026	572.3444
64.79026	572.3449
64.79504	572.3449
64.79697	572.3449
64.80025	572.3449
64.80308	572.3449
64.80493	572.3449
64.80659	572.3449
64.81073	572.3449
64.81531	572.3449
64.81912	572.3449
64.82335	572.3449
64.82447	572.3449
64.82526	572.3449
64.83112	572.3449
64.83498	572.344
64.8386	572.3429
64.83932	572.3424
64.84312	572.3414
64.84575	572.3398
64.85008	572.3398
64.85153	572.3387
64.85382	572.3387
64.85614	572.3398
64.86132	572.3398
64.86558	572.3398
64.87074	572.3414
64.87498	572.3424
64.87735	572.344
64.87862	572.3449
64.88132	572.3465
64.88259	572.3465
64.88369	572.3465
64.88779	572.3465
64.89217	572.3465
64.89563	572.3449
64.89647	572.3449
64.90142	572.3449
64.90455	572.344
64.90833	572.344
64.91035	572.344
64.9137	572.3424
64.91444	572.344
64.91576	572.344
64.92098	572.3444
64.92543	572.3449
64.92769	572.3465
64.93388	572.347
64.93593	572.3475
64.93971	572.3475
64.93945	572.3491
64.94323	572.3491
64.94798	572.3491
64.9529	572.3491
64.95606	572.3491
64.94926	572.3491
64.95667	572.3491
64.96286	572.3475
64.96455	572.3491
64.96809	572.3491
64.97305	572.3491
64.97491	572.3502
64.97839	572.3502
64.98043	572.3517
64.98368	572.3517
64.98615	572.3533
64.98891	572.3533
64.99448	572.3533
64.99754	572.3517
65.00082	572.3517
65.00343	572.3506
65.00443	572.3502
65.00681	572.3491
65.00906	572.3491
65.01315	572.3475
65.02058	572.3475
65.02341	572.3475
65.02328	572.3491
65.02697	572.3491
65.0308	572.3495
65.03532	572.3512
65.03785	572.3517
65.04137	572.3533
65.04451	572.3538
65.04551	572.3543
65.04855	572.3543
65.0543	572.3543
65.05474	572.3533
65.05931	572.3527
65.06096	572.3512
65.06374	572.3502
65.06766	572.3491
65.06991	572.348
65.07562	572.3475
65.07805	572.3475
65.08072	572.3475
65.08432	572.3486
65.08678	572.3491
65.09161	572.3491
65.09436	572.3502
65.09782	572.3502
65.09973	572.3517
65.10378	572.3517
65.108	572.3533
65.11123	572.3533
65.11315	572.3533
65.11562	572.3543
65.12011	572.3543
65.12304	572.3543
65.12674	572.3553
65.12793	572.3558
65.12939	572.3569
65.13313	572.3569
65.13799	572.3569
65.14006	572.3579
65.14464	572.3569
65.14625	572.3569
65.15002	572.3569
65.15292	572.3569
65.15545	572.3569
65.1581	572.3558
65.15919	572.3558
65.16562	572.3543
65.16917	572.3538
65.17464	572.3533
65.17542	572.3527
65.17602	572.3517
65.18054	572.3502
65.18641	572.3502
65.18891	572.3502
65.18829	572.3491
65.19196	572.3491
65.1958	572.3502
65.20156	572.3502
65.20357	572.3502
65.20621	572.3517
65.20854	572.3517
65.21105	572.3517
65.21359	572.3517
65.21889	572.3517
65.22101	572.3502
65.22556	572.3491
65.229	572.3475
65.23443	572.3475
65.23271	572.3465
65.23897	572.3449
65.24507	572.3449
65.23993	572.3449
65.23492	572.3449
65.24245	572.3449
65.24938	572.3455
65.25461	572.3465
65.25807	572.3475
65.2629	572.3475
65.26509	572.348
65.26783	572.3491
65.27079	572.3475
65.27476	572.348
65.27597	572.3491
65.28048	572.3475
65.28295	572.3475
65.28312	572.3475
65.28628	572.3475
65.29098	572.347
65.29617	572.3465
65.30064	572.3465
65.30472	572.3465
65.30725	572.3465
65.31049	572.3465
65.31281	572.3449
65.31409	572.3444
65.31989	572.344
65.32204	572.3424
65.32289	572.3414
65.32712	572.3403
65.33071	572.3398
65.33531	572.3387
65.33746	572.3372
65.34108	572.3372
65.34235	572.3362
65.3485	572.3362
65.35107	572.3362
65.35411	572.3362
65.35545	572.3362
65.35976	572.3362
65.36378	572.3372
65.36704	572.3372
65.37007	572.3362
65.37428	572.3362
65.37344	572.3362
65.37648	572.3346
65.38079	572.3336
65.38477	572.3336
65.38831	572.3315
65.39114	572.3305
65.3949	572.3294
65.39929	572.3284
65.3961	572.3268
65.40396	572.3257
65.40349	572.3257
65.40826	572.3257
65.41467	572.3242
65.41649	572.3257
65.4172	572.3257
65.42258	572.3257
65.42593	572.3257
65.42899	572.3268
65.43098	572.3268
65.43359	572.3268
65.4391	572.3268
65.44363	572.3268
65.44281	572.3268
65.4501	572.3257
65.45511	572.3268
65.45769	572.3257
65.46104	572.3257
65.46315	572.3268
65.46289	572.3284
65.46579	572.3284
65.46929	572.3294
65.47359	572.331
65.47685	572.332
65.48029	572.3325
65.48262	572.3346
65.48318	572.3346
65.48792	572.3346
65.49238	572.3346
65.49552	572.3346
65.49855	572.3346
65.50002	572.3336
65.50401	572.3336
65.50896	572.3336
65.51115	572.332
65.51122	572.332
65.51483	572.3336
65.51922	572.3336
65.52286	572.3331
65.52484	572.3336
65.52701	572.3336
65.53079	572.3325
65.53182	572.3336
65.53848	572.332
65.54142	572.331
65.54526	572.33
65.54826	572.3289
65.55217	572.3279
65.5554	572.3257
65.55942	572.3257
65.56377	572.3242
65.56828	572.3232
65.57111	572.3232
65.56667	572.3232
65.57252	572.3232
65.57578	572.3232
65.57802	572.3242
65.58052	572.3242
65.58772	572.3232
65.58744	572.3232
65.59119	572.3227
65.59602	572.3211
65.59808	572.3191
65.60272	572.3185
65.60504	572.3165
65.60989	572.3149
65.61068	572.3149
65.61694	572.3138
65.61755	572.3138
65.62027	572.3138
65.62249	572.3138
65.62598	572.3149
65.63105	572.3165
65.63551	572.3176
65.63729	572.318
65.63981	572.3191
65.64375	572.3201
65.6474	572.3206
65.64867	572.3206
65.65335	572.3206
65.65501	572.3191
65.65747	572.3191
65.66084	572.318
65.66558	572.3176
65.66919	572.3154
65.66923	572.3149
65.67286	572.3149
65.67695	572.3138
65.68238	572.3138
65.68392	572.3149
65.69117	572.3149
65.69309	572.3154
65.69372	572.3176
65.69942	572.318
65.7014	572.3185
65.70399	572.3191
65.70959	572.3191
65.70993	572.3191
65.71352	572.3191
65.71442	572.3191
65.71359	572.318
65.72063	572.318
65.72475	572.3165
65.72811	572.3165
65.73043	572.3165
65.734	572.3165
65.73796	572.318
65.73889	572.318
65.74646	572.318
65.74987	572.3191
65.75174	572.3206
65.75738	572.3206
65.75922	572.3211
65.76207	572.3217
65.76358	572.3217
65.767	572.3217
65.76869	572.3217
65.77572	572.3227
65.77754	572.3206
65.77915	572.3206
65.78164	572.3217
65.78506	572.3206
65.78902	572.3206
65.79158	572.3211
65.79564	572.3217
65.79662	572.3217
65.79956	572.3217
65.8048	572.3232
65.81052	572.3217
65.81485	572.3217
65.81493	572.3206
65.81636	572.3206
65.8234	572.3185
65.82204	572.316
65.82787	572.3145
65.82948	572.3118
65.83284	572.3098
65.83436	572.3082
65.83868	572.3061
65.84164	572.3051
65.84539	572.3041
65.84929	572.3035
65.85188	572.3035
65.85358	572.3035
65.85721	572.3035
65.86455	572.3035
65.86627	572.3035
65.86997	572.3025
65.87368	572.3019
65.87583	572.3019
65.88428	572.3015
65.88834	572.301
65.88689	572.301
65.887	572.2994
65.89033	572.2994
65.89413	572.2983
65.89548	572.2983
65.9024	572.2983
65.9019	572.2983
65.89198	572.2983
65.90282	572.2994
65.91319	572.2989
65.9175	572.2989
65.92306	572.2994
65.92585	572.301
65.92667	572.2994
65.92521	572.2994
65.92704	572.3004
65.9374	572.2994
65.93762	572.2989
65.94532	572.2983
65.94656	572.2983
65.94836	572.2983
65.95069	572.2983
65.95397	572.2983
65.95823	572.2983
65.96313	572.2994
65.97153	572.2994
65.96896	572.301
65.97032	572.301
65.96915	572.301
65.98193	572.3019
65.9796	572.3019
65.98016	572.3019
65.99255	572.3019
65.99556	572.3019
65.99352	572.303
65.99556	572.3035
66.00175	572.3035
66.00582	572.3035
66.00673	572.3045
66.009	572.3045
66.01107	572.3051
66.01466	572.3061
66.02039	572.3071
66.02358	572.3071
66.02821	572.3087
66.02673	572.3098
66.03601	572.3098
66.03774	572.3107
66.04106	572.3113
66.04539	572.3113
66.04767	572.3098
66.0459	572.3098
66.05011	572.3087
66.05362	572.3087
66.05542	572.3071
66.05959	572.3071
66.06874	572.3071
66.07264	572.3067
66.0731	572.3071
66.07256	572.3082
66.0733	572.3087
66.07475	572.3098
66.08082	572.3113
66.08475	572.3113
66.08479	572.3123
66.09087	572.3138
66.09575	572.3138
66.10197	572.3138
66.10439	572.3138
66.10686	572.3138
66.11037	572.3123
66.11446	572.3113
66.11675	572.3113
66.11929	572.3098
66.1283	572.3092
66.12633	572.3087
66.12739	572.3071
66.13006	572.3071
66.13123	572.3071
66.13578	572.3061
66.14333	572.3051
66.14532	572.3045
66.151	572.3045
66.1515	572.3035
66.15173	572.3019
66.15638	572.3019
66.16082	572.301
66.16177	572.2994
66.16805	572.2983
66.16898	572.2979
66.16663	572.2963
66.17558	572.2958
66.17883	572.2958
66.18446	572.2942
66.18588	572.2947
66.19046	572.2942
66.19381	572.2942
66.19736	572.2942
66.2004	572.2942
66.20344	572.2942
66.20598	572.2932
66.21005	572.2932
66.21264	572.2932
66.21507	572.2911
66.21715	572.2906
66.22005	572.2906
66.2266	572.289
66.22976	572.288
66.22997	572.288
66.23262	572.288
66.23608	572.288
66.23923	572.288
66.2413	572.288
66.24465	572.2875
66.24989	572.2864
66.25444	572.2859
66.25757	572.2854
66.26109	572.2838
66.26447	572.2818
66.26698	572.2812
66.27106	572.2792
66.27245	572.2776
66.27487	572.2772
66.2794	572.2761
66.28535	572.2761
66.28886	572.275
66.2921	572.2745
66.29408	572.2761
66.29877	572.2761
66.30059	572.2761
66.302	572.2772
66.30614	572.2772
66.31236	572.2772
66.31377	572.2772
66.31676	572.2761
66.31676	572.2745
66.32252	572.2729
66.32419	572.2709
66.3271	572.2688
66.33054	572.2668
66.33295	572.2646
66.34	572.2631
66.34296	572.261
66.34522	572.2605
66.34744	572.2595
66.35271	572.2579
66.35555	572.2579
66.35728	572.2579
66.36021	572.2564
66.36482	572.2559
66.36532	572.2548
66.36984	572.2538
66.376	572.2527
66.38019	572.2501
66.38216	572.2481
66.38305	572.2461
66.38535	572.243
66.38939	572.2408
66.39249	572.2393
66.39493	572.2367
66.4039	572.2357
66.40547	572.2341
66.40641	572.233
66.40806	572.2315
66.41058	572.2315
66.41356	572.2315
66.41839	572.2305
66.42133	572.2294
66.42772	572.2289
66.43124	572.2278
66.4352	572.2258
66.44022	572.2238
66.44023	572.2227
66.43885	572.2212
66.4418	572.2196
66.44585	572.2181
66.45236	572.2175
66.45676	572.2166
66.4547	572.2159
66.45634	572.2159
66.46242	572.2159
66.46815	572.2159
66.47227	572.2159
66.47289	572.217
66.47733	572.217
66.48237	572.2159
66.48664	572.2159
66.48837	572.2155
66.49069	572.215
66.49342	572.2128
66.49834	572.2123
66.503	572.2108
66.508	572.2097
66.51033	572.2082
66.5102	572.2066
66.51337	572.2066
66.5192	572.2056
66.5231	572.204
66.52572	572.204
66.52768	572.204
66.53028	572.202
66.53906	572.201
66.54078	572.2004
66.54153	572.1983
66.5452	572.1957
66.54969	572.1937
66.54959	572.1921
66.55147	572.1896
66.55582	572.187
66.56114	572.1854
66.56305	572.1833
66.56609	572.1824
66.5696	572.1808
66.57261	572.1808
66.57446	572.1808
66.57848	572.1786
66.58269	572.1793
66.58563	572.1797
66.58785	572.1782
66.59324	572.1771
66.59594	572.1771
66.59771	572.1755
66.60394	572.1745
66.60616	572.173
66.61117	572.1719
66.61301	572.1714
66.61542	572.1704
66.61975	572.1704
66.62305	572.1699
66.62521	572.1689
66.62867	572.1689
66.62971	572.1689
66.63193	572.1689
66.64088	572.1689
66.64238	572.1689
66.64379	572.1683
66.64981	572.1689
66.65424	572.1678
66.65661	572.1678
66.6579	572.1673
66.66348	572.1652
66.66905	572.1647
66.66852	572.1631
66.67247	572.1611
66.67699	572.16
66.67937	572.158
66.67953	572.1559
66.68324	572.1553
66.68797	572.1533
66.69445	572.1533
66.69509	572.1522
66.69933	572.1517
66.70177	572.1517
66.70345	572.1506
66.70643	572.1506
66.7093	572.1502
66.7152	572.1481
66.71942	572.1476
66.72485	572.1471
66.72644	572.1445
66.72965	572.1429
66.73757	572.1419
66.73956	572.1403
66.74243	572.1393
66.74387	572.1393
66.74793	572.1393
66.74852	572.1393
66.75227	572.1393
66.75446	572.1398
66.75771	572.1403
66.76754	572.1403
66.76923	572.1419
66.76847	572.1419
66.77787	572.1403
66.77643	572.1403
66.77876	572.1393
66.7848	572.1378
66.78996	572.1367
66.78976	572.1342
66.79171	572.1331
66.79581	572.1326
66.79978	572.131
66.80525	572.131
66.80457	572.1299
66.81281	572.1299
66.81381	572.1299
66.81489	572.131
66.81753	572.131
66.81937	572.131
66.82258	572.131
66.83097	572.131
66.83035	572.1299
66.83581	572.1284
66.84092	572.1279
66.84512	572.1264
66.84723	572.1253
66.84964	572.1248
66.85229	572.1233
66.85502	572.1222
66.8577	572.1222
66.86086	572.1222
66.85988	572.1233
66.86585	572.1233
66.86964	572.1233
66.87382	572.1248
66.87927	572.1259
66.88211	572.1259
66.88598	572.1274
66.88937	572.1264
66.89163	572.1259
66.89433	572.1248
66.89703	572.1242
66.89972	572.1222
66.90239	572.1207
66.90912	572.1196
66.91262	572.1196
66.91684	572.118
66.91851	572.1171
66.9221	572.118
66.92558	572.1171
66.92816	572.1171
66.93235	572.118
66.93822	572.118
66.93932	572.1171
66.94299	572.1171
66.9452	572.1171
66.9472	572.1155
66.95415	572.1144
66.95605	572.1129
66.95927	572.1124
66.96468	572.1103
66.9672	572.1098
66.9669	572.1093
66.97181	572.1093
66.97417	572.1077
66.97803	572.1077
66.98293	572.1093
66.98566	572.1093
66.98644	572.1093
66.99021	572.1093
66.99049	572.1103
66.99682	572.1093
67.00302	572.1103
67.00581	572.1093
67.00761	572.1087
67.0134	572.1093
67.01562	572.1077
67.02024	572.1067
67.02181	572.1067
67.02531	572.1052
67.02828	572.1041
67.02941	572.1041
67.03526	572.1041
67.03893	572.1041
67.04155	572.1041
67.04379	572.1046
67.04803	572.1056
67.05235	572.1067
67.05743	572.1067
67.0604	572.1077
67.06453	572.1077
67.07139	572.1072
67.06996	571.9264
67.06806	571.873
67.07415	571.931
67.08241	571.9508
67.08794	571.9626
67.08424	571.9828
67.09176	572.0077
67.08856	572.0243
67.09701	572.0274
67.09965	572.0285
67.1022	572.0424
67.10176	572.0543
67.10765	572.0538
67.11065	572.0518
67.11712	572.0662
67.11562	572.0875
67.12434	572.0688
67.12723	572.0869
67.12987	572.0684
67.12805	572.0906
67.13633	572.0948
67.13686	572.0792
67.14144	572.0844
67.1468	572.088
67.15121	572.0885
67.15416	572.0989
67.15646	572.1077
67.16122	572.101
67.16515	572.0865
67.16261	572.0839
67.16243	572.0969
67.1701	572.1098
67.17587	572.0948
67.17992	572.0906
67.1843	572.0969
67.18655	572.0869
67.18998	572.088
67.19341	572.0896
67.19553	572.0896
67.20093	572.0896
67.20392	572.0906
67.20654	572.0906
67.21082	572.0906
67.21449	572.0922
67.21796	572.0922
67.21945	572.0922
67.22506	572.0922
67.22848	572.0922
67.23064	572.0906
67.23384	572.0906
67.23716	572.0896
67.23963	572.0869
67.24205	572.0854
67.2459	572.0829
67.2496	572.0803
67.25188	572.0776
67.25703	572.0751
67.26057	572.0735
67.26311	572.0714
67.27	572.0699
67.27165	572.0684
67.27523	572.0673
67.279	572.0662
67.28043	572.0652
67.28493	572.0662
67.29057	572.0647
67.29166	572.0647
67.29536	572.0647
67.29936	572.0647
67.30116	572.0647
67.30276	572.0637
67.30556	572.0631
67.31004	572.0631
67.3116	572.0621
67.31583	572.0621
67.32005	572.0605
67.32636	572.0605
67.33122	572.0596
67.33411	572.0585
67.33604	572.058
67.33865	572.0574
67.34453	572.0558
67.34599	572.0554
67.35048	572.0538
67.35274	572.0518
67.35613	572.0502
67.36111	572.0476
67.36355	572.045
67.36405	572.043
67.37004	572.0399
67.37299	572.0383
67.37793	572.0363
67.3788	572.0336
67.38062	572.032
67.38645	572.0316
67.39027	572.0295
67.39389	572.0289
67.39544	572.0295
67.39948	572.0285
67.40353	572.0285
67.40869	572.0285
67.41328	572.0269
67.41513	572.0269
67.41425	572.0254
67.42242	572.0243
67.42599	572.0243
67.43543	572.0228
67.4409	572.0217
67.4374	572.0207
67.43737	572.0192
67.44181	572.0176
67.44652	572.0176
67.45114	572.0165
67.44942	572.0165
67.44902	572.0165
67.45657	572.0165
67.45834	572.015
67.45649	572.015
67.46382	572.015
67.46677	572.015
67.47614	572.0139
67.478	572.0124
67.48073	572.0119
67.4834	572.0098
67.4894	572.0088
67.49216	572.0077
67.49446	572.0062
67.49898	572.0051
67.50436	572.0042
67.50629	572.0031
67.50863	572.0021
67.51075	572.0021
67.51563	572.0015
67.51749	572.001
67.52107	572.001
67.52637	572.001
67.52841	571.9995
67.53403	571.9995
67.53664	571.9984
67.53905	571.9979
67.54116	571.9968
67.54565	571.9958
67.54964	571.9943
67.55209	571.9932
67.55563	571.9932
67.55988	571.9916
67.56446	571.9916
67.56503	571.9916
67.56814	571.9916
67.57293	571.9916
67.57632	571.9932
67.58114	571.9932
67.58402	571.9932
67.58752	571.9943
67.58849	571.9943
67.59319	571.9932
67.59592	571.9927
67.60081	571.9916
67.60607	571.9896
67.60953	571.9886
67.61317	571.987
67.61421	571.9865
67.61815	571.9855
67.62306	571.985
67.6257	571.985
67.62841	571.985
67.63132	571.985
67.63546	571.985
67.6418	571.9865
67.64446	571.9865
67.64831	571.9865
67.65034	571.9865
67.65369	571.9875
67.65585	571.9865
67.65965	571.9865
67.6625	571.9875
67.66881	571.9875
67.66644	571.9865
67.67333	571.9875
67.67838	571.9875
67.68156	571.9875
67.68329	571.9875
67.69002	571.9886
67.68005	571.989
67.69908	571.989
67.70304	571.989
67.70127	571.989
67.70321	571.989
67.70588	571.9901
67.70699	571.9901
67.71191	571.9901
67.71664	571.9896
67.72352	571.9896
67.72317	571.989
67.72582	571.9886
67.72685	571.989
67.7263	571.9875
67.73087	571.9875
67.74288	571.9875
67.74333	571.989
67.74488	571.989
67.75028	571.9901
67.75887	571.9906
67.76144	571.9916
67.76549	571.9916
67.76342	571.9932
67.76814	571.9932
67.77056	571.9921
67.77528	571.9916
67.77655	571.9906
67.78193	571.989
67.7868	571.9875
67.78917	571.9865
67.79448	571.9855
67.79826	571.9844
67.80301	571.9839
67.80814	571.9839
67.81123	571.9839
67.81056	571.9839
67.81599	571.9839
67.81717	571.9839
67.82185	571.9839
67.82291	571.9839
67.82618	571.9839
67.83315	571.9824
67.83683	571.9824
67.83738	571.9813
67.84388	571.9797
67.8448	571.9787
67.85029	571.9772
67.85176	571.9761
67.85757	571.9746
67.86145	571.9746
67.86413	571.9741
67.86424	571.9735
67.87078	571.9735
67.87294	571.9735
67.87773	571.9735
67.87857	571.9735
67.88255	571.9735
67.88914	571.9735
67.89192	571.972
67.89512	571.9714
67.89793	571.9699
67.90133	571.9683
67.90672	571.9668
67.90636	571.9658
67.90936	571.9637
67.91569	571.9626
67.92829	571.9617
67.9325	571.9606
67.92639	571.959
67.94067	571.959
67.93745	571.959
67.93874	571.9579
67.93421	571.9579
67.94521	571.9579
67.94977	571.957
67.95667	571.9564
67.95922	571.9548
67.96231	571.9539
67.96662	571.9523
67.97091	571.9513
67.96946	571.9497
67.97105	571.9487
67.97408	571.9471
67.97669	571.9461
67.981	571.9461
67.98542	571.9445
67.98894	571.9445
67.99197	571.9456
67.99602	571.9456
67.99871	571.9461
68.00417	571.9461
68.01212	571.9461
68.01279	571.9461
68.01516	571.9445
68.01746	571.944
68.02163	571.9435
68.02392	571.942
68.02975	571.9409
68.03023	571.9409
68.03585	571.9393
68.04203	571.9384
68.04449	571.9384
68.04691	571.9368
68.05006	571.9368
68.05228	571.9368
68.05204	571.9368
68.05658	571.9357
68.05934	571.9357
68.06776	571.9341
68.07241	571.9332
68.07169	571.9316
68.0743	571.9305
68.08173	571.929
68.07101	571.9259
68.09181	571.9249
68.09601	571.9233
68.09212	571.9207
68.10046	571.9197
68.09866	571.9186
68.10203	571.9166
68.10699	571.916
68.10706	571.9145
68.11789	571.9145
68.11975	571.9135
68.11936	571.9135
68.12727	571.9119
68.12941	571.9109
68.13318	571.9098
68.13493	571.9083
68.14049	571.9062
68.14668	571.9046
68.14394	571.9031
68.1488	571.9011
68.16168	571.8989
68.16212	571.8979
68.16026	571.8958
68.16488	571.8942
68.16811	571.8937
68.17152	571.8927
68.17149	571.8917
68.1746	571.8911
68.1777	571.8902
68.18367	571.8902
68.18614	571.8886
68.19115	571.8876
68.19853	571.8876
68.20299	571.8854
68.20519	571.8834
68.20842	571.8824
68.20997	571.8813
68.21673	571.8793
68.21971	571.8782
68.22294	571.8782
68.22813	571.8767
68.22903	571.8762
68.22995	571.8767
68.23392	571.8756
68.23979	571.8756
68.24596	571.8741
68.24691	571.873
68.2486	571.873
68.25809	571.8715
68.25861	571.8704
68.26184	571.8689
68.26517	571.8668
68.26628	571.8653
68.27242	571.8638
68.27686	571.8627
68.28103	571.8611
68.28375	571.8611
68.28735	571.86
68.2891	571.86
68.29368	571.86
68.29881	571.86
68.30141	571.8611
68.30813	571.8611
68.30858	571.8627
68.31073	571.8632
68.31292	571.8638
68.31747	571.8638
68.32047	571.8638
68.32397	571.8632
68.32729	571.8627
68.33026	571.8622
68.33325	571.8607
68.3382	571.8596
68.34525	571.858
68.34815	571.8569
68.35007	571.856
68.35439	571.8549
68.35816	571.8534
68.36208	571.8534
68.36475	571.8534
68.36549	571.8523
68.36977	571.8523
68.37541	571.8523
68.37856	571.8513
68.37975	571.8508
68.38862	571.8508
68.39159	571.8497
68.39461	571.8482
68.39713	571.8466
68.40103	571.8456
68.40408	571.8441
68.40752	571.8435
68.41225	571.8414
68.41541	571.8404
68.41427	571.8404
68.41898	571.8394
68.42258	571.8378
68.42358	571.8378
68.42861	571.8373
68.4353	571.8352
68.43854	571.8337
68.43917	571.8326
68.44179	571.8311
68.44875	571.829
68.45087	571.8274
68.45274	571.8259
68.4624	571.8249
68.46694	571.8234
68.46683	571.8223
68.47141	571.8223
68.47219	571.8218
68.47694	571.8207
68.47162	571.8207
68.4843	571.8207
68.48829	571.8207
68.49241	571.8207
68.49615	571.8196
68.50002	571.8196
68.50464	571.8187
68.50587	571.8171
68.51274	571.8156
68.51171	571.8145
68.51792	571.8119
68.52125	571.8104
68.52258	571.8078
68.52757	571.8057
68.53152	571.8036
68.53511	571.8026
68.53789	571.801
68.5435	571.8
68.54977	571.8
68.54867	571.8
68.55347	571.7985
68.5564	571.7985
68.55842	571.7985
68.5604	571.7974
68.56833	571.7974
68.57195	571.7958
68.5742	571.7948
68.57837	571.7932
68.58356	571.7923
68.58545	571.7923
68.59167	571.7907
68.59528	571.7907
68.597	571.7907
68.6006	571.7897
68.60203	571.7907
68.60822	571.7907
68.61261	571.7897
68.61601	571.7897
68.62057	571.7897
68.62162	571.7881
68.6224	571.787
68.62662	571.7855
68.63443	571.7845
68.64112	571.7819
68.64327	571.7803
68.64838	571.7793
68.65009	571.7767
68.65023	571.7751
68.65418	571.774
68.65662	571.7725
68.66199	571.771
68.66534	571.7705
68.66888	571.77
68.65192	571.7684
68.66665	571.7679
68.67721	571.7674
68.68053	571.7659
68.68501	571.7653
68.68922	571.7648
68.6924	571.7632
68.70042	571.7617
68.70252	571.7601
68.70795	571.759
68.71403	571.757
68.71284	571.7559
68.71742	571.7554
68.71914	571.7544
68.72636	571.7544
68.72629	571.7544
68.73041	571.7544
68.73411	571.7544
68.73952	571.7544
68.74304	571.7544
68.74671	571.7544
68.74989	571.7528
68.75113	571.7518
68.75539	571.7513
68.75584	571.7493
68.7629	571.7477
68.76614	571.7466
68.77039	571.7441
68.77199	571.7425
68.77629	571.7415
68.78031	571.741
68.78595	571.7399
68.78721	571.7383
68.78568	571.7399
68.792	571.7399
68.79803	571.7383
68.80164	571.7399
68.80729	571.7399
68.80958	571.7383
68.81205	571.7383
68.81203	571.7373
68.81905	571.7358
68.82325	571.7332
68.82819	571.7306
68.83086	571.7295
68.8383	571.7264
68.84076	571.7244
68.84406	571.7223
68.84988	571.7202
68.85287	571.7192
68.85704	571.7177
68.85742	571.7166
68.85996	571.7156
68.86434	571.7151
68.86897	571.7151
68.87216	571.7135
68.87532	571.7125
68.88081	571.7114
68.88544	571.7099
68.88766	571.7088
68.88881	571.7062
68.89046	571.7047
68.89638	571.7031
68.89994	571.7
68.90438	571.6979
68.90945	571.6979
68.91224	571.6959
68.91402	571.6953
68.91817	571.6953
68.92388	571.6944
68.92764	571.6944
68.92898	571.6944
68.9335	571.6944
68.93871	571.6944
68.94279	571.6944
68.94637	571.6928
68.9491	571.6928
68.95102	571.6907
68.95418	571.6887
68.95879	571.6876
68.96421	571.686
68.96868	571.684
68.97104	571.6824
68.97413	571.6824
68.97709	571.6813
68.98199	571.6813
68.98377	571.6798
68.98928	571.6813
68.99383	571.6813
68.99503	571.6798
69.00011	571.6813
69.00181	571.6798
69.00394	571.6793
69.0107	571.6788
69.01257	571.6772
69.01759	571.6761
69.02187	571.6741
69.02271	571.6736
69.02667	571.6721
69.03199	571.671
69.03508	571.671
69.04213	571.671
69.04588	571.6695
69.04502	571.6695
69.05185	571.67
69.05787	571.671
69.06051	571.671
69.06236	571.671
69.0667	571.671
69.06851	571.671
69.07233	571.67
69.07577	571.6695
69.07725	571.6684
69.08113	571.6669
69.08413	571.6653
69.09285	571.6642
69.09479	571.6622
69.09775	571.6617
69.10206	571.6602
69.10652	571.6596
69.10994	571.6591
69.11354	571.6591
69.11665	571.658
69.11892	571.6575
69.12676	571.6575
69.13073	571.6565
69.13359	571.6549
69.135	571.6549
69.13828	571.6545
69.14232	571.6534
69.14854	571.6523
69.1502	571.6523
69.15394	571.6514
69.1582	571.6503
69.1608	571.6498
69.16483	571.6498
69.16987	571.6487
69.17427	571.6487
69.17709	571.6487
69.18085	571.6472
69.18362	571.6462
69.1869	571.6462
69.1915	571.6446
69.19471	571.644
69.19816	571.6436
69.20219	571.642
69.20513	571.641
69.20838	571.64
69.21246	571.6384
69.21693	571.6368
69.22446	571.6358
69.22715	571.6342
69.23045	571.6332
69.23143	571.6316
69.23548	571.6301
69.24118	571.6301
69.2455	571.6291
69.24938	571.6291
69.25174	571.6291
69.25671	571.6291
69.26115	571.6285
69.26601	571.627
69.26723	571.6265
69.26884	571.6249
69.27416	571.6228
69.27784	571.6207
69.2808	571.6187
69.28568	571.6166
69.29079	571.6135
69.29176	571.6109
69.29734	571.6099
69.30233	571.6083
69.30698	571.6068
69.30768	571.6068
69.30952	571.6068
69.3121	571.6058
69.31735	571.6058
69.32304	571.6058
69.32448	571.6058
69.32663	571.6042
69.33185	571.6042
69.33633	571.6042
69.34091	571.6031
69.34554	571.6021
69.34613	571.6016
69.35373	571.6005
69.35674	571.6
69.36271	571.5989
69.36604	571.5989
69.36861	571.598
69.37332	571.5964
69.37561	571.5964
69.3793	571.5954
69.38404	571.5949
69.38488	571.5938
69.38988	571.5923
69.39566	571.5912
69.39736	571.5897
69.39992	571.5886
69.40641	571.5871
69.41151	571.585
69.41366	571.5834
69.41576	571.5819
69.42035	571.5798
69.4218	571.5782
69.42743	571.5767
69.43047	571.5757
69.43642	571.5757
69.44209	571.5742
69.44363	571.5742
69.4498	571.5742
69.45193	571.5742
69.45594	571.5742
69.461	571.5742
69.46266	571.5731
69.46718	571.5731
69.4683	571.5716
69.47472	571.5716
69.47883	571.5705
69.48312	571.569
69.48808	571.569
69.48715	571.5679
69.49173	571.5679
69.49837	571.5679
69.49408	571.5679
69.50058	571.5679
69.50658	571.5685
69.5124	571.569
69.51425	571.569
69.51968	571.569
69.52654	571.569
69.52584	571.5679
69.5284	571.5679
69.53031	571.5663
69.52326	571.5654
69.54752	571.5638
69.54602	571.5627
69.52774	571.5612
69.55067	571.5612
69.55606	571.5601
69.56328	571.5601
69.56363	571.5601
69.57275	571.5601
69.56792	571.5601
69.5702	571.5596
69.58021	571.5586
69.57887	571.5586
69.58115	571.557
69.57574	571.557
69.57483	571.555
69.5751	571.5535
69.61008	571.5519
69.61303	571.5504
69.61168	571.5477
69.61058	571.5457
69.61761	571.5436
69.62278	571.5405
69.62737	571.5383
69.6282	571.5363
69.63338	571.5337
69.63862	571.5322
69.643	571.5301
69.64353	571.5286
69.64783	571.5275
69.65298	571.5255
69.65475	571.5234
69.65309	571.5223
69.65727	571.5208
69.66775	571.5187
69.67493	571.5167
69.67359	571.514
69.68137	571.5125
69.68301	571.5104
69.6817	571.5079
69.68507	571.5063
69.69362	571.5052
69.69254	571.5037
69.70064	571.5026
69.70473	571.501
69.7086	571.5006
69.71124	571.4995
69.71723	571.4985
69.71853	571.4975
69.72413	571.4959
69.73069	571.4949
69.7357	571.4929
69.73731	571.4923
69.74115	571.4897
69.74368	571.4876
69.74652	571.4866
69.74818	571.484
69.75324	571.4824
69.75974	571.4809
69.76621	571.4794
69.76271	571.4783
69.7683	571.4778
69.77442	571.4763
69.7795	571.4752
69.77905	571.4742
69.78511	571.4731
69.78927	571.4726
69.79303	571.47
69.79588	571.4684
69.79951	571.4675
69.80264	571.4648
69.80868	571.4628
69.81107	571.4607
69.81714	571.4581
69.81966	571.4565
69.82361	571.4545
69.83034	571.4534
69.83167	571.4519
69.83505	571.4504
69.84016	571.4498
69.84385	571.4478
69.84706	571.4467
69.84854	571.4451
69.85404	571.4436
69.85584	571.442
69.86188	571.4395
69.86536	571.4369
69.86794	571.4348
69.87276	571.4312
69.87672	571.4291
69.8809	571.4265
69.88463	571.4239
69.88604	571.4218
69.89178	571.4197
69.89739	571.4177
69.90083	571.4172
69.90468	571.4161
69.90821	571.4151
69.91272	571.4141
69.91899	571.4135
69.92219	571.4125
69.92668	571.4115
69.92809	571.41
69.93028	571.4084
69.93481	571.4073
69.93872	571.4053
69.94375	571.4037
69.94576	571.4022
69.94936	571.4
69.95386	571.3996
69.95851	571.3975
69.96284	571.3954
69.96694	571.3954
69.9712	571.3928
69.975	571.3923
69.98068	571.3918
69.98371	571.3892
69.98692	571.3876
69.98904	571.3867
69.99393	571.384
69.99505	571.3815
70.00137	571.3793
70.00253	571.3773
70.00948	571.3742
70.01247	571.3716
70.01639	571.3696
70.02199	571.3674
70.02366	571.3649
70.0275	571.3628
70.03264	571.3618
70.0345	571.3602
70.03748	571.3592
70.04276	571.3576
70.04525	571.3566
70.05042	571.3545
70.05405	571.3535
70.05655	571.3514
70.06268	571.3488
70.06516	571.3467
70.06885	571.3447
70.07389	571.342
70.07727	571.3394
70.08123	571.3374
70.08592	571.3354
70.08823	571.3328
70.08955	571.3317
70.09406	571.3301
70.09935	571.3291
70.10381	571.3276
70.10614	571.3276
70.11226	571.3276
70.1174	571.3265
70.12244	571.3265
70.12546	571.326
70.12923	571.325
70.13355	571.3239
70.1374	571.3224
70.13866	571.3214
70.14245	571.3198
70.14577	571.3182
70.1503	571.3172
70.15649	571.3156
70.16032	571.3136
70.16344	571.3136
70.16753	571.3121
70.17349	571.311
70.17598	571.3094
70.17995	571.309
70.18335	571.3083
70.18604	571.3068
70.19145	571.3052
70.19402	571.3043
70.2009	571.3021
70.20132	571.3001
70.20435	571.2986
70.21213	571.2965
70.21544	571.2939
70.21878	571.2913
70.22516	571.2892
70.2276	571.2866
70.22894	571.2845
70.2317	571.2825
70.23846	571.2809
70.24107	571.2783
70.24462	571.2768
70.25093	571.2757
70.25249	571.2742
70.25842	571.2732
70.26113	571.2711
70.26494	571.2701
70.26878	571.2675
70.27459	571.2654
70.27775	571.2639
70.28223	571.2613
70.286	571.2587
70.28877	571.2566
70.2934	571.2545
70.29783	571.253
70.30054	571.2519
70.30437	571.2509
70.30802	571.2493
70.3103	571.2493
70.31321	571.2493
70.31614	571.2484
70.32284	571.2484
70.32705	571.2468
70.33176	571.2457
70.33448	571.2441
70.34032	571.2431
70.34425	571.2415
70.34576	571.2406
70.35014	571.239
70.35415	571.238
70.35658	571.2369
70.36326	571.2364
70.36812	571.2354
70.37102	571.2354
70.37515	571.2338
70.38236	571.2338
70.38396	571.2328
70.38799	571.2318
70.3924	571.2312
70.39787	571.2297
70.39976	571.2276
70.40527	571.226
70.4083	571.2239
70.41094	571.2214
70.41251	571.2193
70.42058	571.2172
70.42559	571.2151
70.42616	571.2131
70.42974	571.2115
70.43311	571.2104
70.44145	571.2089
70.44443	571.2084
70.4492	571.2079
70.45268	571.2079
70.45377	571.2064
70.46037	571.2058
70.46377	571.2053
70.45808	571.2038
70.4699	571.2027
70.48748	571.2007
70.48612	571.1981
70.48516	571.1955
70.4935	571.1929
70.49633	571.1903
70.49344	571.1882
70.50053	571.1856
70.50529	571.1841
70.50619	571.183
70.50538	571.1815
70.51406	571.1815
70.51257	571.1804
70.52734	571.1804
70.53027	571.1804
70.53318	571.1804
70.53255	571.1789
70.53486	571.1778
70.54118	571.1763
70.54695	571.1753
70.54924	571.1738
70.55237	571.1722
70.55888	571.17
70.55914	571.1685
70.56293	571.1665
70.57349	571.1649
70.57558	571.1634
70.57777	571.1623
70.58289	571.1608
70.58532	571.1597
70.59045	571.1582
70.59499	571.1577
70.59892	571.1561
70.60181	571.154
70.60414	571.1535
70.60406	571.1514
70.60529	571.1505
70.61339	571.1489
70.61622	571.1462
70.6186	571.1452
70.62829	571.1447
70.63584	571.1427
70.63848	571.1411
70.64162	571.1411
70.64672	571.1401
70.65169	571.1401
70.65441	571.139
70.65752	571.1385
70.66278	571.1385
70.66673	571.1379
70.66946	571.1375
70.67464	571.1364
70.67994	571.1348
70.68174	571.1333
70.68811	571.1318
70.69324	571.1292
70.6959	571.1271
70.69886	571.124
70.70123	571.1214
70.7052	571.1204
70.71161	571.1178
70.71434	571.1157
70.71926	571.1152
70.72169	571.1136
70.72708	571.1132
70.73102	571.1125
70.73265	571.111
70.73672	571.11
70.74085	571.1085
70.74508	571.1058
70.74621	571.1043
70.75283	571.1017
70.7578	571.0986
70.75906	571.0955
70.76365	571.0934
70.76989	571.0903
70.77393	571.0877
70.77974	571.0851
70.78453	571.083
70.78682	571.081
70.79185	571.079
70.79564	571.0774
70.7979	571.0753
70.80319	571.0727
70.8061	571.0696
70.80924	571.0675
70.81455	571.0649
70.81889	571.0618
70.82231	571.0592
70.82861	571.0561
70.83238	571.053
70.83627	571.0499
70.83809	571.0472
70.84239	571.0447
70.84591	571.0421
70.85225	571.0395
70.85555	571.0375
70.86175	571.0354
70.86384	571.0328
70.86962	571.0317
70.87466	571.0297
70.87763	571.0276
70.88052	571.0266
70.88308	571.024
70.88888	571.0214
70.89159	571.0193
70.89697	571.0157
70.89948	571.0137
70.90388	571.01
70.90817	571.0074
70.91264	571.0053
70.91621	571.0022
70.91753	571.0002
70.92297	570.9991
70.9286	570.9966
70.93182	570.995
70.93493	570.994
70.94039	570.9919
70.9473	570.9904
70.95191	570.9888
70.9573	570.9866
70.9592	570.9846
70.96946	570.9826
70.989	570.9805
70.97158	570.9784
70.9618	570.9763
70.97253	570.9748
70.98041	570.9732
70.98873	570.9717
70.98851	570.9717
70.98972	570.9702
70.99694	570.9702
71.00032	570.9702
71.0033	570.9702
71.00335	570.9702
71.01643	570.9702
71.01743	570.9702
71.01796	570.9696
71.0237	570.9686
71.02461	570.9676
71.03237	570.9665
71.04101	570.9644
71.04371	570.9619
71.048	570.9597
71.05109	570.9582
71.05508	570.9562
71.05868	570.9536
71.06583	570.9525
71.06673	570.9515
71.07098	570.9509
71.07392	570.9493
71.07742	570.9493
71.08206	570.9493
71.09023	570.9484
71.09547	570.9484
71.0976	570.9468
71.10667	570.9458
71.10927	570.9427
71.11166	570.9406
71.11314	570.938
71.11506	570.9349
71.11607	570.9323
71.11304	570.9297
71.12083	570.9266
71.12503	570.9261
71.13159	570.9246
71.13975	570.9229
71.14264	570.922
71.14998	570.922
71.15346	570.922
71.15709	570.9209
71.16124	570.9199
71.16589	570.9194
71.16963	570.9183
71.17368	570.9167
71.17628	570.9158
71.18053	570.9136
71.18549	570.9116
71.18946	570.9105
71.19577	570.9085
71.19917	570.9064
71.2042	570.9054
71.20627	570.9043
71.21397	570.9039
71.21651	570.9023
71.22194	570.9012
71.22517	570.9012
71.23432	570.8991
71.23302	570.8987
71.23639	570.8976
71.24554	570.8956
71.24557	570.894
71.25037	570.8925
71.25326	570.8898
71.2581	570.8867
71.26654	570.8847
71.26412	570.8826
71.26801	570.879
71.2769	570.8769
71.27667	570.8753
71.28459	570.8738
71.28757	570.8722
71.28592	570.8712
71.29417	570.8712
71.30222	570.8712
71.30518	570.8712
71.30777	570.8712
71.31293	570.8696
71.31565	570.8696
71.31727	570.8686
71.32356	570.867
71.3279	570.8649
71.34327	570.8634
71.3241	570.8614
71.32122	570.8592
71.34361	570.8583
71.35459	570.8567
71.35181	570.8557
71.35462	570.8557
71.3609	570.8557
71.36614	570.8541
71.37453	570.8541
71.3698	570.8541
71.38058	570.8541
71.38192	570.8536
71.38358	570.853
71.39052	570.8514
71.39819	570.8514
71.41317	570.8489
71.40226	570.8479
71.40796	570.8463
71.41087	570.8453
71.4162	570.8437
71.41875	570.8427
71.42406	570.8411
71.4269	570.8411
71.43019	570.8401
71.43513	570.8386
71.4389	570.8386
71.44518	570.838
71.44965	570.8375
71.45496	570.8359
71.46203	570.8339
71.46375	570.8318
71.4644	570.8298
71.47074	570.8276
71.47594	570.8256
71.48027	570.8219
71.47952	570.8204
71.48651	570.8179
71.48852	570.8152
71.49438	570.8137
71.50008	570.8121
71.50227	570.8106
71.50613	570.8101
71.51195	570.808
71.51875	570.8075
71.52084	570.806
71.52792	570.8038
71.5309	570.8023
71.53326	570.7997
71.53665	570.7971
71.54081	570.7946
71.54562	570.7914
71.551	570.7883
71.55477	570.7852
71.55592	570.782
71.56523	570.7784
71.56819	570.7764
71.57143	570.7738
71.5764	570.7717
71.58169	570.7697
71.58388	570.7681
71.58861	570.767
71.5919	570.7655
71.59468	570.765
71.59927	570.7635
71.6059	570.7624
71.60725	570.7613
71.61392	570.7593
71.61933	570.7578
71.62074	570.7562
71.62463	570.7551
71.63022	570.7535
71.62842	570.7515
71.63828	570.75
71.64491	570.7484
71.64368	570.7479
71.64542	570.7474
71.64847	570.7458
71.65559	570.7448
71.65946	570.7448
71.6674	570.7432
71.67181	570.7422
71.67842	570.7407
71.68147	570.7396
71.68472	570.737
71.69044	570.7355
71.69487	570.7334
71.70067	570.7313
71.70274	570.7292
71.71061	570.7271
71.71199	570.7246
71.71781	570.7231
71.71495	570.7209
71.72176	570.72
71.73207	570.7184
71.73404	570.7168
71.7411	570.7158
71.74588	570.7131
71.74862	570.7122
71.75111	570.7101
71.75539	570.7075
71.75742	570.7049
71.75898	570.7028
71.76504	570.6998
71.77039	570.696
71.77669	570.694
71.78104	570.6904
71.78322	570.6867
71.78515	570.6847
71.79112	570.6816
71.79793	570.679
71.80188	570.6769
71.80692	570.6743
71.81281	570.6722
71.81599	570.6697
71.81905	570.6666
71.82256	570.6645
71.82564	570.6619
71.83162	570.6588
71.83559	570.6547
71.84151	570.6516
71.84753	570.649
71.85123	570.6453
71.8529	570.6417
71.85738	570.6401
71.86423	570.6376
71.86876	570.6349
71.87215	570.6339
71.87469	570.6324
71.87902	570.6318
71.88366	570.6298
71.88954	570.6298
71.89392	570.6282
71.89725	570.6256
71.90088	570.6236
71.90211	570.6215
71.9071	570.6174
71.9119	570.6148
71.91779	570.6117
71.92207	570.608
71.92896	570.6049
71.93319	570.6023
71.93725	570.5997
71.93858	570.5977
71.94288	570.5961
71.94897	570.5945
71.95206	570.593
71.95489	570.5919
71.95988	570.591
71.96574	570.5894
71.97162	570.5884
71.97613	570.5884
71.98005	570.5858
71.98388	570.5831
71.98511	570.3071
71.98906	570.3573
71.99433	570.3967
71.99808	570.4194
72.00428	570.4111
72.00897	570.4479
72.01535	570.4521
72.01865	570.4827
72.02248	570.4728
72.02901	570.4697
72.03257	570.4883
72.03472	570.4925
72.04179	570.4863
72.0469	570.5075
72.04941	570.4899
72.05282	570.5195
72.05711	570.5013
72.06425	570.4966
72.06905	570.5049
72.07189	570.5158
72.07571	570.5044
72.08044	570.5173
72.08138	570.507
72.08809	570.4671
72.0946	570.5013
72.09743	570.4868
72.10275	570.4796
72.10814	570.4708
72.11102	570.4811
72.11367	570.4847
72.1197	570.4982
72.12151	570.4982
72.12553	570.4971
72.13153	570.4962
72.13409	570.4946
72.13902	570.493
72.13905	570.4915
72.1299	570.4889
72.15964	570.4863
72.15133	570.4852
72.16508	570.4827
72.16469	570.48
72.16687	570.4791
72.16933	570.4775
72.17706	570.4749
72.18466	570.4733
72.19041	570.4717
72.19657	570.4697
72.19901	570.4682
72.20091	570.4656
72.20752	570.4636
72.21267	570.4609
72.21822	570.4583
72.22261	570.4557
72.22294	570.4526
72.22517	570.4501
72.23434	570.4474
72.23763	570.4433
72.23687	570.4407
72.23708	570.4387
72.24877	570.4355
72.25259	570.4334
72.2532	570.4319
72.25745	570.4298
72.26498	570.4278
72.25836	570.4252
72.25952	570.4231
72.28413	570.4205
72.29057	570.4179
72.29028	570.4153
72.29587	570.4127
72.3017	570.4102
72.30574	570.4076
72.30817	570.4054
72.31133	570.4029
72.31711	570.4014
72.31903	570.3992
72.32593	570.3976
72.33045	570.3951
72.33339	570.3936
72.33689	570.392
72.34463	570.3889
72.35049	570.3873
72.34988	570.3848
72.35584	570.3821
72.3586	570.3796
72.36229	570.377
72.36807	570.3749
72.37054	570.3723
72.37584	570.3697
72.3821	570.3687
72.39411	570.3657
72.3912	570.3635
72.39558	570.3619
72.39697	570.3599
72.4006	570.3578
72.40591	570.3557
72.41376	570.3547
72.41777	570.3522
72.424	570.35
72.42507	570.348
72.43703	570.347
72.43961	570.3444
72.44401	570.3428
72.44423	570.3412
72.44894	570.3392
72.45509	570.3365
72.46104	570.335
72.46677	570.333
72.46657	570.3304
72.46589	570.3284
72.4763	570.3267
72.47654	570.3246
72.47907	570.3231
72.4926	570.3221
72.49641	570.3215
72.50173	570.32
72.5031	570.3195
72.50645	570.3195
72.51026	570.3179
72.51641	570.3169
72.5231	570.3153
72.52822	570.3148
72.53656	570.3132
72.53143	570.3117
72.53653	570.3101
72.54797	570.3091
72.55112	570.3066
72.55384	570.305
72.55298	570.304
72.5592	570.3024
72.56418	570.3013
72.57144	570.2993
72.5752	570.2982
72.57402	570.2962
72.5836	570.2941
72.58536	570.2925
72.59402	570.2905
72.59657	570.2879
72.6004	570.2869
72.60844	570.2848
72.61351	570.2822
72.61349	570.2802
72.62057	570.2791
72.6256	570.2765
72.63066	570.2744
72.63621	570.2728
72.6379	570.2713
72.64074	570.2698
72.64673	570.2687
72.65118	570.2667
72.65325	570.2646
72.65923	570.2635
72.66444	570.2615
72.66854	570.2589
72.67281	570.2568
72.67804	570.2543
72.684	570.2511
72.68795	570.2485
72.69102	570.2449
72.69662	570.2413
72.70155	570.2386
72.70561	570.2356
72.71035	570.2314
72.71542	570.2294
72.71814	570.2267
72.72346	570.2242
72.72737	570.2216
72.73294	570.22
72.73724	570.2174
72.73995	570.2159
72.74376	570.2138
72.74962	570.2122
72.75729	570.2107
72.76207	570.2081
72.76542	570.2061
72.76974	570.2045
72.77395	570.2018
72.77948	570.2009
72.78314	570.1983
72.78452	570.1957
72.78915	570.1941
72.79431	570.1921
72.79926	570.19
72.8049	570.1884
72.80811	570.1853
72.81593	570.1832
72.81786	570.1812
72.82204	570.1786
72.82446	570.1754
72.82761	570.1719
72.83592	570.1693
72.84397	570.1661
72.84768	570.1625
72.8486	570.1589
72.85654	570.1558
72.85815	570.1532
72.86667	570.149
72.86871	570.1465
72.87324	570.1443
72.87768	570.1418
72.88484	570.1403
72.88915	570.1387
72.89425	570.1361
72.89509	570.1341
72.9003	570.133
72.90668	570.1304
72.91063	570.1278
72.91897	570.1257
72.92193	570.1232
72.92458	570.1205
72.93096	570.118
72.93504	570.1159
72.93958	570.1133
72.94393	570.1112
72.94875	570.1092
72.95429	570.1082
72.95816	570.1061
72.96425	570.1039
72.96542	570.103
72.96721	570.1014
72.97386	570.0993
72.98194	570.0988
72.98677	570.0967
72.98962	570.0947
72.99474	570.0926
73.00049	570.0905
73.00512	570.0879
73.01016	570.0853
73.01423	570.0828
73.01662	570.0801
73.01951	570.0775
73.02974	570.0744
73.03179	570.0724
73.03458	570.0693
73.03936	570.0667
73.04489	570.0651
73.05196	570.062
73.05528	570.06
73.05875	570.0574
73.06494	570.0543
73.06994	570.0517
73.07333	570.048
73.07811	570.0449
73.08443	570.0413
73.08533	570.0371
73.08971	570.0341
73.09632	570.0305
73.1032	570.0262
73.10768	570.0226
73.11243	570.0201
73.11777	570.017
73.1198	570.0138
73.12602	570.0118
73.13187	570.0092
73.13709	570.006
73.14149	570.0029
73.14607	570.0004
73.14814	569.9978
73.15386	569.9942
73.16061	569.9911
73.16255	569.9874
73.16732	569.9833
73.17186	569.9791
73.17563	569.975
73.18085	569.9708
73.18419	569.9662
73.1918	569.9625
73.19556	569.9584
73.20336	569.9543
73.20697	569.9517
73.21091	569.9485
73.2147	569.9454
73.21861	569.9434
73.22346	569.9408
73.22914	569.9377
73.23412	569.9346
73.2393	569.9326
73.24362	569.9299
73.24923	569.9268
73.25469	569.9243
73.26115	569.9206
73.26335	569.917
73.26561	569.9139
73.27142	569.9103
73.2764	569.9066
73.27969	569.903
73.28338	569.8994
73.28851	569.8958
73.29662	569.8916
73.30051	569.8885
73.30177	569.8854
73.30994	569.8817
73.31702	569.8786
73.31914	569.8755
73.32292	569.8724
73.32951	569.8688
73.33397	569.8657
73.33733	569.8625
73.34169	569.859
73.34727	569.8559
73.35368	569.8528
73.35583	569.8497
73.35923	569.8466
73.37158	569.8439
73.37721	569.8413
73.37802	569.8387
73.37836	569.8367
73.38207	569.8341
73.38991	569.8315
73.3922	569.8289
73.40012	569.8264
73.40346	569.8232
73.40681	569.8201
73.41253	569.8165
73.41811	569.8134
73.4272	569.8098
73.43125	569.8061
73.43485	569.8035
73.4365	569.8005
73.44044	569.7979
73.45061	569.7953
73.45668	569.7932
73.45735	569.7911
73.45844	569.7896
73.46265	569.7869
73.46997	569.7853
73.47567	569.7822
73.48006	569.7797
73.4877	569.7771
73.49192	569.774
73.4934	569.7709
73.49675	569.7683
73.50512	569.7646
73.50798	569.7621
73.51279	569.759
73.51486	569.7558
73.51601	569.7538
73.52322	569.7507
73.53309	569.748
73.52631	569.746
73.52509	569.7429
73.52453	569.7398
73.53469	569.7372
73.57048	569.7341
73.56541	569.73
73.56461	569.7264
73.57159	569.7227
73.57944	569.7181
73.58679	569.7134
73.58795	569.7092
73.59155	569.7056
73.59545	569.7015
73.59882	569.6978
73.60062	569.6943
73.60918	569.6912
73.61542	569.688
73.61698	569.6849
73.62238	569.6823
73.62875	569.6786
73.63411	569.6761
73.63639	569.673
73.63984	569.6699
73.64774	569.6673
73.65345	569.6636
73.65771	569.6605
73.66113	569.6575
73.66357	569.6539
73.66937	569.6508
73.67705	569.647
73.68227	569.6435
73.68675	569.6414
73.69228	569.6378
73.69864	569.6357
73.69991	569.6336
73.70792	569.6306
73.71265	569.629
73.71749	569.6269
73.72546	569.6243
73.72593	569.6217
73.72901	569.6191
73.73064	569.6166
73.73623	569.6129
73.74386	569.6097
73.75026	569.6067
73.75488	569.603
73.76013	569.5999
73.76677	569.5974
73.76867	569.5942
73.77155	569.5917
73.77901	569.5895
73.78481	569.5875
73.7883	569.5849
73.79397	569.5833
73.79785	569.5813
73.80328	569.5787
73.8074	569.5761
73.81307	569.573
73.81941	569.5694
73.82308	569.5657
73.82735	569.5616
73.83292	569.5575
73.83874	569.5529
73.84351	569.5487
73.84488	569.545
73.85114	569.5404
73.85563	569.5378
73.85855	569.5342
73.8652	569.5316
73.87204	569.5289
73.87444	569.5264
73.87669	569.5238
73.88353	569.5212
73.88963	569.5176
73.89601	569.514
73.90006	569.5098
73.90604	569.5057
73.91178	569.501
73.91548	569.4958
73.92171	569.4911
73.92408	569.486
73.92673	569.4813
73.93538	569.4777
73.94105	569.4741
73.94507	569.4709
73.94827	569.4684
73.95223	569.4658
73.95741	569.4637
73.96333	569.4612
73.96713	569.4586
73.97231	569.4565
73.97897	569.4533
73.98338	569.4503
73.99029	569.4471
73.99403	569.443
73.99993	569.4394
74.00302	569.4352
74.00837	569.431
74.01241	569.4269
74.01634	569.4233
74.02335	569.4202
74.02783	569.4166
74.03244	569.4139
74.04179	569.4114
74.04401	569.4083
74.05008	569.4062
74.05192	569.4041
74.0592	569.4005
74.06404	569.3979
74.06657	569.3943
74.07333	569.3901
74.07785	569.386
74.08172	569.3813
74.08628	569.3772
74.09193	569.3726
74.09344	569.3668
74.09525	569.3627
74.10673	569.3586
74.1132	569.3539
74.11739	569.3502
74.12182	569.3472
74.12974	569.3435
74.13181	569.3404
74.13426	569.3373
74.13863	569.3347
74.14577	569.3311
74.15347	569.3275
74.15495	569.3249
74.1586	569.3212
74.16751	569.3171
74.17356	569.3135
74.17886	569.3099
74.18149	569.3062
74.18778	569.3026
74.19109	569.2995
74.19733	569.2964
74.20147	569.2933
74.20732	569.2912
74.21454	569.2891
74.21957	569.2865
74.22505	569.2845
74.22762	569.2824
74.23092	569.2798
74.2361	569.2778
74.24293	569.2751
74.24808	569.2726
74.25285	569.2694
74.2565	569.2663
74.26427	569.2627
74.27263	569.2596
74.27387	569.257
74.27863	569.2539
74.28528	569.2513
74.28519	569.2492
74.2805	569.2471
74.29954	569.2451
74.3112	569.243
74.30776	569.242
74.31104	569.2394
74.31493	569.2374
74.32132	569.2352
74.32547	569.2321
74.33427	569.229
74.33841	569.2265
74.34199	569.2233
74.34816	569.2197
74.35291	569.2166
74.35478	569.2135
74.35582	569.2104
74.36563	569.2078
74.37007	569.2047
74.37451	569.2026
74.382	569.2001
74.38853	569.1974
74.39078	569.1954
74.40337	569.1928
74.40403	569.1902
74.40242	569.1876
74.41233	569.1851
74.41767	569.1814
74.41933	569.1783
74.42381	569.1747
74.43804	569.171
74.43827	569.1668
74.4408	569.1628
74.45071	569.1591
74.45506	569.155
74.4562	569.1509
74.46529	569.1477
74.46242	569.1441
74.47421	569.141
74.47723	569.1373
74.48485	569.1348
74.48865	569.1326
74.4959	569.1296
74.5011	569.127
74.50288	569.1249
74.50748	569.1213
74.51402	569.1187
74.51874	569.1161
74.52664	569.1125
74.53236	569.1088
74.5378	569.1053
74.54121	569.1022
74.54666	569.098
74.55098	569.0938
74.55717	569.0902
74.55972	569.0861
74.56652	569.0819
74.5718	569.0778
74.57743	569.0736
74.58187	569.0689
74.58604	569.0643
74.59092	569.0596
74.59511	569.055
74.60119	569.0498
74.60822	569.0447
74.61178	569.04
74.61839	569.0353
74.6246	569.0301
74.63091	569.025
74.63474	569.0208
74.64209	569.0161
74.6444	569.0115
74.65092	569.0078
74.65666	569.0043
74.65965	569.0001
74.66282	568.997
74.66642	568.9928
74.66927	568.9887
74.67661	568.985
74.68105	568.981
74.68726	568.9763
74.69522	568.9716
74.70142	568.9664
74.70459	568.9607
74.71158	568.955
74.71194	568.9493
74.71638	568.9437
74.72396	568.9379
74.72916	568.9327
74.73395	568.9281
74.73787	568.9229
74.74551	568.9188
74.75104	568.9151
74.75842	568.911
74.76155	568.9079
74.76936	568.9048
74.7747	568.9011
74.77635	568.8975
74.78326	568.8944
74.78927	568.8903
74.79467	568.8856
74.79818	568.8815
74.8074	568.8773
74.81165	568.8726
74.81615	568.868
74.82179	568.8633
74.8227	568.8597
74.83051	568.855
74.83641	568.8509
74.84179	568.8473
74.84732	568.8431
74.85346	568.8395
74.85646	568.8353
74.86078	568.8307
74.86613	568.8265
74.87065	568.8219
74.87857	568.8162
74.88515	568.811
74.88985	568.8058
74.89259	568.7996
74.89751	568.7944
74.90594	568.7902
74.9148	568.7851
74.91875	568.7805
74.91515	568.7763
74.91882	568.7732
74.93166	568.769
74.93552	568.7654
74.94052	568.7628
74.94657	568.7592
74.94847	568.7551
74.95171	568.7514
74.95972	568.7478
74.96685	568.7432
74.97035	568.7385
74.97397	568.7338
74.97987	568.7297
74.98617	568.7245
74.9939	568.7203
74.99874	568.7167
75.0023	568.7126
75.0084	568.7084
75.01619	568.7053
75.02197	568.7027
75.02228	568.6986
75.03034	568.6954
75.0345	568.6929
75.04015	568.6888
75.04609	568.6851
75.04841	568.681
75.05648	568.6768
75.06192	568.6722
75.06667	568.667
75.07323	568.6628
75.07885	568.6577
75.08318	568.653
75.0879	568.6478
75.0937	568.6431
75.09853	568.6385
75.10282	568.6334
75.11067	568.6286
75.1189	568.624
75.12541	568.6193
75.12969	568.6147
75.13277	568.6096
75.13737	568.6048
75.14211	568.6002
75.14774	568.595
75.15363	568.5903
75.15892	568.5851
75.16467	568.58
75.16911	568.5753
75.17416	568.5701
75.18251	568.5654
75.1887	568.5602
75.19297	568.5556
75.19579	568.552
75.20012	568.5474
75.20628	568.5421
75.21494	568.539
75.21825	568.5344
75.22549	568.5297
75.2278	568.525
75.23362	568.5198
75.23412	568.5152
75.24507	568.5095
75.2448	568.5038
75.25722	568.4986
75.26416	568.4924
75.26631	568.4861
75.27303	568.481
75.27769	568.4753
75.28559	568.4706
75.29298	568.4655
75.30419	568.4613
75.29319	568.4582
75.30907	568.4541
75.31711	568.4504
75.31891	568.4473
75.31773	568.4442
75.32268	568.4411
75.33184	568.4374
75.33956	568.4339
75.34748	568.4297
75.34923	568.425
75.35326	568.4209
75.35709	568.4162
75.36195	568.4111
75.36951	568.4069
75.37784	568.4017
75.38204	568.3971
75.38687	568.3924
75.39254	568.3878
75.39636	568.3831
75.40276	568.3785
75.41173	568.3733
75.41619	568.3681
75.41853	568.364
75.42347	568.3582
75.42841	568.3531
75.43298	568.3478
75.43824	568.3422
75.44563	568.3365
75.45043	568.3313
75.45744	568.3267
75.4604	568.3209
75.46803	568.3157
75.47394	568.3111
75.47798	568.3059
75.48317	568.2997
75.48816	568.295
75.49559	568.2899
75.49977	568.2836
75.50429	568.278
75.51352	568.2728
75.51616	568.2665
75.52138	568.2603
75.52746	568.2552
75.53219	568.2495
75.53445	568.2427
75.54189	568.2365
75.55026	568.2308
75.55531	568.2246
75.56088	568.2184
75.56914	568.2126
75.56813	568.207
75.58015	568.2008
75.58562	568.1951
75.5906	568.1899
75.59682	568.1842
75.59783	568.179
75.60268	568.1738
75.6094	568.1676
75.61339	568.1619
75.61626	568.1567
75.62541	568.1505
75.62839	568.1443
75.63854	568.1386
75.64391	568.1329
75.64789	568.1267
75.65369	568.121
75.65749	568.1158
75.66454	568.1111
75.67151	568.1055
75.67757	568.1007
75.68108	568.0967
75.6869	568.0909
75.68991	568.0858
75.69659	568.0811
75.70231	568.0754
75.7083	568.0696
75.7146	568.064
75.72129	568.0583
75.72538	568.0516
75.72972	568.0449
75.73303	568.0392
75.74314	568.033
75.74908	568.0262
75.75276	568.0211
75.75983	568.0158
75.76319	568.0101
75.76814	568.0054
75.77411	568.0019
75.77993	567.9972
75.78393	567.993
75.79147	567.9894
75.79225	567.9842
75.80064	567.9796
75.80887	567.9749
75.81345	567.9692
75.8179	567.964
75.82385	567.9578
75.83083	567.9526
75.83467	567.9464
75.84101	567.9402
75.84599	567.9351
75.84998	567.9298
75.8577	567.9241
75.86303	567.9185
75.86835	567.9138
75.87367	567.9086
75.88491	567.9034
75.89125	567.8987
75.89256	567.8946
75.89732	567.8889
75.90334	567.8842
75.90868	567.8796
75.91251	567.8738
75.91957	567.8687
75.92632	567.863
75.93207	567.8578
75.93496	567.8527
75.94189	567.8469
75.9493	567.8418
75.95609	567.8365
75.96152	567.8309
75.96381	567.8262
75.97066	567.821
75.97852	567.8159
75.97992	567.8107
75.98466	567.8055
75.99229	567.7999
75.9987	567.7946
76.00461	567.7889
76.01063	567.7838
76.01561	567.7775
76.02203	567.7719
76.02847	567.7651
76.03339	567.7589
76.04129	567.7532
76.04343	567.747
76.0526	567.7408
76.06023	567.7346
76.06088	567.7283
76.0665	567.7231
76.07239	567.7164
76.07208	567.7106
76.08596	567.7055
76.09251	567.6993
76.09963	567.6931
76.10159	567.6874
76.09889	567.6812
76.10625	567.676
76.11462	567.6698
76.12309	567.6646
76.13009	567.6589
76.13779	567.6532
76.14079	567.648
76.14061	567.6429
76.15498	567.6376
76.15665	567.633
76.16188	567.6279
76.17379	567.6232
76.17759	567.618
76.18112	567.6127
76.18452	567.6076
76.19039	567.6019
76.19723	567.5957
76.20297	567.5905
76.20948	567.5843
76.2119	567.5781
76.21706	567.5724
76.22825	567.5667
76.23383	567.5605
76.23706	567.5547
76.24502	567.5496
76.24954	567.5444
76.25373	567.5392
76.26071	567.5341
76.26772	567.5294
76.27117	567.5242
76.27579	567.5186
76.28423	567.5133
76.28873	567.5077
76.29562	567.5014
76.30257	567.4952
76.3073	567.489
76.31093	567.4822
76.31685	567.475
76.3263	567.4678
76.33426	567.4615
76.34091	567.4543
76.33937	567.4476
76.3325	567.4402
76.33313	567.4336
76.34763	567.4273
76.36107	567.42
76.3708	567.4138
76.37699	567.4082
76.38276	567.4004
76.38853	567.3942
76.39265	567.3874
76.40055	567.3796
76.4059	567.3719
76.4112	567.3636
76.41627	567.3558
76.42153	567.347
76.42867	567.3388
76.43633	567.331
76.44005	567.3228
76.44589	567.315
76.45264	567.3072
76.46292	567.3004
76.46909	567.2927
76.47069	567.2855
76.47799	567.2792
76.48352	567.272
76.48975	567.2642
76.49363	567.2569
76.49835	567.2487
76.50333	567.2404
76.51023	567.2326
76.51724	567.2249
76.52734	567.2165
76.53376	567.2083
76.53568	567.201
76.53909	567.1937
76.5453	567.1854
76.55331	567.1787
76.55786	567.1714
76.56279	567.1642
76.56892	567.1569
76.57449	567.1497
76.58218	567.1425
76.58578	567.1351
76.59238	567.1274
76.59957	567.1196
76.60534	567.1119
76.61035	567.1036
76.6193	567.0953
76.62273	567.0865
76.62813	567.0787
76.63368	567.0704
76.64025	567.0616
76.64287	567.0539
76.6521	567.0461
76.656	567.0383
76.66412	567.0311
76.66976	567.0244
76.67387	567.0176
76.68116	567.0098
76.68733	567.0031
76.69532	566.9964
76.70171	566.9886
76.706	566.9813
76.7132	566.9741
76.71712	566.9662
76.71645	566.9585
76.72617	566.9507
76.73502	566.943
76.74309	566.9347
76.74892	566.9265
76.75503	566.9197
76.75903	566.9119
76.76675	566.9047
76.77322	566.8979
76.77783	566.8907
76.78776	566.8839
76.79033	566.8772
76.79341	566.8705
76.79998	566.8632
76.80637	566.856
76.82124	566.8492
76.82417	566.8414
76.82965	566.8332
76.83288	566.8254
76.83325	566.8171
76.85323	566.8088
76.86107	566.8006
76.866	566.7922
76.87352	566.7834
76.85999	566.7751
76.86941	566.7664
76.88115	566.7576
76.88158	566.7482
76.89055	566.7389
76.89747	566.7296
76.9018	566.7197
76.90747	566.7104
76.91273	566.7005
76.92061	566.6907
76.92722	566.6809
76.93292	566.671
76.93798	566.6612
76.94247	566.6519
76.9496	566.6425
76.95556	566.6332
76.95795	566.6249
76.96363	566.6166
76.97478	566.6083
76.98294	566.6001
76.98724	566.5923
76.99226	566.5845
76.99786	566.5757
77.00241	566.5669
77.00975	566.5587
77.01569	566.5493
77.02231	566.5389
77.0248	566.5296
77.03307	566.5198
77.04033	566.5099
77.04704	566.4996
77.05205	566.4892
77.05963	566.4809
77.06363	566.4716
77.0709	566.4617
77.07601	566.454
77.08309	566.4456
77.08827	566.4363
77.09529	566.4281
77.10356	566.4198
77.10578	566.411
77.1157	566.4022
77.12001	566.3928
77.12374	566.3841
77.12791	566.3741
77.13589	566.3644
77.14154	566.355
77.14722	566.3452
77.15224	566.3353
77.1577	566.3265
77.16496	566.3173
77.17131	566.3084
77.17538	566.2996
77.18804	566.2913
77.19361	566.2825
77.19749	566.2747
77.2037	566.2665
77.21003	566.2576
77.21655	566.2493
77.21826	566.2405
77.22612	566.2318
77.23359	566.2225
77.2412	566.2131
77.24484	566.2032
77.2491	566.1934
77.25507	566.1836
77.26343	566.1737
77.27101	566.1639
77.27796	566.1545
77.28144	566.1453
77.28756	566.1359
77.29496	566.1271
77.30179	566.1183
77.30724	566.11
77.31417	566.1007
77.31985	566.0913
77.32611	566.0826
77.33014	566.0727
77.33946	566.0618
77.34643	566.0515
77.35146	566.0406
77.35734	566.0292
77.36163	566.0173
77.36626	566.0064
77.37191	565.9955
77.37894	565.9847
77.38575	565.9743
77.38962	565.9645
77.39984	565.9546
77.40773	565.9453
77.41397	565.936
77.41913	565.9266
77.42355	565.9173
77.43409	565.908
77.43867	565.8981
77.44296	565.8888
77.44853	565.879
77.45627	565.8686
77.4632	565.8582
77.4648	565.8479
77.46974	565.8375
77.47825	565.8277
77.4884	565.8178
77.49319	565.808
77.49854	565.7986
77.50511	565.7899
77.51039	565.7805
77.51658	565.7712
77.52423	565.7625
77.52857	565.7531
77.53512	565.7427
77.54362	565.7329
77.55062	565.7225
77.55703	565.7116
77.56162	565.7007
77.56844	565.6904
77.57733	565.6795
77.58088	565.6677
77.58485	565.6583
77.59109	565.6479
77.59828	565.636
77.6067	565.6266
77.61428	565.6163
77.61949	565.606
77.62503	565.5956
77.62994	565.5853
77.63853	565.5754
77.64203	565.5645
77.64792	565.5547
77.65575	565.5438
77.66418	565.5334
77.66501	565.5226
77.67303	565.5112
77.67893	565.5008
77.68284	565.4899
77.69125	565.4796
77.69859	565.4692
77.70482	565.4589
77.71227	565.4495
77.72199	565.4402
77.72766	565.4308
77.7325	565.4226
77.74205	565.4138
77.74561	565.405
77.75298	565.3967
77.75719	565.3879
77.76569	565.3791
77.77126	565.3698
77.7757	565.3605
77.78088	565.3511
77.7888	565.3402
77.79155	565.3304
77.80013	565.3206
77.80664	565.3091
77.81417	565.2983
77.82063	565.2879
77.82648	565.2776
77.83245	565.2661
77.84242	565.2552
77.8474	565.2454
77.85365	565.234
77.86044	565.2227
77.86852	565.2123
77.87304	565.2004
77.8784	565.189
77.88342	565.1776
77.89022	565.1651
77.89818	565.1533
77.90295	565.1413
77.91013	565.1299
77.91609	565.1185
77.92035	565.1066
77.92976	565.0962
77.9387	565.0858
77.94231	565.075
77.94857	565.0652
77.95389	565.0554
77.961	565.0445
77.96734	565.0341
77.97436	565.0237
77.98064	565.0123
77.98897	565.0009
77.99467	564.989
77.99986	564.9771
78.00589	564.9647
78.01276	564.9522
78.01862	564.9403
78.02551	564.9284
78.03221	564.916
78.03853	564.9045
78.04469	564.8932
78.05009	564.8813
78.05711	564.8704
78.06664	564.859
78.0718	564.8481
78.07764	564.8362
78.08649	564.8248
78.0924	564.8139
78.0975	564.8015
78.10307	564.7896
78.10936	564.7781
78.11583	564.7657
78.12197	564.7533
78.12824	564.7408
78.13825	564.5881
78.14303	564.5715
78.14619	564.5533
78.15763	564.5347
78.16333	564.5052
78.1675	564.4995
78.17551	564.4808
78.18137	564.4798
78.18575	564.4611
78.19254	564.4539
78.19794	564.415
78.20536	564.413
78.21452	564.4207
78.22283	564.4078
78.22956	564.4052
78.23589	564.372
78.24033	564.3585
78.2502	564.3585
78.25427	564.3555
78.25964	564.3243
78.26635	564.2897
78.27351	564.2928
78.27905	564.2855
78.28551	564.2523
78.29346	564.2327
78.30016	564.2187
78.30616	564.2094
78.31226	564.2053
78.31882	564.1897
78.32583	564.1742
78.33239	564.1384
78.33873	564.1467
78.34433	564.1322
78.34593	564.1078
78.35088	564.1099
78.36433	564.1036
78.37077	564.0778
78.37647	564.0747
78.38702	564.0597
78.39239	564.0275
78.39368	564.0167
78.40215	563.9954
78.41106	563.9866
78.41738	563.968
78.42232	563.9442
78.42973	563.9493
78.43475	563.9405
78.44218	563.9478
78.44942	563.8996
78.45686	563.8809
78.46147	563.8877
78.46494	563.8587
78.47421	563.8333
78.48132	563.8198
78.49068	563.8094
78.49515	563.7888
78.50712	563.7758
78.51305	563.7618
78.51237	563.7437
78.52658	563.7286
78.52828	563.71
78.53284	563.6934
78.53929	563.6976
78.55453	563.6747
78.55933	563.6318
78.55759	563.6448
78.57182	563.624
78.58256	563.6458
78.58464	563.6297
78.58749	563.5976
78.59682	563.5748
78.60323	563.5541
78.60814	563.5401
78.61525	563.5396
78.62455	563.52
78.6306	563.5002
78.63733	563.4749
78.64269	563.4494
78.63508	563.4443
78.64458	563.4287
78.65504	563.4276
78.6687	563.4183
78.6767	563.3929
78.6849	563.3806
78.68942	563.353
78.69845	563.3743
78.7038	563.3148
78.70853	563.3188
78.71615	563.3033
78.72524	563.3033
78.72859	563.2676
78.73596	563.2562
78.74134	563.2293
78.7495	563.2433
78.75572	563.2045
78.76814	563.194
78.77323	563.1687
78.7789	563.1769
78.78685	563.1474
78.79057	563.137
78.79776	563.1288
78.80291	563.0997
78.80949	563.1024
78.81941	563.0702
78.8258	563.0635
78.83139	563.0262
78.8379	563.0391
78.84451	563.0045
78.84925	562.9822
78.86031	562.9568
78.86662	562.9547
78.87271	562.9438
78.87708	562.9132
78.88626	562.9034
78.89204	562.8822
78.89834	562.8537
78.90367	562.8412
78.9101	562.8464
78.91943	562.8097
78.92893	562.8024
78.93456	562.7993
78.93896	562.7806
78.94485	562.7651
78.95151	562.7558
78.95988	562.7221
78.96744	562.7009
78.97194	562.6672
78.97762	562.6661
78.98494	562.6413
78.9939	562.6185
79.00112	562.5999
79.00911	562.5864
79.01579	562.5745
79.02289	562.5688
79.02852	562.546
79.03525	562.5424
79.04196	562.5231
79.0518	562.4812
79.05547	562.4771
79.06075	562.4631
79.06824	562.4734
79.07398	562.4356
79.08011	562.4082
79.09077	562.3922
79.09697	562.3506
79.1021	562.346
79.11004	562.3264
79.11453	562.317
79.1226	562.2969
79.12921	562.1694
79.13651	562.0455
79.14259	562.0638
79.148	562.0927
79.15643	562.0834
79.16476	562.0731
79.17029	562.0787
79.17834	562.072
79.18423	562.0455
79.1925	562.0523
79.19736	562.0471
79.20399	562.0374
79.21037	562.0347
79.21665	562.0233
79.22187	561.9969
79.23016	561.9927
79.24078	561.9617
79.24839	561.9559
79.25142	561.9384
79.25806	561.9435
79.26086	561.8891
79.27236	561.8902
79.28095	561.8649
79.28714	561.8601
79.29498	561.8466
79.29873	561.8135
79.30773	561.7949
79.31784	561.7825
79.31962	561.7591
79.3264	561.7311
79.33569	561.7114
79.33968	561.6912
79.34476	561.6649
79.35605	561.6436
79.36256	561.6519
79.36651	561.5913
79.37578	561.5876
79.38557	561.5695
79.39273	561.569
79.39882	561.5229
79.40882	561.5286
79.4128	561.4903
79.41853	561.4903
79.42521	561.4722
79.43119	561.4349
79.43757	561.4001
79.44441	561.3851
79.45126	561.3644
79.46097	561.3411
79.46855	561.3229
79.47618	561.2903
79.4833	561.2634
79.48782	561.2603
79.49295	561.2365
79.50247	561.2271
79.50885	561.1944
79.51495	561.166
79.52323	561.137
79.5322	561.126
79.53953	561.1017
79.54459	561.0748
79.54975	561.0614
79.55347	561.0354
79.5613	561.0101
79.57249	560.9915
79.58046	560.9604
79.58596	560.9489
79.59235	560.9075
79.60239	560.8956
79.60887	560.8702
79.61462	560.8484
79.61726	560.8195
79.62643	560.8091
79.63511	560.7873
79.64503	560.7697
79.65071	560.7474
79.65862	560.7303
79.66494	560.7064
79.66928	560.6666
79.67801	560.6599
79.68487	560.621
79.6917	560.6163
79.69978	560.562
79.70669	560.5464
79.71136	560.5433
79.71741	560.5179
79.72709	560.4718
79.73329	560.4687
79.74422	560.4081
79.74601	560.4081
79.75746	560.3848
79.76634	560.3817
79.77028	560.3574
79.77078	560.334
79.77401	560.3055
79.77931	560.2802
79.79453	560.2522
79.79435	560.2278
79.80161	560.2004
79.80023	560.1796
79.83015	560.1547
79.83005	560.119
79.8357	560.1174
79.84882	560.0641
79.86324	560.0305
79.86443	560.018
79.86868	560.0129
79.86803	559.958
79.8763	559.9449
79.8871	559.9108
79.89691	559.8917
79.89467	559.8679
79.91141	559.8315
79.92296	559.8046
79.9312	559.7937
79.93294	559.7538
79.93399	559.7258
79.94775	559.6948
79.95412	559.6466
79.96287	559.6508
79.96754	559.6124
79.97827	559.5798
79.98093	559.5668
79.99025	559.5151
79.99681	559.5186
80.00497	559.4917
80.01435	559.4596
80.01987	559.4161
80.02448	559.4259
80.03422	559.3627
80.0405	559.3228
80.04646	559.3088
80.05138	559.2824
80.06293	559.2513
80.07201	559.2192
80.08569	559.1871
80.08846	559.155
80.09123	559.1285
80.0975	559.0939
80.10817	559.0665
80.11331	559.0545
80.11887	559.0131
80.12581	558.9773
80.13023	558.9597
80.13686	558.9199
80.14615	558.8773
80.15389	558.8504
80.16383	558.8467
80.17169	558.7975
80.1785	558.7576
80.18416	558.7427
80.1919	558.6981
80.20021	558.6743
80.20568	558.6344
80.21317	558.5935
80.22099	558.5722
80.22784	558.5458
80.2364	558.5065
80.24323	558.481
80.24985	558.4401
80.25535	558.3868
80.26263	558.3795
80.27368	558.3163
80.27866	558.292
80.2848	558.2438
80.29163	558.2427
80.29716	558.1837
80.30453	558.1428
80.31307	558.1143
80.31682	558.0692
80.32419	558.0599
80.33313	557.9874
80.34232	557.9563
80.34625	557.9241
80.35333	557.8967
80.3627	557.8625
80.36958	557.8185
80.37897	557.7594
80.39	557.749
80.39732	557.6953
80.4036	557.66
80.40768	557.6242
80.41622	557.5704
80.4231	557.5103
80.42861	557.4838
80.43393	557.4274
80.44402	557.4103
80.45127	557.3455
80.46027	557.3118
80.46909	557.272
80.47532	557.2243
80.48381	557.1751
80.49181	557.1425
80.5006	557.101
80.50805	557.0772
80.51541	557.0239
80.52122	556.9653
80.52643	556.9249
80.53462	556.8617
80.54157	556.8239
80.54839	556.7954
80.55728	556.7607
80.56329	556.6902
80.5694	556.6649
80.57743	556.6136
80.58492	556.5815
80.59245	556.5224
80.60082	556.4794
80.60821	556.4234
80.61571	556.3768
80.62115	556.3219
80.62896	556.2748
80.63629	556.2385
80.64433	556.1976
80.6508	556.1458
80.66011	556.0862
80.66586	556.0246
80.67516	555.9702
80.68634	555.9314
80.69083	555.8671
80.69679	555.8086
80.70171	555.7505
80.70678	555.6909
80.7197	555.621
80.72334	555.5687
80.7271	555.5293
80.73919	555.4454
80.74814	555.3895
80.76006	555.3553
80.76653	555.2936
80.77435	555.2185
80.78049	555.1564
80.78653	555.0755
80.79588	555.0222
80.80418	554.9497
80.8091	554.8746
80.81405	554.8082
80.81811	554.7161
80.83198	554.6472
80.84171	554.5549
80.84647	554.4601
80.85661	554.3917
80.86789	554.2964
80.87176	554.2369
80.87934	554.1494
80.88751	554.051
80.89533	553.9691
80.90166	553.8676
80.90706	553.7644
80.91654	553.6841
80.92635	553.5604
80.93456	553.4686
80.94282	553.3588
80.94849	553.2413
80.95782	553.1267
80.96421	553.0087
80.97302	552.8828
80.98228	552.7424
80.98819	552.588
80.99699	552.4476
81.00429	552.2746
81.013	552.057
81.02154	551.8115
81.03387	551.5426
81.03952	551.2219
81.04794	550.807
81.05965	550.3082
81.06775	549.6995
81.07437	548.853
81.08593	547.7932
81.10128	546.3763
81.11784	544.1494
81.26794	6.833272
81.26794	0.1331325
